tree
version=v4
num_class=1
num_tree_per_iteration=1
label_index=0
max_feature_idx=75
objective=regression
feature_names=Yıl Ay Gün Saat Haftanın_Günü Is_lockdown Is_Sahur Is_Ramadan Ramazan_Bayram Kurban_Bayram Yilbasi Secim_Gunu Milli_Bayram ÖzelGün_Adı Yağış-MUGLA_MenteseCenter_OpenMeteo_mm Yağış-MUGLA_MilasIndustrial_OpenMeteo_mm Yağış-MUGLA_YataganIndustrial_OpenMeteo_mm Yağış-MUGLA_SandrasHighAlt_OpenMeteo_mm Yağış-MUGLA_DalamanPlain_OpenMeteo_mm Yağış-MUGLA_BodrumCenter_OpenMeteo_mm Yağış-DNZ_Honaz_OpenMeteo_mm Yağış-DNZ_OSB_OpenMeteo_mm Yağış-DNZ_Merkez_OpenMeteo_mm Yağış-DNZ_IsikliCivril_OpenMeteo_mm Yağış-AYD_Merkez_OpenMeteo_mm Yağış-AYD_OSB_OpenMeteo_mm Yağış-AYD_BuyukMenderes_OpenMeteo_mm Yağış-AYD_BozdoganMadran_OpenMeteo_mm Bulutluluk-MUGLA_MenteseCenter_OpenMeteo_pct Bulutluluk-MUGLA_MilasIndustrial_OpenMeteo_pct Bulutluluk-MUGLA_YataganIndustrial_OpenMeteo_pct Bulutluluk-MUGLA_SandrasHighAlt_OpenMeteo_pct Bulutluluk-MUGLA_DalamanPlain_OpenMeteo_pct Bulutluluk-MUGLA_BodrumCenter_OpenMeteo_pct Bulutluluk-DNZ_Honaz_OpenMeteo_pct Bulutluluk-DNZ_OSB_OpenMeteo_pct Bulutluluk-DNZ_Merkez_OpenMeteo_pct Bulutluluk-DNZ_IsikliCivril_OpenMeteo_pct Bulutluluk-AYD_Merkez_OpenMeteo_pct Bulutluluk-AYD_OSB_OpenMeteo_pct Bulutluluk-AYD_BuyukMenderes_OpenMeteo_pct Bulutluluk-AYD_BozdoganMadran_OpenMeteo_pct MUGLA_MenteseCenter_Dark_Fraction_Pct MUGLA_MilasIndustrial_Dark_Fraction_Pct MUGLA_YataganIndustrial_Dark_Fraction_Pct MUGLA_SandrasHighAlt_Dark_Fraction_Pct MUGLA_DalamanPlain_Dark_Fraction_Pct MUGLA_BodrumCenter_Dark_Fraction_Pct DNZ_Honaz_Dark_Fraction_Pct DNZ_OSB_Dark_Fraction_Pct DNZ_Merkez_Dark_Fraction_Pct DNZ_IsikliCivril_Dark_Fraction_Pct AYD_Merkez_Dark_Fraction_Pct AYD_OSB_Dark_Fraction_Pct AYD_BuyukMenderes_Dark_Fraction_Pct AYD_BozdoganMadran_Dark_Fraction_Pct Rolling_Mean_3h_Lag24h ADM_Dağıtılan_Enerji_(MWh)_Lag24h ADM_Dağıtılan_Enerji_(MWh)_Lag25h ADM_Dağıtılan_Enerji_(MWh)_Lag26h ADM_Dağıtılan_Enerji_(MWh)_Lag27h ADM_Dağıtılan_Enerji_(MWh)_Lag168h ADM_Dağıtılan_Enerji_(MWh)_Lag336h ADM_Dağıtılan_Enerji_(MWh)_Lag504h Is_Semester Is_Summer_Break Hissedilen_Sıcaklık_Mean_MUGLA Hissedilen_Sıcaklık_Mean_DNZ Hissedilen_Sıcaklık_Mean_AYD Temp_Squared_18 Temp_Lag3h Temp_Lag6h Temp_Lag12h Temp_Diff_24h Temp_Diff_3h Mean_Last_3_Days_Same_Hour
feature_infos=[2018:2025] [1:12] [1:31] [0:23] [1:7] [0:1] [0:1] [0:1] [0:1] [0:1] [0:1] [0:1] [0:1] -1:0:3:1:4:2:5:7 [0:16.600000000000001] [0:16] [0:11.699999999999999] [0:14.300000000000001] [0:20.399999999999999] [0:18.699999999999999] [0:13.699999999999999] [0:13.6] [0:13.6] [0:10.1] [0:13.6] [0:14.9] [0:17.399999999999999] [0:14.800000000000001] [0:100] [0:100] [0:100] [0:100] [0:100] [0:100] [0:100] [0:100] [0:100] [0:100] [0:100] [0:100] [0:100] [0:100] [0:1] [0:1] [0:1] [0:1] [0:1] [0:1] [0:1] [0:1] [0:1] [0:1] [0:1] [0:1] [0:1] [0:1] [461.02808743327404:2502.6243333333332] [448.71663143327402:2517.1329999999998] [448.71663143327402:2517.1329999999998] [448.71663143327402:2517.1329999999998] [448.71663143327402:2517.1329999999998] [448.71663143327402:2517.1329999999998] [448.71663143327402:2393.9169999999999] [448.71663143327402:2393.9169999999999] [0:1] [0:1] [-10.766666666666666:38.933333333333337] [-20.25:39.25] [-10.699999999999999:40.100000000000001] [0:827.52111111111105] [-10.766666666666666:38.933333333333337] [-10.766666666666666:38.933333333333337] [-10.766666666666666:38.933333333333337] [-17.733333333333331:10.516666666666666] [-13.5:12.25] [474.71731609994066:2465.2750000000001]
tree_sizes=2913 2932 2962 2940 2930 2952 2955 2931 2938 2941 2933 2930 2952 2964 2957 2949 2935 2963 2942 2946 2947 2953 2935 2946 2935 2937 2950 2954 2958 2920 2934 2933 2955 2913 2930 2916 2933 2911 2901 2900 2916 2915 2868 2915 2900 2913 2888 2911 2883 2890 2882 2906 2853 2893 2885 2902 2840 2852 2871 2858 2866 2845 2855 2856 2855 2843 2861 2825 2835 2831 2864 2842 2872 2846 2862 2882 2860 2819 2859 2859 2868 2857 2859 2841 2860 2854 2863 2823 2849 2829 2866 2876 2844 2830 2840 2831 2854 2833 2823 2856 2848 2824 2830 2850 2845 2866 2828 2831 2817 2830 2870 2843 2828 2819 2834 2844 2842 2836 2845 2824 2845 2860 2827 2862 2850 2834 2866 2876 2857 2892 2821 2844 2869 2862 2869 2818 2837 2897 2802 2824 2815 2841 2854 2894 2891 2847 2881 2831 2882 2866 2860 2886 2840 2837 2799 2817 2880 2856 2831 2849 2877 2843 2829 2843 2857 2814 2886 2824 2880 2863 2824 2851 2847 2826 2905 2854 2865 2772 2873 2804 2874 2835 2821 2866 2854 2865 2884 2861 2867 2813 2867 2833 2874 2851 2813 2893 2780 2894 2850 2858 2859 2847 2874 2790 2911 2868 2803 2812 2883 2825 2860 2884 2822 2868 2801 2848 2840 2866 2840 2858 2886 2911 2840 2867 2851 2855 2768 2850 2780 2867 2882 2903 2847 2848 2848 2850 2831 2784 2910 2811 2896 2900 2844 2853 2852 2826 2843 2864 2837 2801 2892 2804 2884 2841 2801 2825 2861 2837 2807 2819 2782 2785 2773 2810 2788 2819 2868 2872 2808 2769 2875 2800 2781 2759 2810 2864 2801 2836 2848 2872 2829 2840 2839 2821 2846 2795 2854 2850 2854 2841 2838 2788 2792 2802 2797 2801 2783 2812 2742 2860 2841 2841 2864 2735 2834 2828 2822 2801 2825 2795 2746 2793 2869 2789 2733 2827 2776 2809 2850 2894 2860 2775 2826 2814 2835 2865 2834 2833

Tree=0
num_leaves=31
num_cat=1
split_feature=57 61 57 57 57 57 61 57 4 61 57 4 4 75 4 56 57 4 4 13 4 57 57 4 3 75 75 4 57 4
split_gain=3.12165e+09 7.94396e+08 6.45553e+08 1.26121e+08 1.02281e+08 9.33893e+07 8.94027e+07 3.08393e+07 2.63076e+07 2.10757e+07 2.05074e+07 1.95912e+07 1.93057e+07 1.75569e+07 1.79272e+07 1.68054e+07 1.26923e+07 1.23893e+07 1.19697e+07 1.19325e+07 9.69016e+06 9.13748e+06 8.03929e+06 6.93697e+06 6.3765e+06 6.29514e+06 6.16482e+06 6.05291e+06 7.57274e+06 5.8282e+06
threshold=1263.4405000000002 999.6592288047766 1620.4102215088403 877.88233040001853 1436.2430000000002 1857.1380000000001 1160.1197567166353 1071.7740000000001 1.5000000000000002 796.78552664444157 2076.1365000000005 6.5000000000000009 6.5000000000000009 1136.547439908092 1.5000000000000002 1067.4533342163611 1343.9785000000004 1.5000000000000002 1.5000000000000002 0 6.5000000000000009 1524.5447482922852 1722.4245000000003 1.5000000000000002 8.5000000000000018 1292.2198333333336 699.02942653740513 6.5000000000000009 1152.7950000000003 5.5000000000000009
decision_type=2 2 2 2 2 2 2 2 2 2 2 2 2 2 2 2 2 2 2 9 2 2 2 2 2 2 2 2 2 2
left_child=1 3 4 9 8 17 7 19 24 26 29 16 18 -8 25 -5 -10 -4 -6 23 22 -20 -19 -3 -2 -15 -1 28 -9 -7
right_child=2 6 5 15 12 10 13 27 11 -11 -12 -13 -14 14 -16 -17 -18 20 21 -21 -22 -23 -24 -25 -26 -27 -28 -29 -30 -31
leaf_value=1127.4945283807999 1158.1243859652668 1149.2524507206995 1191.3469767759188 1140.8013677852327 1179.3559571646019 1193.0421708560345 1151.7050046265117 1149.9007168633984 1159.1096510268721 1136.3371954130916 1202.4884869720699 1154.1378109287514 1161.9797404711805 1158.3961907073274 1154.4286410633081 1145.3659198009293 1163.2742333716988 1177.1898982220973 1167.7942893267825 1137.4255706235365 1171.1936880959838 1172.548117759012 1183.1840075966722 1145.4514706413031 1170.6567882421473 1164.9886489429882 1132.6625603160101 1147.3510983794572 1153.4346853151517 1185.8928975126619
leaf_weight=663 117 1651 206 7349 369 870 3757 4066 4235 6146 516 1247 734 1438 5366 2779 3221 1260 2227 386 377 1851 1006 4398 766 484 4451 1199 2417 424
leaf_count=663 117 1651 206 7349 369 870 3757 4066 4235 6146 516 1247 734 1438 5366 2779 3221 1260 2227 386 377 1851 1006 4398 766 484 4451 1199 2417 424
internal_value=1152.12 1145.09 1168.95 1138.01 1163.83 1185.18 1151.11 1148.48 1160.77 1134.36 1194.06 1159.94 1169.49 1154.48 1155.91 1142.05 1160.91 1179.54 1170.73 1145.92 1178.62 1169.95 1179.85 1146.5 1169 1160.06 1131.99 1150.61 1151.22 1190.7
internal_weight=65976 46550 19426 21388 14767 4659 25162 14117 9586 11260 1810 8703 5181 11045 7288 10128 7456 2849 4447 6435 2643 4078 2266 6049 883 1922 5114 7682 6483 1294
internal_count=65976 46550 19426 21388 14767 4659 25162 14117 9586 11260 1810 8703 5181 11045 7288 10128 7456 2849 4447 6435 2643 4078 2266 6049 883 1922 5114 7682 6483 1294
cat_boundaries=0 1
cat_threshold=13
is_linear=0
shrinkage=1


Tree=1
num_leaves=31
num_cat=2
split_feature=57 61 57 57 57 57 61 4 57 57 75 57 4 4 4 61 4 4 4 57 13 57 4 57 57 75 57 13 3 4
split_gain=2.81761e+09 7.07927e+08 5.91511e+08 1.13518e+08 9.55525e+07 8.42838e+07 7.87533e+07 2.36249e+07 2.2936e+07 1.94955e+07 1.92295e+07 1.8508e+07 1.84999e+07 1.77473e+07 1.75143e+07 1.59853e+07 1.16797e+07 1.11814e+07 1.10736e+07 1.0954e+07 9.46413e+06 9.29546e+06 8.74537e+06 7.81591e+06 7.25546e+06 7.13719e+06 6.98018e+06 5.70721e+06 5.70639e+06 5.25995e+06
threshold=1260.0750119663151 999.6592288047766 1620.4102215088403 861.47870555939869 1429.2002758893302 1857.1380000000001 1139.6685000000002 1.5000000000000002 1071.7740000000001 966.78131060503767 1112.5842092789819 2076.1365000000005 6.5000000000000009 1.5000000000000002 6.5000000000000009 777.5131719286926 6.5000000000000009 1.5000000000000002 1.5000000000000002 1326.7073570628352 0 1505.9330000000002 6.5000000000000009 1193.9447569286951 1722.4245000000003 1226.6935000000001 1079.5899693733552 1 8.5000000000000018 5.5000000000000009
decision_type=2 2 2 2 2 2 2 2 2 2 2 2 2 2 2 2 2 2 2 2 9 2 2 2 2 2 2 9 2 2
left_child=1 3 4 15 7 17 8 28 20 -5 27 29 18 25 19 -1 26 -4 -6 -9 -3 -20 24 -15 -19 -12 -11 -8 -2 -7
right_child=2 6 5 9 12 11 10 14 -10 16 13 -13 -14 23 -16 -17 -18 22 21 -21 -22 -23 -24 -25 -26 -27 -28 -29 -30 -31
leaf_value=-19.737485532716896 5.4611037641504545 -5.5367134836698968 37.269524998340792 -11.942351904007252 25.528415433383778 38.879959629102686 -0.75190967359088323 6.1875851520008176 -1.7520974396776194 -7.0354922585510087 4.3213524051515835 47.853959200363754 9.1362012918898419 -0.23059928770024041 1.7506421170556548 -15.666464019531251 -10.342731562245717 23.820300736805748 14.300275890351077 10.020168982460659 -13.939541119596235 18.969277926986877 18.12390096649251 3.2012110616069251 29.514704116912299 10.018396969845814 -1.3701786636435771 -8.3819031947401328 17.410927870270456 32.088150916909278
leaf_weight=3926 115 5641 206 5831 393 870 3359 3649 6307 2230 1224 516 771 2903 1250 6250 2417 1260 2025 3812 358 2251 377 3872 1006 998 719 255 761 424
leaf_count=3926 115 5641 206 5831 393 870 3359 3649 6307 2230 1224 516 771 2903 1250 6250 2417 1260 2025 3812 358 2251 377 3872 1006 998 719 255 761 424
internal_value=-0.000111306 -6.73844 15.8445 -13.4147 11.0186 31.41 -1.01173 8.01517 -3.85732 -9.94093 1.76504 39.8473 16.3115 3.00248 7.22807 -17.2371 -7.76606 26.0497 17.4964 8.14574 -6.07063 16.7582 25.1752 1.73072 26.3484 6.88015 -5.65422 -1.31555 15.8422 36.6545
internal_weight=65976 46290 19686 21373 15027 4659 24917 9587 12306 11197 12611 1810 5440 8997 8711 10176 5366 2849 4669 7461 5999 4276 2643 6775 2266 2222 2949 3614 876 1294
internal_count=65976 46290 19686 21373 15027 4659 24917 9587 12306 11197 12611 1810 5440 8997 8711 10176 5366 2849 4669 7461 5999 4276 2643 6775 2266 2222 2949 3614 876 1294
cat_boundaries=0 1 2
cat_threshold=9 1
is_linear=0
shrinkage=0.05


Tree=2
num_leaves=31
num_cat=1
split_feature=57 61 57 57 61 57 57 57 4 61 4 75 4 56 4 57 4 13 4 57 4 57 57 57 61 75 4 57 75 4
split_gain=2.54405e+09 6.81674e+08 4.94036e+08 1.07001e+08 7.92274e+07 7.91959e+07 6.9003e+07 2.64314e+07 2.02341e+07 1.75907e+07 1.61118e+07 1.59635e+07 1.51655e+07 1.5108e+07 1.46631e+07 1.33425e+07 1.15026e+07 1.13133e+07 9.41264e+06 8.87084e+06 8.56342e+06 7.50897e+06 7.17108e+06 5.9921e+06 5.77567e+06 5.74184e+06 5.6187e+06 5.25282e+06 5.10203e+06 5.06484e+06
threshold=1276.7945309707252 1002.8899887414251 1636.1535000000001 877.88233040001853 1162.7510000000004 1443.3545000000001 1890.9615000000001 1100.0090000000002 1.5000000000000002 803.04171630477651 6.5000000000000009 1153.6740188709903 1.5000000000000002 1067.4533342163611 6.5000000000000009 2076.1365000000005 1.5000000000000002 0 1.5000000000000002 1353.5690237622753 6.5000000000000009 1524.5447482922852 1745.8440000000003 661.0208442166371 890.75800000000015 985.35018689907008 6.5000000000000009 1150.1988163573803 1299.7084619930304 6.5000000000000009
decision_type=2 2 2 2 2 2 2 2 2 2 2 2 2 2 2 2 2 9 2 2 2 2 2 2 2 2 2 2 2 2
left_child=1 3 5 9 7 8 16 17 -2 23 18 27 28 24 19 -8 -4 25 -7 -10 22 -20 -18 -1 -5 -3 -9 -6 -13 -15
right_child=2 4 6 13 11 10 15 26 14 -11 -12 12 -14 29 -16 -17 20 -19 21 -21 -22 -23 -24 -25 -26 -27 -28 -29 -30 -31
leaf_value=-23.687217327400489 15.868721478562918 -6.8620826936640604 37.020702119800156 -11.930869722608671 -1.1788680380946974 24.898399830644074 35.618910619763362 -0.039896262778434728 6.8312070113356986 -14.083029685391203 9.1905734946974391 6.1817584597110127 2.5476731381586362 -3.9234582361006924 2.2904922308721645 45.461260318016826 23.53681922259354 -13.149466911913402 14.3729891662251 10.451859757974473 18.100112474658822 18.658553176532926 29.221860312846175 -17.554018947804931 -9.0770825866211062 -3.7551626882810631 -3.9556793036003102 2.4210610793008591 12.073674704892696 -8.0865989081656142
leaf_weight=432 805 2042 211 2890 2895 367 1035 5244 3848 5749 725 1321 5351 1507 1136 516 1238 405 2022 3019 395 2067 1005 5096 4587 5472 1110 1559 509 1418
leaf_count=432 805 2042 211 2890 2895 367 1035 5244 3848 5749 725 1321 5351 1507 1136 516 1238 405 2022 3019 395 2067 1005 5096 4587 5472 1110 1559 509 1418
internal_value=-0.000322635 -6.10376 15.7941 -12.6458 -0.629607 11.1979 30.4071 -3.12602 8.31255 -16.0195 16.1031 2.43282 3.89141 -8.98829 7.5525 38.8933 25.7871 -5.05337 17.2278 8.42299 24.8886 16.5394 26.0841 -18.0333 -10.1801 -4.59338 -0.723957 0.081188 7.82055 -5.94169
internal_weight=65976 47587 18389 21679 25908 13989 4400 14273 8808 11277 5181 11635 7181 10402 8003 1551 2849 7919 4456 6867 2638 4089 2243 5528 7477 7514 6354 4454 1830 2925
internal_count=65976 47587 18389 21679 25908 13989 4400 14273 8808 11277 5181 11635 7181 10402 8003 1551 2849 7919 4456 6867 2638 4089 2243 5528 7477 7514 6354 4454 1830 2925
cat_boundaries=0 1
cat_threshold=13
is_linear=0
shrinkage=0.05


Tree=3
num_leaves=31
num_cat=2
split_feature=57 61 57 57 57 57 61 57 4 4 75 4 57 57 57 61 4 4 4 13 57 75 57 4 57 75 4 13 3 4
split_gain=2.29842e+09 5.61463e+08 4.95836e+08 8.5845e+07 8.41778e+07 6.90093e+07 6.78147e+07 1.93898e+07 1.80403e+07 1.69288e+07 1.61659e+07 1.53007e+07 1.50365e+07 1.44325e+07 1.3207e+07 1.31911e+07 1.29289e+07 9.44568e+06 9.40681e+06 7.61601e+06 6.71579e+06 6.70633e+06 5.94891e+06 5.88248e+06 5.72869e+06 5.72775e+06 5.49546e+06 5.38777e+06 4.89699e+06 4.88471e+06
threshold=1253.4091436135802 989.9788993047772 1620.4102215088403 861.47870555939869 1395.8570000000002 1857.1380000000001 1131.6137817799302 1069.2706408120553 6.5000000000000009 1.5000000000000002 1110.3578304795935 1.5000000000000002 2017.2716675000001 963.41675124551409 1505.9330000000002 755.62100324551409 6.5000000000000009 6.5000000000000009 5.5000000000000009 0 1188.9186587040701 1784.7783333333336 1314.1730000000002 1.5000000000000002 1082.1060000000002 1232.3428440747587 1.5000000000000002 1 8.5000000000000018 6.5000000000000009
decision_type=2 2 2 2 2 2 2 2 2 2 2 2 2 2 2 2 2 2 2 9 2 2 2 2 2 2 2 9 2 2
left_child=1 3 4 15 9 18 7 19 14 28 27 25 -7 -5 23 -1 22 24 21 -3 -13 -4 -11 -6 -15 -12 -16 -8 -2 -9
right_child=2 6 5 13 8 12 10 29 -10 16 11 20 -14 17 26 -17 -18 -19 -20 -21 -22 -23 -24 -25 -26 -27 -28 -29 -30 -31
leaf_value=-18.511310922486782 3.4201085920517258 -5.350482585360532 24.07464456205015 -10.924281250799098 19.249610612505961 32.048631466309537 -0.82770710083876919 -1.1736678166615491 7.5723395612342319 5.1975761591956395 3.9860660929277487 -0.48135819363617272 41.260159812355539 -6.4631648023620345 26.02434659917304 -14.484369187704523 0.92192343047444236 -9.5736755305367822 19.067110307652708 -12.935120528019391 2.6966472127630188 31.844023668443835 8.1374639868541845 12.274581753032141 -0.98274748411204682 9.1367987789050993 17.125964085169233 -7.991306817111834 15.064350317446856 -4.8439771564737875
leaf_weight=2821 104 5843 1674 5494 336 1036 3582 4985 948 3434 1314 2921 774 2099 188 7286 1140 2298 842 354 3858 333 3449 3012 617 916 2251 274 685 1108
leaf_count=2821 104 5843 1674 5494 336 1036 3582 4985 948 3434 1314 2921 774 2099 188 7286 1140 2298 842 354 3858 333 3449 3012 617 916 2251 274 685 1108
internal_value=-0.000406128 -6.20111 14.0452 -12.3184 9.75757 28.3531 -1.18786 -3.84399 13.9659 6.54112 1.34955 2.50911 35.9877 -9.15406 15.0133 -15.6083 5.85387 -7.21437 23.5028 -5.81326 1.32728 25.3637 6.67072 12.9746 -5.21817 6.10179 17.8119 -1.35961 13.5295 -1.84111
internal_weight=65976 45770 20206 20615 15547 4659 25155 12290 6735 8812 12865 9009 1810 10508 5787 10107 8023 5014 2849 6197 6779 2007 6883 3348 2716 2230 2439 3856 789 6093
internal_count=65976 45770 20206 20615 15547 4659 25155 12290 6735 8812 12865 9009 1810 10508 5787 10107 8023 5014 2849 6197 6779 2007 6883 3348 2716 2230 2439 3856 789 6093
cat_boundaries=0 1 2
cat_threshold=13 1
is_linear=0
shrinkage=0.05


Tree=4
num_leaves=31
num_cat=2
split_feature=57 61 57 57 57 61 57 75 4 57 4 4 57 4 62 57 57 57 4 57 57 4 13 57 75 13 75 4 4 4
split_gain=2.07439e+09 5.06733e+08 4.4795e+08 8.17069e+07 7.53688e+07 6.36679e+07 5.64467e+07 1.70996e+07 1.70762e+07 1.57053e+07 1.54044e+07 1.43812e+07 1.31943e+07 1.29344e+07 1.16614e+07 1.15221e+07 1.06511e+07 8.48258e+06 8.24908e+06 7.4733e+06 7.10211e+06 6.39361e+06 6.00715e+06 5.72037e+06 5.69398e+06 5.54319e+06 5.14354e+06 4.88079e+06 4.58587e+06 4.54853e+06
threshold=1253.4091436135802 986.48782571735512 1636.1535000000001 1415.7454266256652 858.0150000000001 1116.4187840797852 1928.1025000000002 1108.1378350016455 1.5000000000000002 1044.0039623573803 6.5000000000000009 1.5000000000000002 953.92375317580115 6.5000000000000009 781.50345750800204 1768.3860000000002 1524.5447482922852 2175.3095000000008 6.5000000000000009 1318.3505482889752 1178.7560000000003 6.5000000000000009 0 1058.6665000000003 1226.6935000000001 1 1437.1460000000004 1.5000000000000002 1.5000000000000002 1.5000000000000002
decision_type=2 2 2 2 2 2 2 2 2 2 2 2 2 2 2 2 2 2 2 2 2 2 9 2 2 9 2 2 2 2
left_child=1 4 3 8 14 9 15 22 26 25 16 24 -6 19 -1 21 29 -8 23 -10 -13 -4 -7 -14 -9 -3 -2 -17 -18 -5
right_child=2 5 6 10 12 7 17 11 13 -11 -12 20 18 -15 -16 27 28 -19 -20 -21 -22 -23 -24 -25 -26 -27 -28 -29 -30 -31
leaf_value=-17.02544639528865 9.6815376629424144 -12.850311400164044 22.405221422264816 19.014713125161723 -10.61210764488137 -1.1187280467547187 34.212930401150906 3.5427262983015915 5.0195827218578035 -2.359844706798786 7.7136606495977134 -0.83429811333711779 -6.6575798037557892 1.1299603229027912 -13.5121039541649 38.985299736471745 25.159722565544978 44.347265151859261 -9.273507223324831 8.1814224573114185 2.3446976310350953 13.734803100523912 -9.7950221329643625 -1.7257878298661962 8.5654719546682809 -5.6698570183428174 17.412841409625429 26.590264780974589 16.838713838607724 12.375481944338254
leaf_weight=3910 471 292 1567 284 5178 4244 1034 1347 3647 6320 871 2832 2145 1242 5965 85 180 258 2353 3833 4628 246 200 810 971 4575 396 1210 2067 2815
leaf_count=3910 471 292 1567 284 5178 4244 1034 1347 3647 6320 871 2832 2145 1242 5965 85 180 258 2353 3833 4628 246 200 810 971 4575 396 1210 2067 2815
internal_value=-0.000591205 -5.89136 13.343 9.41509 -11.7685 -1.18185 27.4531 1.03794 6.52046 -4.00387 13.8797 2.20676 -8.81637 5.85522 -14.9032 23.8017 14.8843 36.2367 -7.06461 6.63981 1.13787 21.2288 -1.53376 -5.30572 5.64673 -6.13871 13.2128 27.4038 17.5053 12.9839
internal_weight=65976 45770 20206 15806 20361 25409 4400 14222 9589 11187 6217 9778 10486 8722 9875 3108 5346 1292 5308 7480 7460 1813 4444 2955 2318 4867 867 1295 2247 3099
internal_count=65976 45770 20206 15806 20361 25409 4400 14222 9589 11187 6217 9778 10486 8722 9875 3108 5346 1292 5308 7480 7460 1813 4444 2955 2318 4867 867 1295 2247 3099
cat_boundaries=0 1 2
cat_threshold=11 50
is_linear=0
shrinkage=0.05


Tree=5
num_leaves=31
num_cat=1
split_feature=57 61 57 57 57 75 57 4 61 57 4 4 4 75 56 13 4 57 57 4 57 4 4 57 57 57 57 4 57 3
split_gain=1.87324e+09 5.31309e+08 3.41364e+08 8.87695e+07 6.63202e+07 5.82035e+07 3.64142e+07 2.25731e+07 1.8814e+07 1.46377e+07 1.46279e+07 1.25942e+07 1.1174e+07 1.11309e+07 1.07021e+07 1.02352e+07 8.71391e+06 8.1176e+06 7.60735e+06 6.99906e+06 6.97595e+06 6.54781e+06 6.0159e+06 5.8431e+06 5.70261e+06 5.64797e+06 5.62664e+06 5.58356e+06 5.06842e+06 4.34576e+06
threshold=1290.4402397147103 1015.3567807755601 1684.5335746687654 901.45400000000006 1474.1720000000003 1117.4225837779936 1970.9925000000001 4.5000000000000009 825.58173095103655 1114.6280000000004 1.5000000000000002 6.5000000000000009 6.5000000000000009 1292.2198333333336 1119.3013333333336 0 5.5000000000000009 1384.5665000000001 1207.2258817799302 1.5000000000000002 760.83974983238306 6.5000000000000009 1.5000000000000002 1003.415302036455 2175.3095000000008 1019.1061220974601 1563.3945000000001 1.5000000000000002 1821.0700000000004 8.5000000000000018
decision_type=2 2 2 2 2 2 2 2 2 2 2 2 2 2 2 9 2 2 2 2 2 2 2 2 2 2 2 2 2 2
left_child=1 3 4 8 10 9 16 13 20 15 29 19 17 -7 21 22 27 -12 -9 -6 -1 23 -3 -5 -8 -24 -21 -4 -29 -2
right_child=2 5 6 14 11 7 24 18 -10 -11 12 -13 -14 -15 -16 -17 -18 -19 -20 26 -22 -23 25 -25 -26 -27 -28 28 -30 -31
leaf_value=-17.105312792121687 4.6380958062882476 -0.98569403016088042 34.751488946073799 -7.8765708359062447 23.150941063918378 3.1791931098758184 33.547743529289001 -1.7117909162612002 -11.195705475722328 0.61459210664560082 6.6635766315352605 8.8898555423692418 2.6464754533715569 9.3302063476923465 -3.5739014020854576 -10.386366612945373 20.312031143786861 10.199814266972316 1.7368266556346974 13.744878336130363 -13.872179591355291 -10.013376136904055 -6.4053154521199378 -4.2558426378117487 42.129900649906133 -3.1054943833812056 17.545586389534531 23.286346297304171 29.051149826529638 15.730647142252691
leaf_weight=2630 101 2179 186 4152 331 6917 775 3574 5633 2531 4251 691 1129 823 1804 530 816 2625 2894 2019 4563 2415 1797 1523 258 4658 1881 952 636 702
leaf_count=2630 101 2179 186 4152 331 6917 775 3574 5633 2531 4251 691 1129 823 1804 530 816 2625 2894 2019 4563 2415 1797 1523 258 4658 1881 952 636 702
internal_value=-0.000784691 -5.03393 14.1021 -10.6147 10.4997 -0.138942 27.7539 2.01138 -13.3597 -2.75132 7.90198 15.1483 7.25662 3.83323 -7.05628 -3.68095 24.5882 8.01358 -0.168764 16.1704 -15.0543 -7.83282 -3.25354 -6.90488 35.6912 -4.02413 15.578 26.5552 25.5952 14.3354
internal_weight=65976 48623 17353 22720 13730 25903 3623 14208 12826 11695 8808 4922 8005 7740 9894 9164 2590 6876 6468 4231 7193 8090 8634 5675 1033 6455 3900 1774 1588 803
internal_count=65976 48623 17353 22720 13730 25903 3623 14208 12826 11695 8808 4922 8005 7740 9894 9164 2590 6876 6468 4231 7193 8090 8634 5675 1033 6455 3900 1774 1588 803
cat_boundaries=0 1
cat_threshold=13
is_linear=0
shrinkage=0.05


Tree=6
num_leaves=31
num_cat=1
split_feature=57 57 61 57 57 57 61 4 75 57 4 57 4 56 75 4 61 4 57 57 57 75 13 57 4 45 8 4 61 62
split_gain=1.69361e+09 4.02975e+08 3.76615e+08 7.08878e+07 5.616e+07 5.31045e+07 5.22667e+07 1.46285e+07 1.42411e+07 1.41343e+07 1.30713e+07 1.15656e+07 1.12235e+07 1.09466e+07 1.04094e+07 9.05786e+06 8.4508e+06 7.37246e+06 6.71754e+06 6.05671e+06 6.03708e+06 5.30054e+06 4.56278e+06 4.48937e+06 4.34044e+06 4.16439e+06 4.1473e+06 3.90578e+06 3.69707e+06 3.46826e+06
threshold=1232.2350000000004 1573.9589587317803 969.75564350800221 1821.0700000000004 1384.5665000000001 841.80818174551416 1096.7456205141852 6.5000000000000009 1085.0086666666668 2017.2716675000001 1.5000000000000002 1025.4330000000002 6.5000000000000009 1010.8886026672852 1415.9757679422271 5.5000000000000009 738.99900000000014 1.5000000000000002 1702.2081225000004 1466.6240000000003 1168.8060002755603 1223.442666666667 0 1305.7515372755602 5.5000000000000009 0.12500000000000003 1.0000000180025095e-35 6.5000000000000009 880.70351061231759 1089.0005000000003
decision_type=2 2 2 2 2 2 2 2 2 2 2 2 2 2 2 2 2 2 2 2 2 2 9 2 2 2 2 2 2 2
left_child=2 4 5 15 7 16 11 14 22 24 21 26 17 28 23 18 -1 -6 -3 -19 -12 -10 -8 -2 -5 -9 -4 -13 -7 -15
right_child=1 3 6 9 12 13 8 25 10 -11 20 27 -14 29 -16 -17 -18 19 -20 -21 -22 -23 -24 -25 -26 -27 -28 -29 -30 -31
leaf_value=-16.633415056729007 4.343374785127053 18.29396740070386 -5.9774696562385206 29.029681665652266 17.66254647300385 -10.78236034166839 -1.6399160641102535 -2.5339067854056405 2.758435756718689 35.49717686576745 -1.2540996792594383 -2.2114800414933344 5.7626864320227531 -6.7097752638584645 12.626501962192258 14.633825719447538 -12.971550489416751 9.5468576490436448 23.661701368696235 13.080703533531119 1.5493175565747346 7.540541954810533 -7.6651833293057878 6.705106900447575 22.914594110649649 3.1053532683679728 -14.844419395222383 -5.3675608821622669 -8.4653276175086685 -0.88507197980212871
leaf_weight=2066 4832 1689 4346 856 505 3652 3855 700 1682 774 3488 4652 861 3167 519 1048 6637 2424 890 2426 4273 884 335 3448 439 615 136 1242 3257 278
leaf_count=2066 4832 1689 4346 856 505 3652 3855 700 1682 774 3488 4652 861 3167 519 1048 6637 2424 890 2426 4273 884 335 3448 439 615 136 1242 3257 278
internal_value=-0.000824207 11.3152 -5.67199 22.7664 7.32102 -10.9619 -1.62224 5.02231 0.314714 30.1516 1.31224 -4.33223 11.0612 -8.54208 5.75742 18.5535 -13.8408 11.9132 20.1463 11.3145 0.289387 4.4059 -2.14386 5.32686 26.9567 0.103466 -6.24652 -2.87654 -9.69008 -6.23974
internal_weight=65976 22026 43950 5696 16330 19057 24893 10114 14517 2069 10327 10376 6216 10354 8799 3627 8703 5355 2579 4850 7761 2566 4190 8280 1295 1315 4482 5894 6909 3445
internal_count=65976 22026 43950 5696 16330 19057 24893 10114 14517 2069 10327 10376 6216 10354 8799 3627 8703 5355 2579 4850 7761 2566 4190 8280 1295 1315 4482 5894 6909 3445
cat_boundaries=0 1
cat_threshold=1
is_linear=0
shrinkage=0.05


Tree=7
num_leaves=31
num_cat=0
split_feature=57 57 75 61 57 57 61 4 61 4 4 57 4 57 57 57 4 57 75 57 4 4 56 57 57 3 57 4 45 4
split_gain=1.52852e+09 3.54129e+08 3.49822e+08 6.82566e+07 5.58415e+07 5.52807e+07 3.5644e+07 1.51237e+07 1.35134e+07 1.31603e+07 1.09056e+07 1.07766e+07 1.01394e+07 9.11827e+06 8.82234e+06 8.81845e+06 8.13206e+06 7.8503e+06 7.66236e+06 7.45858e+06 6.23532e+06 5.86317e+06 5.36194e+06 5.17236e+06 5.15709e+06 4.67121e+06 4.41042e+06 4.09847e+06 3.93727e+06 3.65194e+06
threshold=1238.2425000000001 1596.0265000000002 955.27698546197598 1079.0013751079453 1395.8570000000002 1857.1380000000001 848.2025000000001 6.5000000000000009 1255.5389721079453 6.5000000000000009 6.5000000000000009 2076.1365000000005 1.5000000000000002 793.25250000000017 1074.3153061897654 1142.8155000000004 6.5000000000000009 932.80045380477657 1639.1330000000003 1702.2081225000004 1.5000000000000002 1.5000000000000002 1082.4884979410401 1314.1730000000002 1489.6457764689051 8.5000000000000018 661.0208442166371 6.5000000000000009 0.12500000000000003 1.5000000000000002
decision_type=2 2 2 2 2 2 2 2 2 2 2 2 2 2 2 2 2 2 2 2 2 2 2 2 2 2 2 2 2 2
left_child=2 4 6 7 9 16 13 14 15 12 18 27 25 26 -4 21 19 -8 24 -3 -10 -5 -9 -14 -6 -2 -1 -7 -11 -21
right_child=1 5 3 8 10 11 17 22 20 28 -12 -13 23 -15 -16 -17 -18 -19 -20 29 -22 -23 -24 -25 -26 -27 -28 -29 -30 -31
leaf_value=-19.162331470773239 1.9858136405566567 17.207243184832745 -4.758842334230982 0.64262569447659224 10.098316285795303 28.105009902912755 -9.4012404041651898 -9.4549907154069128 5.5362978847839104 -2.2003210054210105 5.8641884864705549 35.494385120480558 4.0335788739158147 -11.471665276544133 -1.171384419074446 1.0430519392172408 12.341098120756318 -5.8426014379440598 21.106346156739971 30.21439186853307 1.2413146492734086 -2.5202269890324502 -5.5547958067699827 6.6144470658232137 13.288862129175511 12.229759200331774 -14.108853871440889 20.101999558229497 3.2720869537383033 21.420438593461427
leaf_weight=484 130 1585 5024 2054 2854 1107 6079 1754 1472 697 869 516 4441 4518 2601 5537 456 2080 217 131 1984 5112 1771 3449 2277 773 4000 187 622 1195
leaf_count=484 130 1585 5024 2054 2854 1107 6079 1754 1472 697 869 516 4441 4518 2601 5537 456 2080 217 131 1984 5112 1771 3449 2277 773 4000 187 622 1195
internal_value=-0.00085351 10.9429 -5.29333 -1.7779 7.33022 22.3378 -10.8876 -4.78716 0.298541 5.03755 11.0593 29.3848 5.73617 -13.057 -3.53511 -0.455646 18.5496 -8.49403 11.9034 19.5222 3.07066 -1.61365 -7.49549 5.16177 11.5142 10.755 -14.6543 26.9485 0.380299 22.2892
internal_weight=65976 21506 44470 27309 16329 5177 17161 11150 16159 10112 6217 1810 8793 9002 7625 12703 3367 8159 5348 2911 3456 7166 3525 7890 5131 903 4484 1294 1319 1326
internal_count=65976 21506 44470 27309 16329 5177 17161 11150 16159 10112 6217 1810 8793 9002 7625 12703 3367 8159 5348 2911 3456 7166 3525 7890 5131 903 4484 1294 1319 1326
is_linear=0
shrinkage=0.05


Tree=8
num_leaves=31
num_cat=2
split_feature=57 57 61 57 61 57 57 4 57 75 4 57 4 56 4 75 57 62 75 57 75 4 13 13 4 62 4 4 45 4
split_gain=1.38069e+09 3.37994e+08 2.99987e+08 6.55187e+07 4.33518e+07 4.12398e+07 4.0902e+07 1.20871e+07 1.16364e+07 1.14975e+07 1.12519e+07 9.58843e+06 9.02837e+06 8.93954e+06 8.79036e+06 8.22509e+06 7.245e+06 6.67695e+06 5.54656e+06 5.04391e+06 4.76911e+06 4.06831e+06 3.96769e+06 3.67516e+06 3.65299e+06 3.54968e+06 3.41652e+06 3.26934e+06 3.11941e+06 3.08643e+06
threshold=1226.7380000000001 1554.0390723893302 962.88768571663707 1821.0700000000004 1094.4546671079452 1367.9643569930302 835.66262761231758 6.5000000000000009 2017.2716675000001 1075.6993333333337 1.5000000000000002 1022.1445254446601 4.5000000000000009 978.82517073335191 1.5000000000000002 1415.9757679422271 1684.5335746687654 744.78565650505664 1524.0515000000003 1150.1988163573803 1223.442666666667 6.5000000000000009 0 1 5.5000000000000009 1065.6975581123152 6.5000000000000009 6.5000000000000009 0.12500000000000003 6.5000000000000009
decision_type=2 2 2 2 2 2 2 2 2 2 2 2 2 2 2 2 2 2 2 2 2 2 9 9 2 2 2 2 2 2
left_child=2 5 6 14 11 7 17 15 24 22 20 23 18 29 -3 -2 21 -1 -7 -12 -11 -16 -6 -4 -5 -15 -14 -13 -9 -8
right_child=1 3 4 8 9 12 13 28 -10 10 19 27 26 25 16 -17 -18 -19 -20 -21 -22 -23 -24 -25 -26 -27 -28 -29 -30 -31
leaf_value=-15.066514228211819 4.5578126112855379 24.623619607482297 -5.3017210349613286 26.232667284813999 -1.7928261061405941 10.272750685461849 -8.5845023857371494 -2.534537040337538 32.080060537964179 2.3791104737375721 -1.6038775674943424 -2.1063966039727346 8.4205914173860066 -6.6391161070272009 14.860457449551667 11.790538447070642 18.518670926184154 -11.816443753016792 16.128816102239593 1.0219260534949484 6.9246743162266089 8.9752256553946879 -8.7901864624517856 -10.614312510741385 20.622701416363206 -1.6792025519782987 4.6839068614190582 -4.9481514603014709 2.3880222702677512 -11.35512927075618
leaf_weight=2136 8148 297 4261 856 3559 3145 4806 701 774 1815 2878 4646 1981 3852 2077 413 1429 6074 464 5017 846 342 207 370 439 398 885 1294 595 1271
leaf_count=2136 8148 297 4261 856 3559 3145 4806 701 774 1815 2878 4646 1981 3852 2077 413 1429 6074 464 5017 846 342 207 370 439 398 885 1294 595 1271
internal_value=-0.00081085 10.0381 -5.21234 19.9629 -1.62636 6.26186 -10.0279 4.2255 27.2298 0.166271 1.01245 -4.05509 9.36186 -7.93374 16.3356 4.90673 15.6959 -12.662 11.0257 0.06473 3.82426 14.0284 -2.20554 -5.76055 24.3309 -6.17463 7.26673 -2.72546 -0.274566 -9.16398
internal_weight=65976 22546 43430 6214 24893 16332 18537 9857 2069 14322 10556 10571 6475 10327 4145 8561 3848 8210 3609 7895 2661 2419 3766 4631 1295 4250 2866 5940 1296 6077
internal_count=65976 22546 43430 6214 24893 16332 18537 9857 2069 14322 10556 10571 6475 10327 4145 8561 3848 8210 3609 7895 2661 2419 3766 4631 1295 4250 2866 5940 1296 6077
cat_boundaries=0 1 2
cat_threshold=11 1
is_linear=0
shrinkage=0.05


Tree=9
num_leaves=31
num_cat=2
split_feature=57 61 57 57 57 61 57 61 57 4 4 4 75 13 4 56 57 13 57 57 4 75 57 75 4 3 57 4 4 57
split_gain=1.24821e+09 3.26773e+08 2.50584e+08 5.90909e+07 4.60445e+07 3.3549e+07 3.12538e+07 1.44466e+07 1.33512e+07 1.13352e+07 8.7723e+06 7.7108e+06 7.36529e+06 6.97404e+06 6.91744e+06 6.74134e+06 5.78794e+06 5.5034e+06 5.44379e+06 5.4433e+06 5.30396e+06 5.01525e+06 4.78421e+06 3.67927e+06 4.14834e+06 3.57433e+06 3.54625e+06 3.51849e+06 3.49268e+06 3.77792e+06
threshold=1269.7405000000001 1015.3567807755601 1651.2740000000001 912.28400796193557 1443.3545000000001 1173.2041430080001 1928.1025000000002 828.96550000000013 1112.1724736462604 1.5000000000000002 5.5000000000000009 6.5000000000000009 1307.0505000000001 0 1.5000000000000002 1124.1156109465967 2175.3095000000008 1 1768.3860000000002 696.38085754902011 6.5000000000000009 1672.5867764930301 1353.5690237622753 1136.547439908092 3.5000000000000004 8.5000000000000018 1006.2064419446601 6.5000000000000009 1.5000000000000002 1003.415302036455
decision_type=2 2 2 2 2 2 2 2 2 2 2 2 2 9 2 2 2 9 2 2 2 2 2 2 2 2 2 2 2 2
left_child=1 3 4 7 9 8 14 19 13 25 21 22 17 28 -4 20 -8 23 -16 -1 26 -6 -11 -7 -25 -2 -5 -10 -3 -30
right_child=2 5 6 15 10 12 16 -9 27 11 -12 -13 -14 -15 18 -17 -18 -19 -20 -21 -22 -23 -24 24 -26 -27 -28 -29 29 -31
leaf_value=-15.885258669183967 2.760100733962926 -0.94536967815184314 27.596570701414834 -6.1651966337865787 12.304849691704412 0.25661843632684039 26.498518958912598 -8.9620636416250967 0.43036163840561836 4.6508543754335756 8.2868820815345341 1.4251439006342908 7.1126041186107036 -9.5614864420662666 16.018722078387299 -2.6947833610618788 34.869823840237409 -5.0676858981211597 20.574083077612002 -11.762744923126258 -8.1937287884052559 20.340430591397169 7.2546921832163083 3.7647802492271505 1.2104258025271775 12.418973825642697 -3.2821881582232928 -2.8716345482951273 -5.9004501164265282 -2.8243787132297773
leaf_weight=912 110 1772 207 3754 3678 3024 1034 5938 4894 4244 1557 1212 617 408 1432 1634 258 302 1210 6562 2376 205 3019 2916 3494 741 1490 966 1264 4746
leaf_count=912 110 1772 207 3754 3678 3024 1034 5938 4894 4244 1557 1212 617 408 1432 1634 258 302 1210 6562 2376 205 3019 2916 3494 741 1490 966 1264 4746
internal_value=-0.000971121 -4.35975 10.8502 -8.68249 7.80192 -0.344698 21.7198 -10.8031 -1.93611 5.66947 11.4577 5.1171 1.815 -3.23987 18.7946 -5.60905 28.1702 1.47928 18.105 -12.2658 -6.23398 12.7291 5.73319 1.69243 2.37244 11.1705 -5.34604 -0.113961 -2.89244 -3.47133
internal_weight=65976 47069 18907 22666 14766 24403 4141 13412 14050 9326 5440 8475 10353 8190 2849 9254 1292 9736 2642 7474 7620 3883 7263 9434 6410 851 5244 5860 7782 6010
internal_count=65976 47069 18907 22666 14766 24403 4141 13412 14050 9326 5440 8475 10353 8190 2849 9254 1292 9736 2642 7474 7620 3883 7263 9434 6410 851 5244 5860 7782 6010
cat_boundaries=0 1 2
cat_threshold=13 3
is_linear=0
shrinkage=0.05


Tree=10
num_leaves=31
num_cat=0
split_feature=57 61 57 57 57 57 57 4 57 4 57 4 4 75 56 4 75 4 61 4 3 57 57 4 57 4 61 61 3 57
split_gain=1.1275e+09 3.195e+08 2.05157e+08 5.40076e+07 4.04671e+07 3.63105e+07 2.23727e+07 1.39181e+07 1.1404e+07 1.03109e+07 1.00202e+07 9.74551e+06 7.64816e+06 7.32925e+06 7.29098e+06 6.51416e+06 6.30228e+06 6.01977e+06 4.52732e+06 4.43128e+06 4.37569e+06 4.20447e+06 4.07104e+06 4.06723e+06 3.98312e+06 3.88526e+06 3.72154e+06 3.37824e+06 3.37291e+06 3.06068e+06
threshold=1290.4402397147103 1015.3567807755601 1684.5335746687654 894.58898129228521 1481.5155988893302 1145.1954766687652 1970.9925000000001 1.5000000000000002 773.67103090001854 4.5000000000000009 1031.3754054458152 1.5000000000000002 5.5000000000000009 1458.6668839589518 1116.8473333333336 6.5000000000000009 1058.4287134362291 5.5000000000000009 871.26400000000001 6.5000000000000009 7.5000000000000009 983.90350000000012 1207.2258817799302 1.5000000000000002 2175.3095000000008 1.5000000000000002 717.10275140001852 1222.9405000000002 7.5000000000000009 922.07331854101005
decision_type=2 2 2 2 2 2 2 2 2 2 2 2 2 2 2 2 2 2 2 2 2 2 2 2 2 2 2 2 2 2
left_child=1 3 4 8 9 7 17 16 26 13 29 20 25 -2 19 22 -3 23 -10 21 -7 -5 -13 -4 -8 -6 -1 -11 -18 -9
right_child=2 5 6 14 12 11 24 10 18 27 -12 15 -14 -15 -16 -17 28 -19 -20 -21 -22 -23 -24 -25 -26 -27 -28 -29 -30 -31
leaf_value=-15.113418383360989 6.9508232020598228 -2.0721714230934514 27.67255637876449 -6.4295080551279513 18.572466760757681 -1.5428961400164676 25.953822154383506 -8.84159667183423 -10.159709574309703 1.9982978571128722 -1.8981533007444829 0.75492807703681786 8.7572188012898859 12.591613430339343 -2.7270151250847805 -1.9113524942382605 -5.1527942387208547 15.488125730729571 -7.6186670609529532 -7.9741091763787058 7.6207486884360325 -3.658560884363661 2.7999011210396265 19.857818388233259 33.126333145023317 12.676167905522931 -11.706656804848208 5.2179208495657186 2.684595224473 -4.6273652028253691
leaf_weight=1105 4471 1319 186 3871 308 151 775 541 5899 1152 7281 4471 1348 661 1864 1290 146 816 2494 2449 949 2118 5341 1588 258 3007 2920 2783 2298 2116
leaf_count=1105 4471 1319 186 3871 308 151 775 541 5899 1152 7281 4471 1348 661 1864 1290 146 816 2494 2449 949 2118 5341 1588 258 3007 2920 2783 2298 2116
internal_value=-0.00103342 -3.90586 10.9403 -8.23354 8.14756 -0.10997 21.5237 -1.87662 -10.4539 6.20092 -2.85724 1.87371 11.9327 7.67736 -5.5571 1.42892 0.71318 19.0423 -9.40463 -6.18228 6.36283 -5.44957 1.86808 20.6772 27.7452 13.224 -12.6419 4.27535 2.2164 -5.48544
internal_weight=65976 48623 17353 22720 13730 25903 3623 13701 12418 9067 9938 12202 4663 5132 10302 11102 3763 2590 8393 8438 1100 5989 9812 1774 1033 3315 4025 3935 2444 2657
internal_count=65976 48623 17353 22720 13730 25903 3623 13701 12418 9067 9938 12202 4663 5132 10302 11102 3763 2590 8393 8438 1100 5989 9812 1774 1033 3315 4025 3935 2444 2657
is_linear=0
shrinkage=0.05


Tree=11
num_leaves=31
num_cat=0
split_feature=57 57 75 57 61 57 57 4 61 57 4 4 4 57 75 57 57 66 57 57 4 4 56 4 62 4 51 4 4 4
split_gain=1.01849e+09 2.50639e+08 2.21988e+08 4.86278e+07 4.54514e+07 3.02976e+07 2.17325e+07 1.03142e+07 9.34471e+06 8.85949e+06 8.31889e+06 7.59375e+06 7.11127e+06 6.563e+06 5.797e+06 5.7779e+06 5.64299e+06 5.50198e+06 5.48237e+06 5.28947e+06 4.64169e+06 4.50492e+06 3.85551e+06 3.83451e+06 3.32602e+06 2.86645e+06 2.85195e+06 2.67086e+06 2.5753e+06 2.50619e+06
threshold=1226.7380000000001 1554.0390723893302 944.57308797486655 1821.0700000000004 1073.7465445080004 1353.5690237622753 822.33981500800212 6.5000000000000009 1249.4036685286853 2076.1365000000005 6.5000000000000009 4.5000000000000009 6.5000000000000009 1079.5899693733552 1396.3898550292236 932.80045380477657 1702.2081225000004 26.50833333333334 661.0208442166371 1121.9800178534604 1.5000000000000002 1.5000000000000002 1022.6483709383684 6.5000000000000009 803.01671630477665 6.5000000000000009 0.20833333350000002 1.5000000000000002 1.5000000000000002 1.5000000000000002
decision_type=2 2 2 2 2 2 2 2 2 2 2 2 2 2 2 2 2 2 2 2 2 2 2 2 2 2 2 2 2 2
left_child=2 5 6 12 7 10 18 13 19 23 14 17 16 -4 -2 -8 29 -7 -1 21 -10 -6 -9 28 -20 -13 -27 -19 -5 -3
right_child=1 3 4 9 8 11 15 22 20 -11 -12 25 -14 -15 -16 -17 -18 27 24 -21 -22 -23 -24 -25 -26 26 -28 -29 -30 -31
leaf_value=-15.966556339263917 3.7079003778141679 19.183589164503328 -4.0048928465912859 31.567166849772136 0.34419574929997071 8.1653945898762554 -8.0025967210022344 -8.9535052394913617 4.4534035328363943 29.104449817746186 -0.42622938441295188 6.9481571307392329 8.7919736439181921 -0.77037240155849973 9.6398346723766508 -4.7772264430593729 17.829922306817867 16.444568207839719 -11.618221801457667 0.4510739400424803 0.72305727525160135 -2.5341134094907627 -5.3041355165971762 15.521993313004486 -9.4503773618984432 1.4270798590775404 6.9126312274744013 10.764444215239715 22.028529179515171 13.088428272603128
leaf_weight=520 7439 182 5622 75 1995 3075 6969 1022 1493 516 1204 2208 558 2175 436 1734 1106 294 3959 6106 1889 4267 2480 226 3199 573 404 699 1252 2299
leaf_count=520 7439 182 5622 75 1995 3075 6969 1022 1493 516 1204 2208 558 2175 436 1734 1106 294 3959 6106 1889 4267 2480 226 3199 573 404 699 1252 2299
internal_value=-0.00098175 8.62118 -4.47704 17.1678 -1.69519 5.36936 -9.07055 -4.11504 0.0408033 23.4283 3.44453 7.77879 14.0428 -3.10261 4.03632 -7.35997 14.8597 9.21033 -11.0095 -0.596065 2.36984 -1.61712 -6.36914 21.5423 -10.6494 5.95038 3.69541 12.4462 22.5676 13.5356
internal_weight=65976 22546 43430 6214 27049 16332 16381 11299 15750 2069 9079 7253 4145 7797 7875 8703 3587 4068 7678 12368 3382 6262 3502 1553 7158 3185 977 993 1327 2481
internal_count=65976 22546 43430 6214 27049 16332 16381 11299 15750 2069 9079 7253 4145 7797 7875 8703 3587 4068 7678 12368 3382 6262 3502 1553 7158 3185 977 993 1327 2481
is_linear=0
shrinkage=0.05


Tree=12
num_leaves=31
num_cat=2
split_feature=57 61 57 57 61 57 57 61 57 4 13 61 4 75 13 56 4 4 57 4 75 4 57 8 75 57 4 4 57 4
split_gain=9.20128e+08 2.64309e+08 1.64632e+08 4.41375e+07 3.07652e+07 2.92662e+07 2.09927e+07 1.12176e+07 1.05842e+07 8.18851e+06 6.6315e+06 6.51145e+06 6.27203e+06 5.7347e+06 5.6536e+06 5.52548e+06 5.22784e+06 4.32493e+06 4.29661e+06 4.07265e+06 3.90653e+06 3.75787e+06 3.64389e+06 3.35985e+06 3.33703e+06 3.24575e+06 2.93196e+06 2.79301e+06 2.67059e+06 2.65902e+06
threshold=1294.3065000000004 1015.3567807755601 1668.2035000000003 912.28400796193557 1173.2041430080001 1474.1720000000003 1928.1025000000002 819.20850000000007 1106.8703339874303 4.5000000000000009 0 1308.1719237147101 5.5000000000000009 1458.6668839589518 1 1157.5952502031619 1.5000000000000002 6.5000000000000009 2175.3095000000008 6.5000000000000009 699.02942653740513 1.5000000000000002 1025.4330000000002 1.0000000180025095e-35 1690.4408333333336 1191.3041741805052 6.5000000000000009 2.5000000000000004 996.96900000000016 5.5000000000000009
decision_type=2 2 2 2 2 2 2 2 2 2 9 2 2 2 9 2 2 2 2 2 2 2 2 2 2 2 2 2 2 2
left_child=1 3 5 7 8 9 16 20 14 13 11 25 24 -2 27 17 -4 22 29 -18 -1 -13 -5 -9 -7 -6 -10 -3 -29 -8
right_child=2 4 6 15 10 12 18 23 26 -11 -12 21 -14 -15 -16 -17 19 -19 -20 -21 -22 -23 -24 -25 -26 -27 -28 28 -30 -31
leaf_value=-14.236225578056347 6.2816173310962462 -1.3362588047044879 24.492275393582922 -5.1432678433287782 0.3251827057972686 11.306787621386704 24.41555026614148 -7.6158250315100888 0.35224223805530924 3.8178791439674726 -6.1817856901273958 6.1197475747650669 7.6455532915895716 11.434875161428252 -8.5695846321507751 -1.3634682055816327 16.682713056774102 -6.8672960642224572 30.014794448734257 10.941199849726081 -10.286646184490383 2.5746956521767657 -2.1390306045676883 -14.907047785064321 18.363537213492531 2.2948725279081259 -2.4978080655027628 -5.9627563273830786 -2.7543256785423123 18.817406537868834
leaf_weight=697 4223 2962 187 4247 4340 3131 736 6400 5411 3707 244 1215 1355 619 403 1043 2039 2701 258 364 6153 1943 1324 162 177 4037 1083 785 3732 298
leaf_count=697 4223 2962 187 4247 4340 3131 736 6400 5411 3707 244 1215 1355 619 403 1043 2039 2701 258 364 6153 1943 1324 162 177 4037 1083 785 3732 298
internal_value=-0.000932661 -3.49273 9.9842 -7.43692 -0.0654804 7.3244 19.0366 -9.27323 -1.61772 5.58642 1.82899 2.00206 10.5107 6.94041 -2.84917 -4.79294 16.4397 -5.22535 24.2425 15.813 -10.6885 3.93861 -4.42928 -7.79583 11.6844 1.27441 -0.123059 -2.52609 -3.31191 22.8022
internal_weight=65976 48882 17094 22727 26155 13212 3882 13412 14376 8549 11779 11535 4663 4842 7882 9315 2590 8272 1292 2403 6850 3158 5571 6562 3308 8377 6494 7479 4517 1034
internal_count=65976 48882 17094 22727 26155 13212 3882 13412 14376 8549 11779 11535 4663 4842 7882 9315 2590 8272 1292 2403 6850 3158 5571 6562 3308 8377 6494 7479 4517 1034
cat_boundaries=0 1 2
cat_threshold=11 13
is_linear=0
shrinkage=0.05


Tree=13
num_leaves=31
num_cat=1
split_feature=57 57 61 57 57 61 57 57 4 13 4 4 57 4 57 4 66 75 62 57 75 4 3 4 56 56 61 74 4 57
split_gain=8.32027e+08 2.20505e+08 1.68258e+08 4.02162e+07 2.94919e+07 2.69468e+07 2.07605e+07 8.48597e+06 8.1091e+06 7.6097e+06 7.4758e+06 6.73646e+06 6.20184e+06 5.6995e+06 5.58098e+06 5.26786e+06 5.23066e+06 5.08859e+06 4.60915e+06 4.32294e+06 3.79532e+06 3.57878e+06 3.24787e+06 3.06016e+06 2.97111e+06 2.5904e+06 2.53438e+06 2.47977e+06 2.39109e+06 2.34682e+06
threshold=1210.0007707755601 1554.0390723893302 942.31560983238307 1793.1225000000002 1343.9785000000004 1089.3549544446603 829.11400000000015 2017.2716675000001 6.5000000000000009 0 1.5000000000000002 4.5000000000000009 996.96900000000016 5.5000000000000009 1119.4595000000002 1.5000000000000002 26.50833333333334 1188.0005000000003 1054.8867896123152 661.0208442166371 1784.7783333333336 2.5000000000000004 7.5000000000000009 1.5000000000000002 978.82517073335191 1466.5695000000003 750.40205910503767 -0.41666666666666757 6.5000000000000009 1114.6280000000004
decision_type=2 2 2 2 2 2 2 2 2 9 2 2 2 2 2 2 2 2 2 2 2 2 2 2 2 2 2 2 2 2
left_child=2 4 6 13 8 12 19 23 15 10 17 16 21 20 -12 22 -6 -7 24 -1 -3 -4 -2 -5 -8 -13 -21 -10 29 -14
right_child=1 3 5 7 11 9 18 -9 27 -11 14 25 28 -15 -16 -17 -18 -19 -20 26 -22 -23 -24 -25 -26 -27 -28 -29 -30 -31
leaf_value=-14.488392534575755 -0.29652209327094198 13.114478657902787 -3.2339699557109149 27.691089481046831 7.2325086224165336 0.79607998740546659 -7.4153381817854287 24.987869375189455 1.1681748215193437 -7.1089072354550726 -2.1473897330473593 4.2323486229731104 -2.5784454740396416 9.3777051707162382 0.3217431006571565 2.9585391735470088 11.300680000770374 4.9634391357262144 -1.414514436809694 -11.186675725265957 20.472483096604652 -6.0803612641932698 8.3661671060543874 18.039627319895338 -5.4915619351773906 7.1264191731697215 -9.1101344231033785 -3.0967853402360701 -4.2516790273594989 -0.13593621738943959
leaf_weight=507 127 2585 1924 87 3319 2376 5858 774 751 369 3738 2232 4128 1113 5902 7888 1037 1059 423 2067 188 2592 731 1467 3053 1183 5082 624 1501 1291
leaf_count=507 127 2585 1924 87 3319 2376 5858 774 751 369 3738 2232 4128 1113 5902 7888 1037 1059 423 2067 188 2592 731 1467 3053 1183 5082 624 1501 1291
internal_value=-0.000997817 7.39905 -4.26146 15.5135 4.58085 -1.64221 -8.09708 20.7104 2.80208 -0.124555 0.077933 6.89752 -3.42633 12.4002 -0.635686 3.36325 8.20099 2.08086 -6.51416 -10.0269 13.6133 -4.86768 7.08393 18.58 -6.75623 5.23489 -9.71053 -0.767342 -2.48571 -1.99655
internal_weight=65976 24106 41870 6214 17892 24880 16990 2328 10121 13444 13075 7771 11436 3886 9640 8746 4356 3435 9334 7656 2773 4516 858 1554 8911 3415 7149 1375 6920 5419
internal_count=65976 24106 41870 6214 17892 24880 16990 2328 10121 13444 13075 7771 11436 3886 9640 8746 4356 3435 9334 7656 2773 4516 858 1554 8911 3415 7149 1375 6920 5419
cat_boundaries=0 1
cat_threshold=15
is_linear=0
shrinkage=0.05


Tree=14
num_leaves=31
num_cat=1
split_feature=57 75 57 61 57 57 61 4 61 4 4 75 57 57 57 4 57 57 66 4 4 4 56 13 4 4 61 8 57 75
split_gain=7.5171e+08 1.89408e+08 1.58717e+08 3.5634e+07 2.86253e+07 2.13907e+07 2.13685e+07 9.55876e+06 7.61273e+06 7.33591e+06 6.27863e+06 5.51655e+06 5.4643e+06 5.3981e+06 5.36463e+06 4.77149e+06 4.65247e+06 4.43967e+06 4.19692e+06 3.69343e+06 3.51952e+06 3.50566e+06 3.37157e+06 3.20449e+06 2.77033e+06 2.69402e+06 2.66947e+06 2.64084e+06 2.56619e+06 2.45972e+06
threshold=1260.0750119663151 965.99150000000009 1636.1535000000001 1091.8145000000002 1421.5735000000002 1890.9615000000001 854.49650000000008 6.5000000000000009 1262.1790002767102 4.5000000000000009 6.5000000000000009 1437.1460000000004 789.3649182580001 1114.6280000000004 1173.6808537755603 6.5000000000000009 942.85300000000007 2175.3095000000008 27.775000000000006 1.5000000000000002 1.5000000000000002 1.5000000000000002 1067.4533342163611 0 4.5000000000000009 4.5000000000000009 1137.0029094446552 1.0000000180025095e-35 661.0208442166371 1270.2408931021703
decision_type=2 2 2 2 2 2 2 2 2 2 2 2 2 2 2 2 2 2 2 2 2 2 2 9 2 2 2 2 2 2
left_child=1 6 4 7 9 15 12 13 14 11 18 -2 28 -3 23 20 27 25 -6 -20 -4 29 -9 24 -5 -7 -11 -8 -1 -10
right_child=2 3 5 8 10 17 16 22 21 26 -12 -13 -14 -15 -16 -17 -18 -19 19 -21 -22 -23 -24 -25 -26 -27 -28 -29 -30 -31
leaf_value=-13.836088946595485 4.7560339156491223 -2.7722496355879511 20.973477754053349 -0.020199726919994984 8.2642818412420436 22.261483623572357 -6.1316732429580654 -7.052338888540719 2.8363571248096475 -0.29955403196795211 4.4584401517141634 10.287322814768578 -8.0202895512784753 0.33771411040724991 1.3355608167569879 8.8785727520532252 -3.666126475136938 27.264660750987918 17.680091473649188 10.410497335932162 14.218975580626177 1.2882776322992173 -3.9415039805773833 -6.2815695086271148 -2.0763310392619441 17.692144521013073 3.0483027015739648 -10.985266317640033 -9.9963311365812757 7.0099633491766955
leaf_weight=490 4753 6328 211 5563 3736 676 5995 1438 964 724 834 498 5122 1790 4562 395 2154 258 205 1183 2243 2367 2209 249 2322 617 3353 294 3886 557
leaf_count=490 4753 6328 211 5563 3736 676 5995 1438 964 724 834 498 5122 1790 4562 395 2154 258 205 1183 2243 2367 2209 249 2322 617 3353 294 3886 557
internal_value=-0.00100181 -3.48147 8.18303 -0.937102 5.77432 16.5511 -7.50188 -3.04176 0.555984 4.04509 8.48166 5.28062 -9.1288 -2.08651 -0.0368391 13.9788 -5.67167 21.276 9.13649 11.4842 14.7997 2.49181 -5.1681 -0.806557 -0.624903 20.0811 2.45379 -6.35857 -10.4263 4.36476
internal_weight=65976 46290 19686 28349 15286 4400 17941 11765 16584 9328 5958 5251 9498 8118 12696 2849 8443 1551 5124 1388 2454 3888 3647 8134 7885 1293 4077 6289 4376 1521
internal_count=65976 46290 19686 28349 15286 4400 17941 11765 16584 9328 5958 5251 9498 8118 12696 2849 8443 1551 5124 1388 2454 3888 3647 8134 7885 1293 4077 6289 4376 1521
cat_boundaries=0 1
cat_threshold=13
is_linear=0
shrinkage=0.05


Tree=15
num_leaves=31
num_cat=2
split_feature=57 57 61 57 61 57 57 4 57 13 4 57 57 75 4 4 75 62 66 62 4 13 61 75 4 4 45 4 4 74
split_gain=6.79308e+08 1.69534e+08 1.46987e+08 3.30428e+07 2.44703e+07 2.10802e+07 1.73432e+07 7.57977e+06 6.9736e+06 6.47455e+06 6.14456e+06 5.70629e+06 5.48163e+06 5.15049e+06 4.98993e+06 4.78632e+06 4.7363e+06 4.59053e+06 3.25994e+06 3.22986e+06 3.21176e+06 3.1567e+06 3.10681e+06 3.08693e+06 2.66409e+06 2.5966e+06 2.66797e+06 2.58899e+06 2.11273e+06 2.06612e+06
threshold=1223.8824897040702 1554.0390723893302 942.31560983238307 1793.1225000000002 1094.4546671079452 1384.5665000000001 816.14811421471006 4.5000000000000009 2076.1365000000005 0 1.5000000000000002 1022.1445254446601 1119.4595000000002 1396.3898550292236 6.5000000000000009 5.5000000000000009 1170.8606622226637 1054.8867896123152 24.558333333333337 738.89529221663713 5.5000000000000009 1 874.3641710848932 1784.7783333333336 1.5000000000000002 6.5000000000000009 0.12500000000000003 2.5000000000000004 6.5000000000000009 0.54999999999999971
decision_type=2 2 2 2 2 2 2 2 2 9 2 2 2 2 2 2 2 2 2 2 2 9 2 2 2 2 2 2 2 2
left_child=2 5 6 15 11 7 19 13 20 10 16 21 -12 -2 18 23 -6 22 -7 -1 -5 27 -8 -3 -20 -9 -27 -4 -13 -16
right_child=1 3 4 8 9 14 17 25 -10 -11 12 28 -14 -15 29 -17 -18 -19 24 -21 -22 -23 -24 -25 -26 26 -28 -29 -30 -31
leaf_value=-11.079184435585574 3.7725809569930231 11.863428217070592 -2.4808698313693434 18.736668305467273 0.59022851541109977 6.3272493009666775 -7.0200193749639102 2.3278144259185085 23.862469080991524 -6.4378551647348221 -1.9637176768878981 -1.4486650088039921 0.47306523689351521 8.8517610858915514 5.2021144418645715 8.431816540948331 4.3731792283368884 -1.0365963036496495 13.169753811548626 -8.6102128492627994 14.244469149476391 -8.9392248385323736 -5.2283914176156863 18.49931928188877 8.1615390374877617 -2.1943713605774025 2.1421001013858239 -4.7214421534953903 -3.5967822358384982 -0.026768307520283592
leaf_weight=1809 5493 2585 2141 1222 2108 2905 5517 3423 516 361 3504 4842 6761 549 472 1113 1362 444 315 4947 590 324 4310 188 1691 775 654 3241 1499 315
leaf_count=1809 5493 2585 2141 1222 2108 2905 5517 3423 516 361 3504 4842 6761 549 472 1113 1362 444 315 4947 590 324 4310 188 1691 775 654 3241 1499 315
internal_value=-0.000999324 6.97935 -3.6886 14.0236 -1.33404 4.34113 -7.30375 3.05221 18.7343 0.080133 0.255948 -2.98875 -0.358741 4.2341 6.80542 11.2016 2.07506 -6.00955 7.39774 -9.27131 17.274 -4.1359 -6.23423 12.3133 8.94797 1.58046 -0.20973 -3.82302 -1.95648 3.10923
internal_weight=65976 22806 43170 6214 26143 16592 17027 10894 2328 14096 13735 12047 10265 6042 5698 3886 3470 10271 4911 6756 1812 5706 9827 2773 2006 4852 1429 5382 6341 787
internal_count=65976 22806 43170 6214 26143 16592 17027 10894 2328 14096 13735 12047 10265 6042 5698 3886 3470 10271 4911 6756 1812 5706 9827 2773 2006 4852 1429 5382 6341 787
cat_boundaries=0 1 2
cat_threshold=15 9
is_linear=0
shrinkage=0.05


Tree=16
num_leaves=31
num_cat=0
split_feature=57 61 57 57 57 57 57 4 61 57 4 4 4 56 4 75 75 4 4 8 57 57 4 57 3 4 4 61 51 57
split_gain=6.14591e+08 1.75954e+08 1.10757e+08 3.2295e+07 2.14003e+07 1.96819e+07 1.2487e+07 8.00557e+06 7.86642e+06 6.44965e+06 5.81612e+06 5.79531e+06 4.57317e+06 4.26176e+06 4.15e+06 3.93139e+06 3.92768e+06 3.67807e+06 3.66192e+06 2.85968e+06 2.85828e+06 2.83621e+06 2.80925e+06 2.73591e+06 2.7302e+06 2.61627e+06 2.50805e+06 2.50512e+06 2.4998e+06 1.99388e+06
threshold=1294.3065000000004 1024.8272356050352 1684.5335746687654 912.28400796193557 1481.5155988893302 1160.6863738893301 1970.9925000000001 1.5000000000000002 816.09252230477716 1040.5738653254152 1.5000000000000002 4.5000000000000009 6.5000000000000009 1157.5952502031619 6.5000000000000009 1122.0046666666669 1333.6223653666104 5.5000000000000009 6.5000000000000009 1.0000000180025095e-35 1395.8570000000002 1044.0039623573803 1.5000000000000002 760.83974983238306 8.5000000000000018 2.5000000000000004 1.5000000000000002 2003.3115000000003 0.20833333350000002 925.70963391709461
decision_type=2 2 2 2 2 2 2 2 2 2 2 2 2 2 2 2 2 2 2 2 2 2 2 2 2 2 2 2 2 2
left_child=1 3 4 8 10 7 17 15 23 29 24 16 22 18 20 -3 -7 26 21 25 -12 -5 -6 -1 -2 -10 -4 -8 -16 -9
right_child=2 5 6 13 12 11 27 9 19 -11 14 -13 -14 -15 28 -17 -18 -19 -20 -21 -22 -23 -24 -25 -26 -27 -28 -29 -30 -31
leaf_value=-10.091667161242796 1.0289737292875847 -0.57780476064128494 20.837578106439242 -4.0238845075139151 14.02923204591135 2.2891917629140202 18.242789254345738 -6.8036982622597977 -4.8665785543314808 -1.1725559687410358 3.9288567982929568 0.29788202759647858 4.9171411168777341 -0.99726901044043936 -0.67510567539817357 2.6708174406642144 7.385721151219073 11.288217886960975 -5.6966766990086279 -12.711048327917341 6.0671101905981502 -1.2428517728006956 9.0595804623041172 -8.0000086368930763 9.7825911111885944 -6.9404530166699505 14.700896660416795 23.175364102279381 4.0442836165605556 -3.3456288000380527
leaf_weight=2525 102 2246 186 4896 308 5881 546 515 2333 7851 4460 4716 649 1181 633 1591 404 816 2781 174 2406 1128 3706 4105 703 4368 1588 487 504 2187
leaf_count=2525 102 2246 186 4896 308 5881 546 515 2333 7851 4460 4716 649 1181 633 1591 404 816 2781 174 2406 1128 3706 4105 703 4368 1588 487 504 2187
internal_value=-0.00106588 -2.85483 8.15954 -5.9736 6.07233 0.0305765 15.9202 -1.18659 -7.56778 -1.89771 4.6223 1.62271 8.81129 -3.81766 4.21481 0.769226 2.6168 14.0664 -4.19595 -6.38274 4.67815 -3.50313 9.44091 -8.79661 8.67344 -6.21842 15.3443 20.5682 1.41687 -4.00474
internal_weight=65976 48882 17094 23491 13471 25391 3623 14390 13505 10553 8808 11001 4663 9986 8003 3837 6285 2590 8805 6875 6866 6024 4014 6630 805 6701 1774 1033 1137 2702
internal_count=65976 48882 17094 23491 13471 25391 3623 14390 13505 10553 8808 11001 4663 9986 8003 3837 6285 2590 8805 6875 6866 6024 4014 6630 805 6701 1774 1033 1137 2702
is_linear=0
shrinkage=0.05


Tree=17
num_leaves=31
num_cat=1
split_feature=57 57 61 57 61 61 57 57 13 4 4 4 57 57 57 4 75 62 57 45 57 61 4 4 70 73 9 66 70 4
split_gain=5.54972e+08 1.47402e+08 1.12566e+08 3.23617e+07 2.01562e+07 1.63062e+07 1.23334e+07 6.6032e+06 5.91842e+06 5.86849e+06 5.49678e+06 4.93641e+06 4.53119e+06 4.49463e+06 4.42984e+06 4.37548e+06 3.79401e+06 3.6033e+06 3.12393e+06 2.98219e+06 2.91704e+06 2.89024e+06 2.76254e+06 2.5396e+06 2.48464e+06 2.1318e+06 2.04499e+06 2.50658e+06 1.73048e+06 1.71135e+06
threshold=1210.0007707755601 1524.5447482922852 928.74282987135609 1768.3860000000002 1079.0013751079453 1355.9692066687651 816.14811421471006 2017.2716675000001 0 6.5000000000000009 1.5000000000000002 1.5000000000000002 1089.7799638323852 1326.7073570628352 977.00108164625965 4.5000000000000009 1192.9325883938752 1011.9520000000001 1390.2300000000002 0.12500000000000003 661.0208442166371 1811.1870000000001 1.5000000000000002 2.5000000000000004 20.675000000000008 -1.183333333333336 1.0000000180025095e-35 25.558333333333337 20.558333333333341 4.5000000000000009
decision_type=2 2 2 2 2 2 2 2 9 2 2 2 2 2 2 2 2 2 2 2 2 2 2 2 2 2 2 2 2 2
left_child=2 5 6 15 14 9 20 22 10 13 16 26 -12 -2 23 21 -6 24 -13 28 -1 -3 -5 -4 -8 -24 27 -7 -11 -14
right_child=1 3 4 7 8 11 17 -9 -10 19 12 18 29 -15 -16 -17 -18 -19 -20 -21 -22 -23 25 -25 -26 -27 -28 -29 -30 -31
leaf_value=-12.063345624333067 2.198393904995243 10.320987466091685 -2.8681327750214427 22.820075451078871 0.64727355211286919 6.760536353004877 -6.1342711301640982 20.464917616881142 -6.1899884863495833 -3.1929106354296661 -2.3842498258772369 3.6502582228630724 0.63034483877932568 4.6368979064655456 -2.2586594411352232 7.8171149354416833 4.267341578233582 -1.8838063824420246 6.1230107249550052 2.2494833718926333 -8.1183360267929334 15.499443921765078 10.713114988688501 -5.3541487170034143 -3.2292161197048324 15.296149707625013 0.1463909473270178 11.903519790266365 0.75001519446393106 -0.87991806801080075
leaf_weight=507 6264 2105 1790 105 2554 465 7867 774 390 724 2656 2382 4559 2706 7334 1990 1010 609 2754 821 6184 309 310 2411 812 1398 64 483 452 3187
leaf_count=507 6264 2105 1790 105 2554 465 7867 774 390 724 2656 2382 4559 2706 7334 1990 1010 609 2754 821 6184 309 310 2411 812 1398 64 483 452 3187
internal_value=-0.0010126 6.04267 -3.48057 12.1602 -1.44389 3.54382 -6.78062 16.5988 -0.193366 2.38829 -0.0214634 5.60509 -0.602108 2.93402 -3.00024 9.55292 1.67316 -5.6016 4.97619 -0.0630118 -8.41726 10.9838 14.9483 -4.29488 -5.86248 14.4643 8.79686 9.38085 -1.67743 0.00896504
internal_weight=65976 24106 41870 6991 25891 17115 15979 2587 14356 10967 13966 6148 10402 8970 11535 4404 3564 9288 5136 1997 6691 2414 1813 4201 8679 1708 1012 948 1176 7746
internal_count=65976 24106 41870 6991 25891 17115 15979 2587 14356 10967 13966 6148 10402 8970 11535 4404 3564 9288 5136 1997 6691 2414 1813 4201 8679 1708 1012 948 1176 7746
cat_boundaries=0 1
cat_threshold=15
is_linear=0
shrinkage=0.05


Tree=18
num_leaves=31
num_cat=0
split_feature=57 61 57 57 57 57 61 4 62 57 4 4 57 56 4 75 75 75 4 3 61 66 70 4 4 57 61 70 57 57
split_gain=5.01967e+08 1.49263e+08 8.56958e+07 2.74595e+07 1.71796e+07 1.53391e+07 1.03858e+07 6.51827e+06 6.40441e+06 5.24641e+06 5.07434e+06 4.70747e+06 4.05653e+06 3.92704e+06 3.88545e+06 3.41076e+06 3.33982e+06 3.2547e+06 3.1335e+06 2.80769e+06 2.73244e+06 2.46759e+06 2.37407e+06 2.32929e+06 2.28313e+06 2.26931e+06 1.82301e+06 1.70318e+06 1.69419e+06 1.65246e+06
threshold=1305.7515372755602 1027.6872409147752 1684.5335746687654 905.16652390001866 1160.6863738893301 1481.5155988893302 2003.3115000000003 1.5000000000000002 799.86284360794161 1040.5738653254152 4.5000000000000009 4.5000000000000009 1890.9615000000001 1136.0056666666667 5.5000000000000009 1489.2873333333334 1058.4287134362291 1333.6223653666104 6.5000000000000009 7.5000000000000009 717.10275140001852 30.100000000000005 32.441666666666677 2.5000000000000004 6.5000000000000009 1003.415302036455 880.70351061231759 4.0083333333333346 816.14811421471006 936.34850000000017
decision_type=2 2 2 2 2 2 2 2 2 2 2 2 2 2 2 2 2 2 2 2 2 2 2 2 2 2 2 2 2 2
left_child=1 3 5 8 7 11 12 16 20 29 17 15 24 18 21 -2 -3 -6 25 -18 -1 -7 -8 26 -4 -5 -10 -21 -25 -9
right_child=2 4 6 13 10 14 22 9 23 -11 -12 -13 -14 -15 -16 -17 19 -19 -20 27 -22 -23 -24 28 -26 -27 -28 -29 -30 -31
leaf_value=-10.219222266385604 4.9593324304014725 -1.4184112456987901 12.446831994810095 -3.9434555263363857 2.1349158273240953 8.1972861008171432 17.554040288116973 -6.0443752616909059 -6.0489495958836734 -1.0468136131779218 0.33667194671332096 2.9670362343662284 15.688855876482862 -1.2569294815260683 5.6891970967614505 9.5870913004185887 -4.6708043859899044 6.4118489336696829 -5.3257360895478483 5.270615244616959 -7.5847476968135643 11.627238219328351 23.460580691000573 -8.0368465024869025 7.6796046090748185 -1.9184835854655167 -3.4287505178126887 1.6011452760769882 -6.0310011264409722 -2.9804157878325506
leaf_weight=1306 4098 1234 1627 4226 6234 2662 472 562 1371 7771 5005 3492 961 1682 1348 441 160 479 2668 374 3995 653 266 1471 297 2057 1287 2047 3702 2028
leaf_count=1306 4098 1234 1627 4226 6234 2662 472 562 1371 7771 5005 3492 961 1682 1348 441 160 479 2668 374 3995 653 266 1471 297 2057 1287 2047 3702 2028
internal_value=-0.00100888 -2.50098 7.60739 -5.36237 0.125144 5.67157 14.39 -1.04577 -6.89173 -1.69636 1.54168 4.34717 13.036 -3.47358 7.95256 5.40896 0.721129 2.44009 -3.89012 1.74406 -8.2338 8.87293 19.683 -5.98326 11.7109 -3.2805 -4.78025 2.16801 -6.60139 -3.64526
internal_weight=65976 49659 16317 23765 25894 12694 3623 14176 13132 10361 11718 8031 2885 10633 4663 4539 3815 6713 8951 2581 5301 3315 738 7831 1924 6283 2658 2421 5173 2590
internal_count=65976 49659 16317 23765 25894 12694 3623 14176 13132 10361 11718 8031 2885 10633 4663 4539 3815 6713 8951 2581 5301 3315 738 7831 1924 6283 2658 2421 5173 2590
is_linear=0
shrinkage=0.05


Tree=19
num_leaves=31
num_cat=2
split_feature=57 57 61 61 61 61 57 57 4 13 4 57 4 13 57 62 57 75 57 75 45 57 71 4 4 57 4 9 66 4
split_gain=4.53705e+08 1.2741e+08 8.58071e+07 2.56057e+07 1.60517e+07 1.55266e+07 9.37197e+06 6.03293e+06 5.63497e+06 5.01221e+06 4.72414e+06 4.3185e+06 4.30469e+06 3.78322e+06 3.35978e+06 3.0835e+06 3.08025e+06 3.01437e+06 2.97757e+06 2.82533e+06 2.77106e+06 2.32249e+06 2.25315e+06 2.24549e+06 2.2194e+06 2.0531e+06 2.02136e+06 1.93115e+06 2.35685e+06 1.92606e+06
threshold=1196.5435000000002 1533.5072713709903 921.63950000000011 1736.9840000000002 1355.9692066687651 1079.0013751079453 806.32000000000005 1928.1025000000002 6.5000000000000009 0 1.5000000000000002 1326.7073570628352 1.5000000000000002 1 1722.4245000000003 1011.9520000000001 1077.0421816130354 1170.8606622226637 1390.2300000000002 940.72732860503686 0.12500000000000003 661.0208442166371 22.641666666666669 1.5000000000000002 6.5000000000000009 2175.3095000000008 4.5000000000000009 1.0000000180025095e-35 25.558333333333337 6.5000000000000009
decision_type=2 2 2 2 2 2 2 2 2 9 2 2 2 9 2 2 2 2 2 2 2 2 2 2 2 2 2 2 2 2
left_child=2 4 6 14 8 13 21 23 11 10 17 -2 27 19 24 22 -12 -7 -14 -4 -10 -1 -8 -5 -3 -9 -21 28 -6 -16
right_child=1 3 5 7 12 9 15 25 20 -11 16 -13 18 -15 29 -17 -18 -19 -20 26 -22 -23 -24 -25 -26 -27 -28 -29 -30 -31
leaf_value=-11.005666170364771 1.9098597289236228 8.4383997179290429 -4.0094557254688219 17.261497935506167 6.107460992021859 0.43411582297376317 -5.6950209849899665 16.595003753679276 -1.73883366756751 -4.7964814882505609 -2.3781264968101468 4.2368814584349215 3.2654104630241507 -8.4557687712042302 12.54750275876787 -1.6050263828242368 -0.19035515174205034 3.5691979673513203 5.6258438056397857 -1.3606194314561773 1.8754856696495008 -7.4677446893766986 -2.7536283616034534 12.004959950376382 4.7044435474002722 21.668992169450693 -2.8910752560571931 -0.15245764150339014 10.929030839269728 7.6171945626354391
leaf_weight=507 7271 2659 2868 244 500 2273 8229 889 1289 583 2074 2747 2458 282 729 550 7174 1157 2927 3933 901 5453 707 1214 468 257 4779 68 514 272
leaf_count=507 7271 2659 2868 244 500 2273 8229 889 1289 583 2074 2747 2458 282 729 550 7174 1157 2927 3933 901 5453 707 1214 468 257 4779 68 514 272
internal_value=-0.000958429 5.23848 -3.28224 11.1358 3.1126 -1.4792 -6.2149 15.0183 2.04569 -0.303586 -0.0931222 2.54794 5.12666 -2.79346 8.68663 -5.23866 -0.680995 1.49163 4.54842 -2.64598 -0.251847 -7.76871 -5.4623 12.8847 7.87956 17.7329 -2.20016 8.00451 8.55153 11.2078
internal_weight=65976 25407 40569 6732 18675 25123 15446 2604 12208 13261 12678 10018 6467 11862 4128 9486 9248 3430 5385 11580 2190 5960 8936 1458 3127 1146 8712 1082 1014 1001
internal_count=65976 25407 40569 6732 18675 25123 15446 2604 12208 13261 12678 10018 6467 11862 4128 9486 9248 3430 5385 11580 2190 5960 8936 1458 3127 1146 8712 1082 1014 1001
cat_boundaries=0 1 2
cat_threshold=3 15
is_linear=0
shrinkage=0.05


Tree=20
num_leaves=31
num_cat=2
split_feature=57 75 57 61 61 57 61 4 61 57 4 57 69 4 13 57 75 51 4 57 66 57 4 4 71 13 57 4 57 4
split_gain=4.10436e+08 1.13214e+08 7.79482e+07 2.07104e+07 1.35843e+07 1.35002e+07 1.09304e+07 7.42717e+06 4.68155e+06 4.1625e+06 3.97363e+06 3.57226e+06 3.52191e+06 3.4586e+06 3.28554e+06 3.05071e+06 3.04903e+06 2.92601e+06 2.66461e+06 2.58925e+06 2.31481e+06 2.30702e+06 2.07461e+06 2.04947e+06 2.01799e+06 1.98286e+06 1.75033e+06 1.74213e+06 1.71919e+06 1.52494e+06
threshold=1283.4498519286951 975.95646082092696 1651.2740000000001 1116.4187840797852 861.16591174551411 1451.2130000000002 1845.7505000000003 6.5000000000000009 1308.1719237147101 1132.1244176462603 4.5000000000000009 777.54650000000004 189.52111111111117 6.5000000000000009 0 966.78131060503767 1489.2873333333334 0.12500000000000003 6.5000000000000009 1183.6318198180202 29.641666666666669 1793.1225000000002 1.5000000000000002 3.5000000000000004 32.808333333333344 1 1094.8516646123153 1.5000000000000002 626.14902020966554 2.5000000000000004
decision_type=2 2 2 2 2 2 2 2 2 2 2 2 2 2 9 2 2 2 2 2 2 2 2 2 2 9 2 2 2 2
left_child=1 4 5 7 11 10 18 9 14 -3 16 28 24 20 19 25 -2 26 21 23 -7 -4 -10 -5 -8 29 -9 -22 -1 -6
right_child=2 3 6 8 15 13 12 17 22 -11 -12 -13 -14 -15 -16 -17 -18 -19 -20 -21 27 -23 -24 -25 -26 -27 -28 -29 -30 -31
leaf_value=-11.881359229500838 4.0338519532833716 -1.7184737556197203 9.9754853329343618 0.54854760599085728 -3.164570298504167 6.6531777352217532 12.4405556719776 -6.2733980400346336 4.1782279396508448 0.79143186297311718 2.2058370454754725 -5.9605095666341024 18.693474222608835 3.4772480762462723 -6.0133824076057065 -2.0837197430002643 8.9313575908715972 -1.8632605889393652 7.0645270411598959 1.2843539042984999 14.933020761770795 13.51907732700386 1.4658950533147457 -1.1360833803087047 17.286591084798179 -7.7255279079239862 -3.6140591318898041 8.5989665470941219 -7.6234484824156077 -4.7674958715533817
leaf_weight=254 4491 7544 1325 4300 2250 3638 721 1093 1182 2115 3716 6176 605 729 190 1673 342 1322 481 5353 129 703 1747 3112 306 455 1426 685 3556 4357
leaf_count=254 4491 7544 1325 4300 2250 3638 721 1093 1182 2115 3716 6176 605 729 190 1673 342 1322 481 5353 129 703 1747 3112 306 455 1426 685 3556 4357
internal_value=-0.00101095 -2.4047 6.46923 -0.468577 -5.4436 4.65574 12.4821 -1.90844 0.755182 -1.16889 3.43519 -6.70328 15.6672 6.66972 0.347027 -4.00351 4.38042 -3.76821 10.4103 0.446059 7.19248 11.2039 2.56046 -0.158761 13.8845 -4.45832 -4.76795 9.60277 -7.90731 -4.21524
internal_weight=65976 48105 17871 29384 18721 13730 4141 13500 15884 9659 8549 9986 1632 5181 12955 8735 4833 3841 2509 12765 4452 2028 2929 7412 1027 7062 2519 814 3810 6607
internal_count=65976 48105 17871 29384 18721 13730 4141 13500 15884 9659 8549 9986 1632 5181 12955 8735 4833 3841 2509 12765 4452 2028 2929 7412 1027 7062 2519 814 3810 6607
cat_boundaries=0 1 2
cat_threshold=15 3
is_linear=0
shrinkage=0.05


Tree=21
num_leaves=31
num_cat=1
split_feature=57 62 57 61 57 57 75 4 57 4 75 57 4 57 4 75 68 57 4 57 9 4 4 69 3 13 61 70 8 61
split_gain=3.708e+08 8.98178e+07 8.27572e+07 1.96346e+07 1.41544e+07 1.21928e+07 1.09229e+07 8.87422e+06 4.15752e+06 3.95276e+06 3.81376e+06 3.68256e+06 3.24997e+06 3.06548e+06 2.92804e+06 2.76935e+06 2.75304e+06 2.43921e+06 2.26798e+06 2.22215e+06 2.21816e+06 2.09467e+06 2.07245e+06 1.96442e+06 1.95876e+06 1.83815e+06 1.83518e+06 1.72581e+06 1.70612e+06 1.50886e+06
threshold=1250.5615 1008.5268954495851 1596.0265000000002 871.26400000000001 1857.1380000000001 1395.8570000000002 1053.3931671124819 4.5000000000000009 970.25650000000007 4.5000000000000009 1223.442666666667 803.09350000000006 5.5000000000000009 2175.3095000000008 6.5000000000000009 1430.4056331687655 26.762500000000006 1058.6665000000003 5.5000000000000009 1160.6863738893301 1.0000000180025095e-35 1.5000000000000002 1.5000000000000002 60.321111111111144 8.5000000000000018 0 717.10275140001852 21.333333333333339 1.0000000180025095e-35 1094.4546671079452
decision_type=2 2 2 2 2 2 2 2 2 2 2 2 2 2 2 2 2 2 2 2 2 2 2 2 2 9 2 2 2 2
left_child=1 3 5 11 14 9 17 10 25 15 23 26 16 18 20 -2 -7 -3 -6 -9 22 -18 24 -8 -4 -5 -1 -10 -28 -11
right_child=2 6 4 8 13 12 7 19 27 29 -12 -13 -14 -15 -16 -17 21 -19 -20 -21 -22 -23 -24 -25 -26 -27 28 -29 -30 -31
leaf_value=-8.8668439698609642 3.1538031666996762 -2.5838410511066194 2.0739421870027268 -4.0107854308902207 15.027586129833672 5.1478018254002711 0.2387045522668737 -1.9160081513063691 -2.749655415226572 -1.0818880425359969 3.5979820371253433 -5.4141380470533313 3.6227122338292577 19.665137675381448 5.4102255080516137 7.4597569577652836 11.348137258049102 -0.41109407462493536 10.852532006286342 -0.1189459878835496 -1.6881417620749701 6.8822689790841416 9.4913754784487647 1.8122341666907584 16.193914915084839 -8.7123817729134849 -6.5246239747610772 -0.57657759139144116 -12.755620075327107 1.7770501213193157
leaf_weight=1283 4651 5206 28 5230 1088 2677 4990 3597 3902 532 1508 6005 1757 258 456 406 320 1718 464 3297 42 1463 2641 3292 200 224 3952 1193 113 3483
leaf_count=1283 4651 5206 28 5230 1088 2677 4990 3597 3902 532 1508 6005 1757 258 456 406 320 1718 464 3297 42 1463 2641 3292 200 224 3952 1193 113 3483
internal_value=-0.00106452 -2.51474 5.58857 -4.82088 11.0525 3.73843 -0.375255 0.317593 -3.26782 2.56954 1.28527 -6.26396 5.44409 14.6183 9.13565 3.49951 6.16162 -2.04473 13.7794 -1.05658 9.71923 7.68377 9.88622 0.864165 14.4599 -4.22721 -7.21819 -2.24083 -6.69783 1.39823
internal_weight=65976 45510 20466 21902 5177 15289 23608 16684 10549 9072 9790 11353 6217 1810 3367 5057 4460 6924 1552 6894 2911 1783 2869 8282 228 5454 5348 5095 4065 4015
internal_count=65976 45510 20466 21902 5177 15289 23608 16684 10549 9072 9790 11353 6217 1810 3367 5057 4460 6924 1552 6894 2911 1783 2869 8282 228 5454 5348 5095 4065 4015
cat_boundaries=0 1
cat_threshold=11
is_linear=0
shrinkage=0.05


Tree=22
num_leaves=31
num_cat=2
split_feature=57 61 57 57 57 61 61 62 13 4 57 69 4 4 57 66 4 4 3 61 51 4 70 56 57 13 61 4 68 4
split_gain=3.35244e+08 9.96247e+07 5.77536e+07 2.05033e+07 1.244e+07 1.05353e+07 5.65134e+06 5.2864e+06 4.23051e+06 3.62357e+06 3.20654e+06 3.1228e+06 2.96727e+06 2.90541e+06 3.84332e+06 2.55781e+06 2.54321e+06 2.43113e+06 2.1773e+06 2.1547e+06 2.09018e+06 2.00481e+06 1.88924e+06 1.86653e+06 1.85422e+06 1.81527e+06 1.77531e+06 1.73718e+06 1.70545e+06 1.60429e+06
threshold=1305.7515372755602 1039.9866716050353 1722.4245000000003 922.07331854101005 1505.9330000000002 1203.6460000000004 2003.3115000000003 803.01671630477665 0 1.5000000000000002 1124.3665092922852 124.69444444444453 4.5000000000000009 6.5000000000000009 1112.1724736462604 23.325000000000003 6.5000000000000009 6.5000000000000009 8.5000000000000018 725.2505000000001 0.20833333350000002 2.5000000000000004 32.441666666666677 969.6442018323836 1395.8570000000002 1 1783.9415000000001 6.5000000000000009 34.862500000000004 4.5000000000000009
decision_type=2 2 2 2 2 2 2 2 9 2 2 2 2 2 2 2 2 2 2 2 2 2 2 2 2 9 2 2 2 2
left_child=1 3 4 7 9 8 17 19 10 18 29 15 26 14 -5 -7 24 28 -2 -1 -18 -9 -8 -15 -11 -17 -6 -12 -4 -3
right_child=2 5 6 13 12 11 22 21 -10 16 27 -13 -14 23 -16 25 20 -19 -20 -21 -22 -23 -24 -25 -26 -27 -28 -29 -30 -31
leaf_value=-8.31380623563504 -0.086878554784145565 -0.72846140396843329 11.05785772048254 -2.4695493340947365 7.6033967077129034 0.54944439368581488 14.303466632299237 -3.6723192539195071 -6.1219424089259382 3.0108027244112838 0.59493884960711396 3.0786540248520748 5.5050609649721585 -6.6868795873221645 1.0748921503580655 3.8226894673151843 -0.69010219054051147 7.5885827907791299 7.9134203769158633 -6.1169208367636418 3.5956420215757925 -5.2871168785161489 19.6229836328733 -3.3322335073009324 4.6665496452377893 -1.2774882440993547 11.688516622781755 -1.6655989555054995 14.472857920328776 -2.2869513351812625
leaf_weight=1536 97 5493 1504 6171 2125 6095 463 2888 333 3855 6005 2321 1975 481 873 1068 645 394 690 4083 509 5747 261 3006 3012 208 304 990 483 2361
leaf_count=1536 97 5493 1504 6171 2125 6095 463 2888 333 3855 6005 2321 1975 481 873 1068 645 394 690 4083 509 5747 261 3006 3012 208 304 990 483 2361
internal_value=-0.00110771 -2.04416 6.21668 -4.28769 4.77461 0.191352 12.3528 -5.52379 -0.630819 3.68974 -0.503215 1.47924 6.94437 -2.61459 -2.03027 0.975611 3.37207 11.1765 6.92736 -6.71746 1.20023 -4.74704 16.2211 -3.79498 3.73705 3.01126 8.11467 0.275006 11.888 -1.19696
internal_weight=65976 49659 16317 24785 13212 24874 3105 14254 15182 8808 14849 9692 4404 10531 7044 7371 8021 2381 787 5619 1154 8635 724 3487 6867 1276 2429 6995 1987 7854
internal_count=65976 49659 16317 24785 13212 24874 3105 14254 15182 8808 14849 9692 4404 10531 7044 7371 8021 2381 787 5619 1154 8635 724 3487 6867 1276 2429 6995 1987 7854
cat_boundaries=0 1 2
cat_threshold=15 1
is_linear=0
shrinkage=0.05


Tree=23
num_leaves=31
num_cat=2
split_feature=57 57 61 61 75 61 4 57 57 4 75 4 57 57 57 74 57 68 13 13 4 69 9 57 9 66 69 54 57 57
split_gain=3.03746e+08 8.49958e+07 5.73122e+07 1.8499e+07 1.05423e+07 1.05144e+07 8.17534e+06 6.59878e+06 4.27201e+06 4.11397e+06 3.58095e+06 3.08593e+06 2.65371e+06 2.40611e+06 2.34109e+06 2.22376e+06 2.14807e+06 2.08948e+06 2.06003e+06 1.9131e+06 1.85489e+06 1.81572e+06 1.80124e+06 1.6977e+06 1.6572e+06 1.80344e+06 1.59156e+06 1.92247e+06 1.58873e+06 1.49867e+06
threshold=1196.5435000000002 1524.5447482922852 921.63950000000011 1736.9840000000002 1015.7283333333335 1355.9692066687651 4.5000000000000009 829.11400000000015 1928.1025000000002 6.5000000000000009 1223.442666666667 1.5000000000000002 1326.7073570628352 1009.5020000000001 1745.8440000000003 -0.31666666666666626 707.01897240001915 21.162500000000005 0 1 6.5000000000000009 207.3600000000001 1.0000000180025095e-35 1390.2300000000002 1.0000000180025095e-35 27.566666666666674 51.122499999999995 1.0000000180025095e-35 1077.0421816130354 2175.3095000000008
decision_type=2 2 2 2 2 2 2 2 2 2 2 2 2 2 2 2 2 2 9 9 2 2 2 2 2 2 2 2 2 2
left_child=2 5 7 14 13 9 10 16 21 12 18 24 -2 19 20 -11 -1 -9 26 -4 22 -5 -3 -13 25 -7 -6 -28 -8 -10
right_child=1 3 4 8 6 11 28 17 29 15 -12 23 -14 -15 -16 -17 -18 -19 -20 -21 -22 -23 -24 -25 -26 -27 27 -29 -30 -31
leaf_value=-8.0470901306835945 1.5771124315392004 7.0559070428682347 -2.8970288922323011 9.7879048164059661 -0.24367448779696166 5.608778058106382 -2.9336908479945922 -4.3711755770616341 13.617340961913293 1.2020106560922996 3.7450024984229282 2.7115654535203615 3.4112652220496877 -1.1268824504836705 9.3746626955650907 -2.0039493791521461 -5.7688829517709834 -1.839242112853134 -3.4043150751476752 -6.2590620890478421 3.7101706716263396 14.71176499453458 -3.2516081388606581 4.5192789133563069 -0.98340334734365131 10.106877676834017 2.230205875320479 -0.10395045469399591 -1.3029462451760805 17.952434608073553
leaf_weight=1239 7271 2960 5793 1257 5119 654 2119 7011 889 1133 755 2458 2706 1890 831 1035 6274 922 378 467 534 220 43 2754 67 338 1880 1662 5060 257
leaf_count=1239 7271 2960 5793 1257 5119 654 2119 7011 889 1133 755 2458 2706 1890 831 1035 6274 922 378 467 534 220 43 2754 67 338 1880 1662 5060 257
internal_value=-0.00107944 4.28591 -2.68588 8.97966 -1.21231 2.50409 -0.502571 -5.08264 12.2987 1.6456 0.436926 4.16672 2.07458 -2.69041 6.98655 -0.32851 -6.14459 -4.07691 0.160613 -3.16247 6.42547 10.5213 6.90831 3.66675 6.62736 7.1414 0.319761 1.13496 -1.78429 14.5895
internal_weight=65976 25407 40569 6991 25123 18416 16973 15446 2623 12145 9794 6271 9977 8150 4368 2168 7513 7933 9039 6260 3537 1477 3003 5212 1059 992 8661 3542 7179 1146
internal_count=65976 25407 40569 6991 25123 18416 16973 15446 2623 12145 9794 6271 9977 8150 4368 2168 7513 7933 9039 6260 3537 1477 3003 5212 1059 992 8661 3542 7179 1146
cat_boundaries=0 1 2
cat_threshold=1 3
is_linear=0
shrinkage=0.05


Tree=24
num_leaves=31
num_cat=2
split_feature=57 57 62 57 61 61 75 4 4 67 68 75 4 57 66 13 57 4 61 45 13 73 3 69 66 71 71 4 4 9
split_gain=2.74143e+08 7.69763e+07 5.18588e+07 1.28664e+07 1.25316e+07 9.12911e+06 8.20234e+06 7.05655e+06 4.36188e+06 3.35969e+06 3.19954e+06 2.88059e+06 2.77917e+06 2.76235e+06 2.46695e+06 2.07566e+06 2.03034e+06 1.95398e+06 1.86017e+06 1.85417e+06 1.79482e+06 1.76594e+06 1.73305e+06 1.67485e+06 1.61238e+06 1.57229e+06 1.55945e+06 1.92362e+06 1.54461e+06 1.53175e+06
threshold=1196.5435000000002 1573.9589587317803 956.3816043047766 1358.5720000000003 1811.1870000000001 832.21049771663718 1026.2756002620276 4.5000000000000009 4.5000000000000009 17.912500000000005 34.862500000000004 1223.442666666667 1.5000000000000002 1745.8440000000003 25.866666666666671 0 1025.4330000000002 6.5000000000000009 725.2505000000001 0.20833333350000002 1 -1.9916666666666669 8.5000000000000018 303.92111111111126 23.658333333333335 33.191666666666684 24.291666666666671 6.5000000000000009 6.5000000000000009 1.0000000180025095e-35
decision_type=2 2 2 2 2 2 2 2 2 2 2 2 2 2 2 9 2 2 2 2 9 2 2 2 2 2 2 2 2 2
left_child=2 3 5 8 13 18 16 11 14 15 25 20 22 28 -2 23 -4 24 -1 -19 -8 -15 -5 -7 -14 -6 27 -10 29 -3
right_child=1 4 6 12 10 9 7 -9 26 -11 -12 -13 17 21 -16 -17 -18 19 -20 -21 -22 -23 -24 -25 -26 -27 -28 -29 -30 -31
leaf_value=-7.237488231674023 2.1128996180206263 7.2656772041024782 -2.7639055801079215 0.11572315688762401 10.37037770863931 -4.0503374451599861 0.48234929830447798 -1.5815286431832243 0.79522320929544055 -1.3822737569761414 15.843953764484656 3.5667077581725213 3.5678271562440518 3.7567527331596566 5.2290264204102508 -8.3021749697006992 -0.80630789878252895 0.18298137242053092 -5.4045870512835279 4.5129762974547418 -3.1832253496773695 10.122717409720687 8.362550328370137 -1.8061147328556464 5.2450477716549138 14.470549310497965 2.331512985337278 -1.5045647203359078 3.6097151871569793 -3.2785944366455078
leaf_weight=1758 6024 2162 5864 72 1099 6706 7818 6358 3201 1539 518 749 3359 121 710 267 1711 616 6511 413 339 1093 553 949 2499 297 994 1270 371 35
leaf_count=1758 6024 2162 5864 72 1099 6706 7818 6358 3201 1539 518 749 3359 121 710 267 1711 616 6511 413 339 1093 553 949 2499 297 994 1270 371 35
internal_value=-0.00112065 4.07162 -2.55174 2.59216 9.19128 -4.58067 -0.976669 -0.309159 1.58972 -3.51999 12.488 0.599186 4.22006 7.52288 2.44145 -3.93528 -2.32173 3.93034 -5.79426 1.92087 0.326699 9.48822 7.41252 -3.7672 4.28332 11.2427 0.540208 0.141962 6.59379 7.0977
internal_weight=65976 25407 40569 19711 5696 17730 22839 15264 12199 9461 1914 8906 7512 3782 6734 7922 7575 6887 8269 1029 8157 1214 625 7655 5858 1396 5465 4471 2568 2197
internal_count=65976 25407 40569 19711 5696 17730 22839 15264 12199 9461 1914 8906 7512 3782 6734 7922 7575 6887 8269 1029 8157 1214 625 7655 5858 1396 5465 4471 2568 2197
cat_boundaries=0 1 2
cat_threshold=11 1
is_linear=0
shrinkage=0.05


Tree=25
num_leaves=31
num_cat=1
split_feature=57 75 57 62 61 57 57 4 69 57 4 68 73 4 4 57 48 75 57 57 66 75 53 71 13 73 57 66 0 62
split_gain=2.47815e+08 5.81412e+07 5.75299e+07 1.24336e+07 9.70047e+06 8.87362e+06 6.29895e+06 4.51976e+06 3.65279e+06 3.00894e+06 2.88155e+06 2.70535e+06 2.60622e+06 2.47175e+06 2.38927e+06 2.22813e+06 2.15564e+06 2.11536e+06 2.05911e+06 2.04149e+06 1.90883e+06 1.90788e+06 1.56988e+06 1.33774e+06 1.29575e+06 1.27066e+06 1.25362e+06 1.17266e+06 1.17229e+06 1.17111e+06
threshold=1241.1970000000003 944.57308797486655 1596.0265000000002 1098.900065725895 1845.7505000000003 1384.5665000000001 816.14811421471006 6.5000000000000009 69.722499999999997 1066.7200089147202 4.5000000000000009 33.737500000000011 -0.83333333333333115 4.5000000000000009 1.5000000000000002 942.85300000000007 0.20833333350000002 1624.5521094930302 707.01897240001915 1745.8440000000003 22.100000000000005 1423.7755 1.0000000180025095e-35 31.850000000000005 0 -1.9916666666666669 1037.8024960080004 24.691666666666674 2023.5000000000002 1141.662
decision_type=2 2 2 2 2 2 2 2 2 2 2 2 2 2 2 2 2 2 2 2 2 2 2 2 9 2 2 2 2 2
left_child=1 6 5 7 12 10 18 9 20 -3 21 23 -4 17 22 -8 -9 27 -1 -14 24 -2 26 -6 -5 -16 -10 -7 -13 -15
right_child=2 3 4 8 11 13 15 16 14 -11 -12 28 19 29 25 -17 -18 -19 -20 -21 -22 -23 -24 -25 -26 -27 -28 -29 -30 -31
leaf_value=-7.3952251944312684 2.4775520017388026 -2.0348303314255114 5.2556158051730621 -0.50768801528353902 9.1192326335500837 4.1115777675795462 -3.937252065522526 -4.2533726604474698 2.4555977346443516 -0.25979401953846837 0.98437529532769785 11.789922591676104 7.2331788283114946 0.55822251241361465 2.2342777280029558 -1.7197202924574224 -1.740846511004271 9.8607711254769548 -5.1962957710863984 10.12985101452491 1.2533984844748343 6.0798892124214365 0.79387960169877125 12.864877925493332 -3.6837273898157514 0.10158590202259704 6.0091034730904216 5.9527748164603418 16.181595097253489 3.6371880674538946
leaf_weight=1300 4805 5627 927 7690 634 2015 7878 2340 521 4147 4131 235 1580 350 928 1323 1344 229 5880 989 1592 398 537 382 326 2823 474 1515 430 2626
leaf_count=1300 4805 5627 927 7690 634 2015 7878 2340 521 4147 4131 235 1580 350 928 1323 1344 229 5880 989 1592 398 537 382 326 2823 474 1515 430 2626
internal_value=-0.00114801 -2.11308 4.44519 -0.742788 9.02907 2.96838 -4.48452 -1.84425 0.25268 -1.2817 1.97031 12.1503 7.52826 4.3516 1.30876 -3.6184 -3.33675 5.20388 -5.59443 8.34832 -0.32801 2.75311 2.97258 10.5275 -0.642082 0.629215 4.14842 4.90178 14.6297 3.27508
internal_weight=65976 44730 21246 28349 5177 16069 16381 13458 14891 9774 9334 1681 3496 6735 5283 9201 3684 3759 7180 2569 9608 5203 1532 1016 8016 3751 995 3530 665 2976
internal_count=65976 44730 21246 28349 5177 16069 16381 13458 14891 9774 9334 1681 3496 6735 5283 9201 3684 3759 7180 2569 9608 5203 1532 1016 8016 3751 995 3530 665 2976
cat_boundaries=0 1
cat_threshold=1
is_linear=0
shrinkage=0.05


Tree=26
num_leaves=31
num_cat=2
split_feature=57 57 61 61 61 62 58 13 61 4 4 4 68 57 69 62 45 4 9 57 4 13 69 51 62 70 71 57 8 70
split_gain=2.24481e+08 6.49067e+07 4.08704e+07 1.37179e+07 8.44873e+06 7.60755e+06 4.77367e+06 3.85878e+06 3.53775e+06 3.52836e+06 2.9621e+06 2.41535e+06 2.36415e+06 2.31294e+06 2.01398e+06 2.00317e+06 1.96435e+06 1.95018e+06 2.27531e+06 2.30372e+06 1.90235e+06 1.6527e+06 1.61522e+06 1.57918e+06 1.52267e+06 1.48099e+06 1.46285e+06 1.45415e+06 1.39274e+06 1.37325e+06
threshold=1188.9186587040701 1524.5447482922852 918.41304694465759 1736.9840000000002 1355.9692066687651 1116.0010000000002 861.47870555939869 0 2003.3115000000003 6.5000000000000009 1.5000000000000002 1.5000000000000002 25.612500000000008 1049.8118674653251 222.01000000000002 755.49598777993117 0.20833333350000002 6.5000000000000009 1.0000000180025095e-35 1722.4245000000003 2.5000000000000004 1 254.40250000000006 1.0000000180025095e-35 1030.2781962799302 33.69166666666667 28.541666666666671 1092.2150358503302 1.0000000180025095e-35 30.341666666666669
decision_type=2 2 2 2 2 2 2 9 2 2 2 2 2 2 2 2 2 2 2 2 2 9 2 2 2 2 2 2 2 2
left_child=2 4 6 17 9 7 15 13 29 12 22 21 14 20 -2 -1 -11 18 19 -3 -4 23 -7 -6 -8 -10 -19 -12 -17 -5
right_child=1 3 5 8 11 10 24 -9 25 16 27 -13 -14 -15 -16 28 -18 26 -20 -21 -22 -23 -24 -25 -26 -27 -28 -29 -30 -31
leaf_value=-6.3357983739346961 1.0979631963951693 6.012355767911532 -1.2158326745633163 8.2101585909342152 8.1180519711760297 0.99850528265684635 -3.5606061154049322 -6.4320200010163067 12.213903563479855 -1.6269755751803352 -1.6523873347673774 3.1457850568805141 3.5054058432717614 -0.93909298245005124 3.1365662144759536 -4.5772859176821079 1.3479139665945281 2.1398264154644298 -3.3314759439435502 9.1945138975182612 -2.7989574681514338 -0.61487700018015778 6.0892594252210683 4.0559495900544418 -0.2265733444524452 17.390333999718091 6.7213556602485198 -0.10838769034490381 -10.279713576430575 10.953347802872983
leaf_weight=2585 7525 2827 2959 1053 565 2799 6051 435 584 1365 2246 5234 1613 5972 1444 6065 935 505 58 712 5290 100 165 415 363 181 266 4750 109 805
leaf_count=2585 7525 2827 2959 1053 565 2799 6051 435 584 1365 2246 5234 1613 5972 1444 6065 935 505 58 712 5290 100 165 415 363 181 266 4750 109 805
internal_value=-0.00112237 3.59394 -2.3672 7.71878 2.09171 -1.10908 -4.40831 -1.8337 10.5769 1.35733 -0.0428272 3.59001 1.74311 -1.68733 1.42618 -5.16723 -0.417618 6.00245 6.49158 6.65256 -2.23107 5.74285 1.2819 6.33325 -3.37192 13.4387 3.72048 -0.604074 -4.67796 9.39868
internal_weight=65976 26187 39789 6991 19196 24616 15173 14656 2623 12882 9960 6314 10582 14221 8969 8759 2300 4368 3597 3539 8249 1080 2964 980 6414 765 771 6996 6174 1858
internal_count=65976 26187 39789 6991 19196 24616 15173 14656 2623 12882 9960 6314 10582 14221 8969 8759 2300 4368 3597 3539 8249 1080 2964 980 6414 765 771 6996 6174 1858
cat_boundaries=0 1 2
cat_threshold=15 1
is_linear=0
shrinkage=0.05


Tree=27
num_leaves=31
num_cat=2
split_feature=57 62 61 61 57 75 4 57 67 61 4 68 69 4 66 4 13 68 13 8 9 42 72 66 9 68 74 69 56 58
split_gain=2.03596e+08 6.08642e+07 3.47899e+07 1.35005e+07 7.61097e+06 7.52048e+06 5.29263e+06 5.08138e+06 3.18259e+06 2.37137e+06 2.36311e+06 2.32118e+06 2.16576e+06 1.95021e+06 1.91229e+06 1.90995e+06 1.86286e+06 1.77713e+06 1.47881e+06 1.45903e+06 1.38285e+06 1.3772e+06 1.36785e+06 1.35827e+06 1.80888e+06 1.4327e+06 1.2965e+06 1.27169e+06 1.23455e+06 1.23012e+06
threshold=1305.7515372755602 1030.2781962799302 1678.7860000000003 874.3641710848932 1489.6457764689051 1098.6955309456478 4.5000000000000009 1928.1025000000002 19.812500000000004 755.62100324551409 3.5000000000000004 26.462500000000006 254.40250000000006 5.5000000000000009 31.066666666666674 6.5000000000000009 0 33.737500000000011 1 1.0000000180025095e-35 1.0000000180025095e-35 0.20833333350000002 27.400000000000002 24.158333333333342 1.0000000180025095e-35 5.137500000000002 -0.8333333333333276 290.13444444444451 1208.1750585364953 2174.6465000000003
decision_type=2 2 2 2 2 2 2 2 2 2 2 2 2 2 2 2 9 2 9 2 2 2 2 2 2 2 2 2 2 2
left_child=1 3 4 9 13 10 11 14 16 -1 -3 12 18 23 20 17 27 -6 -7 22 -4 -17 -11 25 -25 -2 -15 -5 -8 -9
right_child=2 5 7 8 15 6 28 29 -10 19 -12 -13 -14 26 -16 21 -18 -19 -20 -21 -22 -23 -24 24 -26 -27 -28 -29 -30 -31
leaf_value=-5.8223039096437494 4.0217441987620459 -0.43196021946151036 7.3413523168454766 -2.6627205678056622 5.2373647769237053 1.1804146741578565 -0.8697911854804069 11.02470035784634 -0.28686948510422056 -4.2795688468694228 -2.0732487004720155 4.0199192369992192 4.1029731255077975 2.5884420199044484 10.371502420595952 1.8251809385746816 -6.6047865597213189 8.2057018303990965 -2.6109954732428409 -10.004169624542522 0.22025598002151706 6.1168178331496108 -1.4617672842592615 4.8353584474231202 -1.6657010427603254 2.0389669758286093 0.17843432643671464 -0.88638093778407745 0.46300685718772261 14.920972569044247
leaf_weight=3059 1354 6072 1713 9036 3245 7464 3958 943 1768 8059 3433 853 629 1164 576 618 277 597 258 107 71 268 455 1538 115 2785 1072 1134 3097 258
leaf_count=3059 1354 6072 1713 9036 3245 7464 3958 943 1768 8059 3433 853 629 1164 576 618 277 597 258 107 71 268 455 1538 115 2785 1072 1134 3097 258
internal_value=-0.00111966 -1.59326 4.8444 -3.41089 3.62455 0.0925092 0.745663 9.21406 -2.24873 -4.62629 -1.02476 1.53547 1.2817 2.68727 7.86668 5.21602 -2.58075 5.69861 1.05189 -4.2019 7.05795 3.12333 -4.12898 3.17148 4.38308 2.6876 1.43302 -2.46223 -0.28472 11.8617
internal_weight=65976 49659 16317 23895 12756 25764 16259 3561 12215 11680 9505 9204 8351 8028 2360 4728 10447 3842 7722 8621 1784 886 8514 5792 1653 4139 2236 10170 7055 1201
internal_count=65976 49659 16317 23895 12756 25764 16259 3561 12215 11680 9505 9204 8351 8028 2360 4728 10447 3842 7722 8621 1784 886 8514 5792 1653 4139 2236 10170 7055 1201
cat_boundaries=0 1 2
cat_threshold=15 1
is_linear=0
shrinkage=0.05


Tree=28
num_leaves=31
num_cat=1
split_feature=61 57 57 57 57 57 61 4 4 4 4 73 69 4 57 13 66 57 66 60 51 57 9 8 3 66 4 4 4 4
split_gain=1.84028e+08 4.63674e+07 3.98136e+07 9.12552e+06 7.28833e+06 7.04036e+06 6.57789e+06 4.23425e+06 3.37009e+06 2.87373e+06 2.6821e+06 2.27627e+06 2.26526e+06 2.10529e+06 2.05201e+06 1.91025e+06 2.04804e+06 1.76399e+06 1.71169e+06 1.69069e+06 1.68826e+06 1.65973e+06 1.50829e+06 1.46866e+06 1.51863e+06 1.40272e+06 1.29171e+06 1.13305e+06 1.1172e+06 1.42131e+06
threshold=1219.9515000000004 1596.0265000000002 966.78131060503767 1326.7073570628352 1857.1380000000001 1152.7950000000003 874.3641710848932 6.5000000000000009 2.5000000000000004 6.5000000000000009 1.5000000000000002 -0.34999999999999937 124.69444444444453 6.5000000000000009 725.2505000000001 0 23.325000000000003 2175.3095000000008 22.75833333333334 1363.2640000000004 0.12500000000000003 1459.1675849689052 1.0000000180025095e-35 1.0000000180025095e-35 7.5000000000000009 27.775000000000006 1.5000000000000002 1.5000000000000002 1.5000000000000002 6.5000000000000009
decision_type=2 2 2 2 2 2 2 2 2 2 2 2 2 2 2 9 2 2 2 2 2 2 2 2 2 2 2 2 2 2
left_child=2 3 6 12 11 7 14 -4 23 18 22 -3 15 17 -1 16 -2 26 -7 -11 -9 -12 25 24 -8 -5 -6 -14 -16 -30
right_child=1 4 5 10 13 9 8 20 -10 19 21 -13 27 -15 28 -17 -18 -19 -20 -21 -22 -23 -24 -25 -26 -27 -28 -29 29 -31
leaf_value=-6.0967555599742971 0.57375800843887492 4.7337069330722148 -0.86970079096717956 5.1342778489259739 16.964269538547683 0.62510810069568756 -2.454548960218085 -4.0742436574312668 -3.5032671362338563 -1.6742807034122453 2.6700625829281361 7.4439574937778605 4.3801370799282706 5.7157440359093421 -5.3661670212616848 -4.8523984941569243 2.7492603414954808 15.006612199775141 2.6312770400303558 1.7521731646324961 -1.5581994625676312 4.142736130284721 -1.6664556083895943 -7.5833603295874088 -0.32301401715127992 9.5389643417333225 9.9429625855244517 1.9596611587888337 -3.5434944096848113 -5.168506903219142
leaf_weight=1655 5563 1254 12414 448 69 5466 1476 1618 4348 1885 4495 2027 691 215 1638 133 1343 233 1320 445 1134 3331 55 94 1926 303 1293 1610 5736 1758
leaf_count=1655 5563 1254 12414 448 69 5466 1476 1618 4348 1885 4495 2027 691 215 1638 133 1343 233 1320 445 1134 3331 55 94 1926 303 1293 1610 5736 1758
internal_value=-0.00112457 3.60097 -1.93702 2.40775 7.81324 -0.602988 -3.67569 -1.26306 -2.57395 0.495154 3.57973 6.4081 1.32462 10.3603 -4.47684 0.879412 0.995384 10.9864 1.01534 -1.01987 -3.03747 3.29688 6.32606 -1.41816 -1.24781 6.9114 10.2987 2.68654 -4.18326 -3.9247
internal_weight=65976 23063 42913 17972 5091 24282 18631 15166 7844 9116 8632 3281 9340 1810 10787 7039 6906 1595 6786 2330 2752 7826 806 3496 3402 751 1362 2301 9132 7494
internal_count=65976 23063 42913 17972 5091 24282 18631 15166 7844 9116 8632 3281 9340 1810 10787 7039 6906 1595 6786 2330 2752 7826 806 3496 3402 751 1362 2301 9132 7494
cat_boundaries=0 1
cat_threshold=11
is_linear=0
shrinkage=0.05


Tree=29
num_leaves=31
num_cat=3
split_feature=57 57 62 57 61 58 75 4 66 4 13 4 67 4 13 75 68 4 61 66 66 4 71 57 4 75 13 69 1 4
split_gain=1.66322e+08 4.78044e+07 3.01952e+07 9.352e+06 7.07611e+06 5.37224e+06 5.24481e+06 4.95255e+06 2.80887e+06 2.60158e+06 2.22309e+06 2.20129e+06 2.18122e+06 2.05362e+06 1.99869e+06 1.98506e+06 1.9695e+06 1.94419e+06 1.77858e+06 1.7095e+06 1.64869e+06 1.56327e+06 1.54103e+06 1.5204e+06 1.34641e+06 1.2933e+06 1.29315e+06 1.19013e+06 1.07252e+06 1.06827e+06
threshold=1188.9186587040701 1543.8790000000001 945.80610471663715 1821.0700000000004 1308.1719237147101 861.47870555939869 1026.2756002620276 4.5000000000000009 24.158333333333342 6.5000000000000009 0 4.5000000000000009 18.812500000000004 5.5000000000000009 1 1201.174290835432 3.2375000000000012 1.5000000000000002 744.82950000000017 23.541666666666671 30.100000000000005 1.5000000000000002 26.191666666666674 1025.4330000000002 1.5000000000000002 2152.7256666666667 2 219.04000000000011 8.5000000000000018 2.5000000000000004
decision_type=2 2 2 2 2 2 2 2 2 2 9 2 2 2 9 2 2 2 2 2 2 2 2 2 2 2 9 2 2 2
left_child=2 4 5 11 9 14 23 15 16 19 17 20 24 25 18 26 -6 -10 -1 27 -3 -22 -11 29 -7 -5 -8 -2 -19 -4
right_child=1 3 6 13 8 12 7 -9 10 22 -12 -13 -14 -15 -16 -17 -18 28 -20 -21 21 -23 -24 -25 -26 -27 -28 -29 -30 -31
leaf_value=-5.5314013976071568 0.7870896041058274 5.6792579125111065 -1.4127275663370826 10.034451153662852 4.2405657722384538 -4.7811645406503347 0.35577162635353066 -1.3672112178117544 7.034772863330784 -1.0966527837085813 0.58370748638577852 4.2989494690019638 -0.72403308989318171 7.1295079949299494 -8.410114787153141 2.6300189109214656 1.8517663114259588 4.8312281248133191 -3.8945621995068218 2.9018525401669457 13.502385600163388 7.4491011263946891 2.5849326551581426 -0.56740130375891196 -2.755132721319228 14.485529069339529 -2.877723756522494 2.5296181343330701 2.4116417084325454 -2.7458758972641504
leaf_weight=2240 5952 1670 2443 1282 1052 954 7279 6182 666 1845 395 2010 1196 600 324 962 4799 1194 6405 1559 130 594 336 1748 5839 187 313 1173 743 3904
leaf_count=2240 5952 1670 2443 1282 1052 954 7279 6182 666 1845 395 2010 1196 600 324 962 4799 1194 6405 1559 130 594 336 1748 5839 187 313 1173 743 3904
internal_value=-0.00110512 3.0934 -2.03774 6.82157 1.86927 -3.63595 -0.850656 -0.288973 2.91893 1.01438 4.16341 5.51892 -2.693 9.59433 -4.47586 0.490273 2.28127 4.68637 -4.31369 1.40212 6.54321 8.53602 -0.529476 -1.87313 -3.03967 10.6011 0.21914 1.07396 3.90312 -2.23274
internal_weight=65976 26187 39789 6473 19714 16958 22831 14736 8849 10865 2998 4404 7989 2069 8969 8554 5851 2603 8645 8684 2394 724 2181 8095 6793 1469 7592 7125 1937 6347
internal_count=65976 26187 39789 6473 19714 16958 22831 14736 8849 10865 2998 4404 7989 2069 8969 8554 5851 2603 8645 8684 2394 724 2181 8095 6793 1469 7592 7125 1937 6347
cat_boundaries=0 1 2 3
cat_threshold=1 11 1
is_linear=0
shrinkage=0.05


Tree=30
num_leaves=31
num_cat=3
split_feature=57 62 57 61 57 68 4 61 4 4 13 68 3 69 57 62 3 69 4 13 4 66 3 57 0 71 13 57 71 69
split_gain=1.50874e+08 4.67526e+07 2.47776e+07 1.03301e+07 6.02306e+06 5.19402e+06 3.29991e+06 2.88162e+06 2.80368e+06 2.60359e+06 2.77391e+06 2.53748e+06 2.42323e+06 2.37511e+06 2.03251e+06 1.90518e+06 1.89021e+06 1.80328e+06 1.71051e+06 1.66646e+06 1.6148e+06 1.45708e+06 1.31813e+06 1.29237e+06 1.27954e+06 1.21062e+06 1.17144e+06 1.10773e+06 1.09565e+06 1.08027e+06
threshold=1318.3505482889752 1033.5516538323852 1722.4245000000003 880.70351061231759 1124.3665092922852 24.962500000000006 1.5000000000000002 2055.6525000000006 1.5000000000000002 5.5000000000000009 0 23.162500000000005 7.5000000000000009 124.69444444444453 773.67103090001854 1151.6340000000002 7.5000000000000009 254.40250000000006 6.5000000000000009 1 6.5000000000000009 32.441666666666677 17.500000000000004 1000.2955000000001 2020.5000000000002 21.558333333333337 2 626.14902020966554 32.441666666666677 346.27013888888899
decision_type=2 2 2 2 2 2 2 2 2 2 9 2 2 2 2 2 2 2 2 9 2 2 2 2 2 2 9 2 2 2
left_child=1 3 5 14 6 15 16 18 12 10 13 19 -6 -7 27 -2 -3 -17 21 -5 -10 28 -14 -8 -15 29 -18 -1 -4 -16
right_child=2 4 7 11 8 9 23 -9 20 -11 -12 -13 22 24 25 17 26 -19 -20 -21 -22 -23 -24 -25 -26 -27 -28 -29 -30 -31
leaf_value=-8.0814878960063954 -0.32220367550559709 -4.4861409680823154 6.6284799201991733 -2.0068276144982935 -2.8920719062164428 4.5446305675229377 -2.548059444118314 11.82067635998434 0.7519645258340022 2.6883392661166194 0.40141759676126032 0.10302190484179484 5.4129671744324952 5.8832729644857169 -3.8592124406976489 2.0933705846859283 0.99680938513901762 4.2373389665234082 4.6377267698583164 -5.2228618679902494 -1.0311503717929502 10.425963485829357 2.161546224364399 -0.97801219622797708 9.1887701832273461 -1.470734382112008 -4.1096785200202568 -4.6792351390505944 9.4473027749228038 -1.6707619201914854
leaf_weight=257 629 177 1180 10169 160 2922 1670 490 12214 1739 323 1430 572 758 7174 4318 3149 1269 401 419 1417 547 685 6092 477 669 107 3463 487 612
leaf_count=257 629 177 1180 10169 160 2922 1670 490 12214 1739 323 1430 572 758 7174 4318 3149 1269 401 419 1417 547 685 6092 477 669 107 3463 487 612
internal_value=-0.00112829 -1.32834 4.30641 -2.91383 0.133302 3.30875 -0.74491 8.30187 0.786649 4.33039 4.96778 -1.87392 2.90342 5.30885 -3.94033 2.28663 0.54589 2.58034 7.64251 -2.14092 0.566602 8.18674 3.64111 -1.31581 7.15997 -3.51182 0.819437 -4.91428 7.45198 -3.68719
internal_weight=65976 50436 15540 24193 26243 12435 11195 3105 15048 6219 4480 12018 1417 4157 12175 6216 3433 5587 2615 10588 13631 2214 1257 7762 1235 8455 3256 3720 1667 7786
internal_count=65976 50436 15540 24193 26243 12435 11195 3105 15048 6219 4480 12018 1417 4157 12175 6216 3433 5587 2615 10588 13631 2214 1257 7762 1235 8455 3256 3720 1667 7786
cat_boundaries=0 1 2 3
cat_threshold=1 7 1
is_linear=0
shrinkage=0.05


Tree=31
num_leaves=31
num_cat=3
split_feature=61 57 57 66 57 57 62 68 4 13 4 4 1 73 57 60 4 66 61 73 51 3 13 10 4 13 4 57 4 73
split_gain=1.36449e+08 3.42832e+07 2.97319e+07 6.80914e+06 5.70187e+06 5.4848e+06 4.459e+06 4.08984e+06 3.26564e+06 3.23535e+06 2.5964e+06 2.55804e+06 2.17075e+06 2.12124e+06 1.92193e+06 1.59719e+06 1.55045e+06 1.53456e+06 1.49303e+06 1.45039e+06 1.32357e+06 1.1866e+06 1.32126e+06 1.08353e+06 1.0781e+06 1.07046e+06 1.02444e+06 1.04187e+06 974778 951769
threshold=1219.9515000000004 1596.0265000000002 953.92375317580115 24.425000000000001 1134.9839543573801 1890.9615000000001 848.00701874551407 4.4875000000000016 6.5000000000000009 0 2.5000000000000004 6.5000000000000009 8.5000000000000018 -0.34999999999999937 1276.7945309707252 1363.2640000000004 2.5000000000000004 22.75833333333334 725.2505000000001 -1.9916666666666669 0.12500000000000003 7.5000000000000009 1 1.0000000180025095e-35 1.5000000000000002 2 6.5000000000000009 2175.3095000000008 1.5000000000000002 -1.9916666666666669
decision_type=2 2 2 2 2 2 2 2 2 9 2 2 2 2 2 2 2 2 2 2 2 2 9 2 2 9 2 2 2 2
left_child=2 3 6 7 8 13 18 23 29 12 21 17 16 -3 -9 -13 -5 -6 -1 -7 -10 -8 -23 -2 -15 -20 27 28 -21 -4
right_child=1 5 4 9 11 19 10 14 20 -11 -12 15 -14 24 -16 -17 -18 -19 25 26 -22 22 -24 -25 -26 -27 -28 -29 -30 -31
leaf_value=-5.3967465502370073 3.3479340131619355 4.0726723452460813 0.22690880022131485 6.3917987080096994 0.43897360011082659 4.7093175848818722 -2.3487640636643121 0.40221788733349717 -3.7981967000934347 0.1464247428490941 -3.1758315636613297 -1.6006239626280452 2.4444368958662679 10.313133169752261 1.7490181309362454 1.6278305134906246 4.0208491598829301 2.2476965113464824 -3.6042712651575743 16.895027412370194 -1.519255894462908 -0.18731485699778894 -5.3247177703292285 -5.7681081150517324 6.2641509217490992 -7.3677045857629118 5.7294541753000692 13.358821087240059 9.2049555705218022 -1.0413465239432493
leaf_weight=1652 2664 1345 1726 1143 6517 161 1829 5459 1476 570 5183 2175 1219 179 5146 465 1738 1430 6908 43 1121 1751 125 33 2016 205 144 214 989 10350
leaf_count=1652 2664 1345 1726 1143 6517 161 1829 5459 1476 570 5183 2175 1219 179 5146 465 1738 1430 6908 43 1121 1751 125 33 2016 205 144 214 989 10350
internal_value=-0.00114721 3.10055 -1.66811 2.07453 -0.567891 6.72256 -3.24244 1.49787 -1.20599 3.71708 -2.4533 0.316481 4.20288 5.63625 1.05574 -1.03198 4.96149 0.764439 -4.04265 9.20194 -2.81449 -1.44253 -0.559008 3.23639 6.59434 -3.72816 9.72231 10.1838 9.52538 -0.860077
internal_weight=65976 23063 42913 17972 25260 5091 17653 13302 14673 4670 8888 10587 4100 3540 10605 2640 2881 7947 8765 1551 2597 3705 1876 2697 2195 7113 1390 1246 1032 12076
internal_count=65976 23063 42913 17972 25260 5091 17653 13302 14673 4670 8888 10587 4100 3540 10605 2640 2881 7947 8765 1551 2597 3705 1876 2697 2195 7113 1390 1246 1032 12076
cat_boundaries=0 1 2 3
cat_threshold=1 1 11
is_linear=0
shrinkage=0.05


Tree=32
num_leaves=31
num_cat=2
split_feature=57 75 61 4 57 70 75 70 56 57 13 72 4 13 49 57 9 75 62 4 61 69 52 4 1 68 8 69 4 66
split_gain=1.23459e+08 3.83309e+07 2.07647e+07 8.29745e+06 6.4053e+06 4.12626e+06 3.42067e+06 3.25758e+06 2.98033e+06 2.27664e+06 2.10401e+06 1.88762e+06 1.81694e+06 1.76049e+06 1.75201e+06 1.62122e+06 1.53906e+06 1.49189e+06 1.48836e+06 1.44954e+06 1.41512e+06 1.3533e+06 1.28699e+06 1.22521e+06 1.12045e+06 1.08102e+06 1.07473e+06 1.03024e+06 989044 979362
threshold=1318.3505482889752 1015.7283333333335 1678.7860000000003 5.5000000000000009 841.80818174551416 26.50833333333334 1156.0256666666669 31.308333333333337 1162.4008333333334 1006.2064419446601 0 23.208333333333339 6.5000000000000009 1 0.79166666650000017 1451.2130000000002 1.0000000180025095e-35 1348.1736459347269 765.06050000000016 2.5000000000000004 2003.3115000000003 61.361111111111143 1.0000000180025095e-35 5.5000000000000009 8.5000000000000018 26.762500000000006 1.0000000180025095e-35 278.89000000000021 6.5000000000000009 23.541666666666671
decision_type=2 2 2 2 2 2 2 2 2 2 9 2 2 9 2 2 2 2 2 2 2 2 2 2 2 2 2 2 2 2
left_child=1 4 5 6 13 12 21 11 28 23 17 -4 15 18 -14 -2 24 27 -1 -20 -9 26 -23 -6 -7 -13 -3 29 -5 -8
right_child=2 3 7 8 9 16 10 20 -10 -11 -12 25 14 -15 -16 -17 -18 -19 19 -21 -22 22 -24 -25 -26 -27 -28 -29 -30 -31
leaf_value=-4.5269794124997054 1.9762730040593846 -0.37590688222591773 4.5320158061829652 -1.3126895297420957 -1.9953609539274606 4.8543896169007521 0.8575519127787028 8.2093259140570076 -0.22660326649181217 -0.58250857305149017 -5.252481795736581 4.7860302658721467 -1.0899162850931101 -6.8588868800057767 2.9983847312394705 3.5447051264085609 -0.49919924366693558 3.957746983861727 -2.2173071773511586 -3.7975627162059151 11.917596232230558 1.6217319089541853 -0.21988161822412144 -3.1788176510399921 2.4980279705333004 8.1458691590256205 -7.8073545806261961 3.4768548236311099 -2.7350433269055712 2.4103824218381598
leaf_weight=2884 4394 6829 999 2278 7466 3062 6482 801 3914 2226 111 309 717 451 413 2636 163 539 2474 3510 379 1996 1808 3093 604 1063 49 485 2637 1204
leaf_count=2884 4394 6829 999 2278 7466 3062 6482 801 3914 2226 111 309 717 451 413 2636 163 539 2474 3510 379 1996 1808 3093 604 1063 49 485 2637 1204
internal_value=-0.00121366 -1.2018 3.89536 0.0157053 -2.76235 2.90066 0.591422 7.25369 -1.25604 -2.03568 1.32011 6.18533 2.26525 -3.75929 0.404303 2.56438 4.25479 1.40829 -3.58987 -3.14423 9.40037 -0.0103162 0.746433 -2.34203 4.46616 7.38917 -0.42885 1.24183 -2.07581 1.1008
internal_weight=65976 50436 15540 28332 22104 11989 19503 3551 8829 12785 8821 2371 8160 9319 1130 7030 3829 8710 8868 5984 1180 10682 3804 10559 3666 1372 6878 8171 4915 7686
internal_count=65976 50436 15540 28332 22104 11989 19503 3551 8829 12785 8821 2371 8160 9319 1130 7030 3829 8710 8868 5984 1180 10682 3804 10559 3666 1372 6878 8171 4915 7686
cat_boundaries=0 1 2
cat_threshold=11 11
is_linear=0
shrinkage=0.05


Tree=33
num_leaves=31
num_cat=5
split_feature=61 57 61 57 57 62 57 4 4 70 13 4 13 69 68 69 66 43 3 61 45 4 13 4 71 69 13 13 66 57
split_gain=1.11782e+08 2.84717e+07 2.44206e+07 5.42784e+06 4.96278e+06 4.43806e+06 4.15988e+06 2.92306e+06 2.42481e+06 2.39817e+06 2.15712e+06 2.13978e+06 2.00503e+06 1.64722e+06 1.90013e+06 1.57265e+06 1.38739e+06 1.36488e+06 1.35018e+06 1.34122e+06 1.29999e+06 1.21231e+06 1.13567e+06 1.1343e+06 1.00248e+06 1.45425e+06 977790 912700 990268 897199
threshold=1255.5389721079453 973.72058939228521 1614.8391708709903 1152.7950000000003 1415.7454266256652 848.00701874551407 1768.3860000000002 6.5000000000000009 2.5000000000000004 26.350000000000005 0 6.5000000000000009 1 194.13777777777787 22.812500000000007 268.96000000000015 28.141666666666669 0.45833333350000005 7.5000000000000009 717.10275140001852 0.12500000000000003 1.5000000000000002 2 3.5000000000000004 30.100000000000005 145.00180555555556 3 4 23.083333333333339 845.38147383238311
decision_type=2 2 2 2 2 2 2 2 2 2 9 2 9 2 2 2 2 2 2 2 2 2 9 2 2 2 9 9 2 2
left_child=1 5 4 7 10 19 12 27 18 11 13 -5 16 14 -2 23 -4 -13 21 -1 -9 -7 -20 -8 25 -6 -21 28 -3 -10
right_child=2 3 6 9 24 8 15 20 29 -11 -12 17 -14 -15 -16 -17 -18 -19 22 26 -22 -23 -24 -25 -26 -27 -28 -29 -30 -31
leaf_value=-5.0415584474154596 0.75697312585366849 -0.61811337637272379 4.2902194537718632 0.68960146706806569 2.19499471806748 -4.0603402580214043 8.9000703795256282 -3.3330956259566835 -3.9464551255647167 3.0235443505951589 -4.229519207496196 -1.9096609211511486 0.73762563865070474 3.1950829242519827 2.3471958760497609 11.328999351691522 6.8941030159018215 0.6421207771332702 -0.063088078461517608 -3.2575484216213355 -1.106575444594907 -1.3479374968530724 -4.5246671177203366 6.4242082070594755 4.6802925524332926 4.0259022779870861 -6.7860400527850535 -2.7476646680447487 1.4207581210027265 -2.4450718967838805
leaf_weight=1427 5367 11523 1218 8255 2422 586 731 1581 1255 884 154 1519 282 1354 2890 281 882 800 2124 7320 1120 1387 143 1260 1138 1964 211 466 628 4804
leaf_count=1427 5367 11523 1218 8255 2422 586 731 1581 1255 884 154 1519 282 1354 2890 281 882 800 2124 7320 1120 1387 143 1260 1138 1964 211 466 628 4804
internal_value=-0.00124477 -1.35588 3.12557 -0.301343 2.16024 -2.82218 6.29681 -0.917036 -2.11426 0.521766 1.4827 0.312614 4.83689 1.57699 1.31356 7.82742 5.35833 -1.02936 -1.19714 -3.63606 -2.40984 -2.15355 -0.364757 7.33323 3.35795 3.01485 -3.36974 -0.597462 -0.512317 -2.75605
internal_weight=65976 46033 19943 26776 15289 19257 4654 15318 10299 11458 9765 10574 2382 9611 8257 2272 2100 2319 4240 8958 2701 1973 2267 1991 5524 4386 7531 12617 12151 6059
internal_count=65976 46033 19943 26776 15289 19257 4654 15318 10299 11458 9765 10574 2382 9611 8257 2272 2100 2319 4240 8958 2701 1973 2267 1991 5524 4386 7531 12617 12151 6059
cat_boundaries=0 1 2 3 4 5
cat_threshold=11 1 1 11 17
is_linear=0
shrinkage=0.05


Tree=34
num_leaves=31
num_cat=3
split_feature=57 57 62 61 61 61 4 75 57 4 73 58 69 67 71 4 66 13 57 69 68 43 69 13 71 51 4 4 43 13
split_gain=1.01105e+08 2.98416e+07 1.77091e+07 6.91743e+06 4.02523e+06 3.47932e+06 3.42989e+06 3.09602e+06 2.11126e+06 1.97345e+06 1.8569e+06 1.92573e+06 1.80834e+06 1.76434e+06 1.40817e+06 1.36961e+06 1.2672e+06 1.18529e+06 1.17118e+06 1.14405e+06 1.21867e+06 1.09798e+06 1.40679e+06 1.09794e+06 1.00341e+06 959670 887006 924757 851978 850216
threshold=1183.6318198180202 1514.9985000000004 945.80610471663715 1811.1870000000001 1355.9692066687651 832.21049771663718 3.5000000000000004 1061.0635000000002 1066.7200089147202 5.5000000000000009 -1.683333333333336 1745.5655000000004 189.52111111111117 17.387500000000006 24.975000000000005 1.5000000000000002 1.0750000000000004 0 626.14902020966554 122.84027777777784 23.037500000000005 1.0000000180025095e-35 85.562500000000043 1 31.850000000000005 1.0000000180025095e-35 1.5000000000000002 6.5000000000000009 0.45833333350000005 2
decision_type=2 2 2 2 2 2 2 2 2 2 2 2 2 2 2 2 2 9 2 2 2 2 2 9 2 2 2 2 2 9
left_child=2 4 5 10 9 18 7 -4 -8 19 -3 17 24 16 28 23 -7 -12 -1 20 -2 22 -9 25 -5 -6 -20 -28 -11 -18
right_child=1 3 6 12 15 13 8 21 -10 14 11 -13 -14 -15 -16 -17 29 -19 26 -21 -22 -23 -24 -25 -26 -27 27 -29 -30 -31
leaf_value=-6.9560270893958309 0.39175687296076478 1.6448175266508578 -0.79244112208604289 5.4615121756370639 5.8961906317483006 -0.80051489734947734 -2.0797186000081593 0.82658269493706893 -0.69817166294623811 -0.92316404571215649 4.1218858720682228 6.3345002639272154 9.7099760260232344 -0.59294698248211586 1.8714105934060612 2.0636006030574729 -2.5755247722139649 -0.71308585286956949 -4.4999904976533065 2.1528811374140786 1.877672999511492 0.027758441449574997 3.339899544535549 -1.0103864242189697 8.3624456815674133 2.7404587833228566 -2.8204125223663437 -4.1644656047785888 0.69717211717310579 -5.2138939603215704
leaf_weight=248 3898 641 6352 809 565 985 4953 1915 6261 2513 3397 1108 687 1524 836 5069 5852 136 1649 2720 2136 2075 785 102 472 420 4554 1780 1198 336
leaf_count=248 3898 641 6352 809 565 985 4953 1915 6261 2513 3397 1108 687 1524 836 5069 5852 136 1649 2720 2136 2075 785 102 472 420 4554 1780 1198 336
internal_value=-0.0013407 2.37209 -1.61552 5.11011 1.35185 -2.83532 -0.691256 -0.0693143 -1.30837 0.862598 4.16738 4.51579 7.64034 -2.13797 0.0175501 2.40896 -2.46623 3.94542 -3.57216 1.30153 0.917762 0.892634 1.55731 4.01948 6.5304 4.50486 -3.46704 -3.19812 -0.400081 -2.73137
internal_weight=65976 26707 39269 7250 19457 16928 22341 11127 11214 13301 5282 4641 1968 8697 4547 6156 7173 3533 8231 8754 6034 4775 2700 1087 1281 985 7983 6334 3711 6188
internal_count=65976 26707 39269 7250 19457 16928 22341 11127 11214 13301 5282 4641 1968 8697 4547 6156 7173 3533 8231 8754 6034 4775 2700 1087 1281 985 7983 6334 3711 6188
cat_boundaries=0 1 2 3
cat_threshold=1 1 1
is_linear=0
shrinkage=0.05


Tree=35
num_leaves=31
num_cat=4
split_feature=57 62 61 61 75 4 70 66 67 71 57 13 66 62 9 70 13 4 13 71 4 69 69 72 61 9 4 13 16 69
split_gain=9.17895e+07 2.83595e+07 1.54238e+07 6.34649e+06 3.69786e+06 3.41162e+06 3.36058e+06 2.39067e+06 1.73553e+06 1.64952e+06 1.62426e+06 1.54762e+06 1.51959e+06 1.45088e+06 1.4395e+06 1.37962e+06 1.34743e+06 1.33023e+06 1.16093e+06 1.08506e+06 1.05064e+06 1.04036e+06 1.03232e+06 1.43992e+06 1.00283e+06 955425 903225 900613 882366 851035
threshold=1318.3505482889752 1033.5516538323852 1694.8995000000002 890.75800000000015 1094.2841142791485 3.5000000000000004 27.408333333333335 31.308333333333337 20.187500000000004 31.850000000000005 765.14344850800205 0 25.275000000000006 1218.9054580000002 1.0000000180025095e-35 -0.62499999999999967 1 3.5000000000000004 2 20.891666666666673 5.5000000000000009 346.27013888888899 134.94694444444443 20.891666666666673 2003.3115000000003 1.0000000180025095e-35 6.5000000000000009 3 1.0000000180025095e-35 278.89000000000021
decision_type=2 2 2 2 2 2 2 2 2 2 2 9 2 2 2 2 9 2 9 2 2 2 2 2 2 2 2 9 2 2
left_child=1 3 6 10 17 11 13 9 18 25 -1 12 15 -2 20 -6 22 28 29 21 -8 -12 23 -15 -9 -4 27 -7 -3 -5
right_child=2 4 7 8 5 26 14 24 -10 -11 19 -13 -14 16 -16 -17 -18 -19 -20 -21 -22 -23 -24 -25 -26 -27 -28 -29 -30 -31
leaf_value=-3.9850087172873461 0.69566227027874161 -0.5004593745421877 4.7324513208161667 -1.6988743914628328 4.7276337271769133 0.23312131044863127 4.8000504258604559 7.1724181423927185 0.1532609903659824 7.4745976183344345 -3.0330438827487871 -2.0269844248913946 3.9195933457601839 1.0644072233760962 -0.80321132359004788 1.1349763943831481 -2.6040868201958283 -1.5515839452897433 -4.0069628409745679 -1.0859436990358826 2.8839181337641291 -0.98478314002221889 3.1796486375413666 2.8862314747628783 10.316687590036636 -2.5854966821877854 -1.1190653327747455 -3.0822575055275649 1.4133810868428982 -0.22406615379145839
leaf_weight=3301 1649 5094 1468 8128 280 8395 2053 725 1543 680 8003 313 608 2234 155 5854 130 3149 494 940 1098 672 2804 2108 390 46 1667 200 683 1112
leaf_count=3301 1649 5094 1468 8128 280 8395 2053 725 1543 680 8003 313 608 2234 155 5854 130 3149 494 940 1098 672 2804 2108 390 46 1667 200 683 1112
internal_value=-0.00131452 -1.03653 3.35852 -2.27137 0.101855 0.527973 2.5392 6.38699 -1.40469 5.42891 -3.02807 1.37438 1.53303 2.03478 3.90095 1.29897 2.33827 -0.724842 -1.65165 -2.69953 4.13235 -2.87438 2.42842 1.94889 8.27221 4.51011 -0.0539243 0.15266 -0.274191 -1.51974
internal_weight=65976 50436 15540 24193 26243 17317 12231 3309 11277 2194 12916 7055 6742 8925 3306 6134 7276 8926 9734 9615 3151 8675 7146 4342 1115 1514 10262 8595 5777 9240
internal_count=65976 50436 15540 24193 26243 17317 12231 3309 11277 2194 12916 7055 6742 8925 3306 6134 7276 8926 9734 9615 3151 8675 7146 4342 1115 1514 10262 8595 5777 9240
cat_boundaries=0 1 2 3 4
cat_threshold=1 1 1 3
is_linear=0
shrinkage=0.05


Tree=36
num_leaves=31
num_cat=3
split_feature=61 61 57 57 57 70 57 72 13 4 69 4 68 4 3 4 13 50 13 0 66 70 5 50 72 68 51 4 66 75
split_gain=8.29703e+07 2.2345e+07 1.70514e+07 5.73214e+06 3.48296e+06 3.27378e+06 2.61269e+06 2.07397e+06 2.04607e+06 1.90175e+06 1.80307e+06 1.79095e+06 1.65565e+06 1.54372e+06 1.50063e+06 1.67927e+06 1.38877e+06 1.36975e+06 1.34154e+06 1.32998e+06 1.26431e+06 1.18369e+06 1.15515e+06 1.06039e+06 983390 944472 905013 891718 862932 790302
threshold=1206.4541036079452 1614.8391708709903 939.38245888932863 1379.1319211958903 1092.2150358503302 31.308333333333337 777.54650000000004 23.925000000000008 0 6.5000000000000009 124.69444444444453 6.5000000000000009 22.712500000000006 5.5000000000000009 7.5000000000000009 1.5000000000000002 1 0.20833333350000002 2 2023.5000000000002 22.100000000000005 30.100000000000005 1.0000000180025095e-35 0.29166666650000006 17.25833333333334 26.762500000000006 0.12500000000000003 2.5000000000000004 0.85000000000000009 1126.7128333333335
decision_type=2 2 2 2 2 2 2 2 9 2 2 2 2 2 2 2 9 2 9 2 2 2 2 2 2 2 2 2 2 2
left_child=2 3 6 8 11 7 22 16 10 20 12 29 -2 14 15 -8 -3 24 -16 -7 28 -5 -1 -10 -11 -9 -13 -17 -6 -4
right_child=1 5 4 21 9 19 13 25 23 17 -12 26 -14 -15 18 27 -18 -19 -20 -21 -22 -23 -24 -25 -26 -27 -28 -29 -30 -31
leaf_value=-3.3859098111642734 0.18516547174130285 3.8731608355734894 -0.9668570791034794 2.4376532105697319 1.7961359274618625 5.9535269100970751 -3.831354027405653 3.879984431071136 -6.8225475579041701 -2.4275515265574446 2.0411284316948444 -3.4807740466357631 1.6126654983729845 -3.1299817178413294 -0.22638334548579353 -0.58128543014247569 -1.0945032681965017 0.39491221533486776 -4.4996966889573313 9.1134376324937989 1.5417671274212721 4.2344946017072811 -6.1973663715580809 0.46582638407930921 -0.0013252562730721544 6.7383658348906783 -1.3698172739512373 -2.1637625080250702 -0.060046143177574833 1.3987434735130875
leaf_weight=4008 6077 1682 9296 6088 683 669 1316 393 130 1555 3203 1100 3051 3386 1800 1116 155 1104 195 663 1849 1079 402 81 571 1092 943 4400 7522 367
leaf_count=4008 6077 1682 9296 6088 683 669 1316 393 130 1555 3203 1100 3051 3386 1800 1116 155 1104 195 663 1849 1079 402 81 571 1092 943 4400 7522 367
internal_value=-0.00133585 2.31599 -1.35805 1.58017 -0.532571 5.43211 -2.59903 4.59239 0.935579 0.0215451 1.01963 -1.16138 0.662302 -2.22236 -1.8742 -2.22648 3.46913 -1.03394 -0.667765 7.52637 0.360635 2.70817 -3.64219 -3.84253 -1.77592 5.98191 -2.50641 -1.84359 0.094466 -0.877012
internal_weight=65976 24363 41613 19709 24990 4654 16623 3322 12542 13284 12331 11706 9128 12213 8827 6832 1837 3230 1995 1332 10054 7167 4410 211 2126 1485 2043 5516 8205 9663
internal_count=65976 24363 41613 19709 24990 4654 16623 3322 12542 13284 12331 11706 9128 12213 8827 6832 1837 3230 1995 1332 10054 7167 4410 211 2126 1485 2043 5516 8205 9663
cat_boundaries=0 1 2 3
cat_threshold=11 1 1
is_linear=0
shrinkage=0.05


Tree=37
num_leaves=31
num_cat=2
split_feature=57 61 57 57 4 61 57 75 13 56 66 4 3 4 4 4 75 45 13 66 8 71 0 1 61 71 68 0 4 73
split_gain=7.52151e+07 1.90703e+07 1.62015e+07 4.49741e+06 4.14089e+06 3.04235e+06 2.66835e+06 2.23589e+06 2.01279e+06 1.59789e+06 1.53809e+06 1.50495e+06 1.4379e+06 1.43444e+06 1.42482e+06 1.41402e+06 1.39964e+06 1.34764e+06 1.33428e+06 1.30456e+06 1.23322e+06 989667 953475 936380 891561 788680 791746 778788 745300 739268
threshold=1223.8824897040702 1614.8391708709903 946.80500000000018 1408.5852685000002 4.5000000000000009 2003.3115000000003 796.88605433238308 1061.0635000000002 0 1082.4884979410401 27.208333333333339 5.5000000000000009 7.5000000000000009 3.5000000000000004 6.5000000000000009 1.5000000000000002 1273.8426947089517 0.20833333350000002 1 30.100000000000005 1.0000000180025095e-35 26.191666666666674 2024.5000000000002 7.5000000000000009 682.4738748216746 -0.62499999999999967 26.037500000000005 2020.5000000000002 6.5000000000000009 3.1000000000000014
decision_type=2 2 2 2 2 2 2 2 9 2 2 2 2 2 2 2 2 2 9 2 2 2 2 2 2 2 2 2 2 2
left_child=2 3 6 13 7 8 20 -4 10 -6 -3 12 15 -2 19 -8 25 -16 -14 29 24 28 -7 -12 -1 -9 -27 -21 -15 -5
right_child=1 5 4 14 9 22 11 16 -10 -11 23 -13 18 21 17 -17 -18 -19 -20 27 -22 -23 -24 -25 -26 26 -28 -29 -30 -31
leaf_value=-4.8528940493588513 1.7028633668325819 3.5935783053858219 -0.60820511899792418 2.8434959619410498 -1.8420380567316088 7.0553186188803778 -3.6047532667080873 3.4697208284511216 0.5623015766294257 -0.64414565856387163 6.8588380675185334 -2.8974858264285723 -0.16142899467220514 0.59924142422382243 -0.050302157626367798 -1.6615047061199153 3.2905860118599115 3.5221069008726431 -4.2249293824990408 3.5533080868732139 -6.4734693187330841 1.9759657476991557 11.140265149666519 4.8055701309013905 -2.8844688445230631 0.28825699543756456 2.3815926093306721 6.7059682114919035 -0.76693217042076078 0.45799246348641731
leaf_weight=654 4483 1305 5892 4199 4735 585 1149 218 299 6756 1032 3200 2088 4821 826 5053 478 388 214 482 289 1054 189 1202 4777 7185 482 330 1259 352
leaf_count=654 4483 1305 5892 4199 4735 585 1149 218 299 6756 1032 3200 2088 4821 826 5053 478 388 214 482 289 1054 189 1202 4777 7185 482 330 1259 352
internal_value=-0.00128382 2.32143 -1.22834 1.59348 -0.431488 5.19316 -2.40577 0.137833 4.61646 -1.13775 4.94343 -1.97321 -1.62541 1.00198 2.63825 -2.02152 0.663441 1.09146 -0.558237 2.98839 -3.29086 0.561542 8.05281 5.75408 -3.12151 0.504179 0.419858 4.83456 0.316345 2.65899
internal_weight=65976 22806 43170 18194 25746 4612 17424 14255 3838 11491 3539 11704 8504 11617 6577 6202 8363 1214 2302 5363 5720 7134 774 2234 5431 7885 7667 812 6080 4551
internal_count=65976 22806 43170 18194 25746 4612 17424 14255 3838 11491 3539 11704 8504 11617 6577 6202 8363 1214 2302 5363 5720 7134 774 2234 5431 7885 7667 812 6080 4551
cat_boundaries=0 1 2
cat_threshold=1 1
is_linear=0
shrinkage=0.05


Tree=38
num_leaves=31
num_cat=5
split_feature=61 57 57 61 66 70 13 69 4 70 4 1 47 73 57 66 13 4 13 1 57 46 0 13 71 68 1 13 71 69
split_gain=6.80782e+07 1.75e+07 1.50754e+07 4.33735e+06 3.72416e+06 2.79259e+06 2.71182e+06 2.61977e+06 2.55362e+06 2.25078e+06 1.96677e+06 1.81683e+06 1.4506e+06 1.31818e+06 1.25263e+06 1.2059e+06 1.14087e+06 1.13681e+06 1.0717e+06 1.06096e+06 1.05697e+06 1.04128e+06 909404 906182 890473 990978 923934 885347 870999 1.08195e+06
threshold=1255.5389721079453 1037.8024960080004 1668.2035000000003 894.29226189732265 24.291666666666671 24.558333333333337 0 254.40250000000006 6.5000000000000009 32.441666666666677 2.5000000000000004 8.5000000000000018 0.29166666650000006 -1.683333333333336 707.01897240001915 1.0750000000000004 1 2.5000000000000004 2 7.5000000000000009 915.57400000000018 0.20833333350000002 2023.5000000000002 3 27.208333333333339 8.7125000000000039 4.5000000000000009 4 19.608333333333338 219.04000000000011
decision_type=2 2 2 2 2 2 9 2 2 2 2 2 2 2 2 2 9 2 9 2 2 2 2 9 2 2 2 9 2 2
left_child=1 3 4 14 7 8 11 18 15 13 16 17 -10 -4 -1 -3 21 -6 24 -15 -12 -5 -11 -8 25 -2 -27 -17 29 -16
right_child=2 5 9 10 6 -7 23 -9 12 22 20 -13 -14 19 28 27 -18 -19 -20 -21 -22 -23 -24 -25 -26 26 -28 -29 -30 -31
leaf_value=-4.149151316768779 1.4990455977326393 1.6256929825225654 1.8746376919403713 0.37204016542048307 5.0490503981059547 1.7112204059483387 0.56446871889375372 3.2454601888818235 -2.0622938270281574 5.8149234402916257 -2.8984075349224638 1.6738732794318378 -0.062987030105118302 5.9770698435381 -2.8853571160297311 0.010356510218040241 -3.4222040154111273 3.1638739747037024 -3.6111463251502016 3.9222118456882464 -1.4656266207558346 -1.1712729687658694 8.993341893420137 -4.4186502423640848 2.3594236900770134 -0.75651722497378415 0.78604674569350774 -2.4103213651951876 -1.2916209320828618 -1.5913165817084645
leaf_weight=1217 3226 1153 387 2520 1261 2078 505 1407 2551 437 1726 1323 1408 1333 8015 14272 303 2186 119 1188 5063 1930 464 101 1057 1326 3623 378 1396 2023
leaf_count=1217 3226 1153 387 2520 1261 2078 505 1407 2551 437 1726 1323 1408 1333 8015 14272 303 2186 119 1188 5063 1930 464 101 1057 1326 3623 378 1396 2023
internal_value=-0.00124861 -1.05841 2.43892 -1.98468 1.77097 -0.0323512 2.84558 1.23397 -0.21569 5.26819 -1.28377 3.24218 -1.35125 4.59165 -2.62414 0.0687927 -0.503717 3.85352 0.931312 5.00874 -1.82989 -0.29664 7.45176 -0.3243 0.9927 0.817202 0.372743 -0.0537401 -2.46182 -2.62456
internal_weight=65976 46033 19943 24193 16134 21840 5376 10758 19762 3809 11542 4770 3959 2908 12651 15803 4753 3447 9351 2521 6789 4450 901 606 9232 8175 4949 14650 11434 10038
internal_count=65976 46033 19943 24193 16134 21840 5376 10758 19762 3809 11542 4770 3959 2908 12651 15803 4753 3447 9351 2521 6789 4450 901 606 9232 8175 4949 14650 11434 10038
cat_boundaries=0 1 2 3 4 5
cat_threshold=1 1 11 10 17
is_linear=0
shrinkage=0.05


Tree=39
num_leaves=31
num_cat=3
split_feature=57 61 62 57 61 4 71 75 13 69 4 66 13 70 4 61 45 68 56 71 69 0 1 4 13 66 73 69 16 43
split_gain=6.19135e+07 1.83877e+07 1.04191e+07 4.33641e+06 2.93867e+06 2.44919e+06 2.42336e+06 2.15787e+06 1.93007e+06 1.82364e+06 1.80587e+06 1.29427e+06 1.28065e+06 1.20782e+06 1.20423e+06 1.18923e+06 1.17097e+06 1.09686e+06 1.07224e+06 1.0721e+06 988815 973651 905470 891764 891614 846167 833932 715285 679328 678338
threshold=1181.2186623893301 1591.2520000000002 945.80610471663715 1408.5852685000002 1958.2405000000001 4.5000000000000009 20.675000000000008 1043.0688017922853 0 219.04000000000011 3.5000000000000004 25.408333333333335 1 1.3083333333333338 6.5000000000000009 789.22673274551414 0.20833333350000002 27.912500000000005 998.58885581292645 26.191666666666674 268.96000000000015 2020.5000000000002 7.5000000000000009 6.5000000000000009 2 25.141666666666669 -4.5916666666666641 122.84027777777784 1.0000000180025095e-35 0.45833333350000005
decision_type=2 2 2 2 2 2 2 2 9 2 2 2 9 2 2 2 2 2 2 2 2 2 2 2 9 2 2 2 2 2
left_child=2 3 6 10 8 7 9 26 11 12 27 -3 15 -9 17 -1 -16 -5 -7 23 -6 -19 -13 -12 25 28 -4 -2 -15 -25
right_child=1 4 5 14 20 18 -8 13 -10 -11 19 22 -14 24 16 -17 -18 21 -20 -21 -22 -23 -24 29 -26 -27 -28 -29 -30 -31
leaf_value=-3.2960169205441212 1.0952901576561944 2.616538255690477 1.9967723489098717 2.0965847823846615 6.2987426309002927 -2.3465491636473779 -0.61793544892848795 3.1981988604021994 0.23248334819603961 -1.3010140014235678 0.41536040940209751 5.7904456699820628 -5.5163099758765277 0.076302826366449139 -0.16967316400673657 -2.2321137112749816 3.219058783039932 2.6302219073325115 -0.94983502446698731 1.7235880801944057 10.791657535291055 4.9328455795204382 3.9983844218379545 -1.5576854389506929 -2.8607939289250508 3.2150376888525254 -0.91251779722782533 2.2948807638147506 1.5901871127284499 0.42872140989419738
leaf_weight=4038 4199 907 256 3108 890 1756 2097 376 337 2865 6626 1255 398 5559 810 7515 372 1058 6318 1231 142 811 1608 1168 208 255 6513 1765 855 680
leaf_count=4038 4199 907 256 3108 890 1756 2097 376 337 2865 6626 1255 398 5559 810 7515 372 1058 6318 1231 142 811 1608 1168 208 255 6513 1765 855 680
internal_value=-0.00128687 1.84091 -1.2748 1.2074 4.53173 -0.559883 -2.20881 -0.160432 3.93238 -2.43397 0.765566 4.25122 -2.70557 0.438781 2.33147 -2.60172 0.896831 2.67219 -1.2536 0.344778 6.91695 3.62938 4.78394 0.144481 0.28791 0.389821 -0.80249 1.4503 0.278107 -0.826757
internal_weight=65976 26967 39009 21828 5139 22096 16913 14022 4107 14816 15669 3770 11951 7253 6159 11553 1182 4977 8074 9705 1032 1869 2863 8474 6877 6669 6769 5964 6414 1848
internal_count=65976 26967 39009 21828 5139 22096 16913 14022 4107 14816 15669 3770 11951 7253 6159 11553 1182 4977 8074 9705 1032 1869 2863 8474 6877 6669 6769 5964 6414 1848
cat_boundaries=0 1 2 3
cat_threshold=1 11 9
is_linear=0
shrinkage=0.05


Tree=40
num_leaves=31
num_cat=3
split_feature=62 68 57 0 69 62 61 9 1 71 4 4 13 4 4 3 4 68 69 71 21 1 1 45 13 71 63 68 58 13
split_gain=5.61373e+07 1.87876e+07 9.19291e+06 5.62387e+06 3.74105e+06 2.88436e+06 2.41774e+06 2.38846e+06 1.99385e+06 1.98478e+06 1.56989e+06 1.50904e+06 1.49541e+06 1.2995e+06 1.29069e+06 1.28869e+06 1.2611e+06 1.10518e+06 1.05601e+06 1.02446e+06 971304 943345 1.16923e+06 939374 872444 843511 824358 794709 760269 736359
threshold=1164.5693136079451 26.762500000000006 1037.8024960080004 2023.5000000000002 254.40250000000006 844.91296535882407 1355.9692066687651 1.0000000180025095e-35 8.5000000000000018 25.866666666666671 6.5000000000000009 4.5000000000000009 0 4.5000000000000009 6.5000000000000009 7.5000000000000009 1.5000000000000002 33.737500000000011 164.26694444444456 18.308333333333337 1.0000000180025095e-35 4.5000000000000009 7.5000000000000009 0.37500000000000006 1 27.958333333333339 750.03427599302859 11.637500000000005 2174.6465000000003 2
decision_type=2 2 2 2 2 2 2 2 2 2 2 2 9 2 2 2 2 2 2 2 2 2 2 2 9 2 2 2 2 9
left_child=2 4 5 7 6 19 20 8 14 10 24 18 13 15 17 16 -7 -3 -5 26 21 27 -23 -12 -4 29 -1 -2 -13 -8
right_child=1 3 9 11 -6 12 25 -9 -10 -11 23 28 -14 -15 -16 -17 -18 -19 -20 -21 -22 22 -24 -25 -26 -27 -28 -29 -30 -31
leaf_value=-3.6477154462730939 -0.070338133658332108 3.4091815266980627 -0.064652956216112487 5.7925118590465896 2.8733915731338504 -3.327365597878682 1.2903378784083812 -0.95711421669123975 1.2014347756804158 1.4885019530146792 -1.9228463443220762 3.7558504217912501 -3.3949136604093342 -1.9440996638200361 1.2384857024124132 -0.14480064572317261 -1.0861353319314118 5.2660462113459543 8.7230791492362236 -1.3597742587716974 1.5390083684652691 1.6873239688115174 0.11886601808727848 -0.10432793325493615 -2.8976071005820163 2.7232147010642089 -2.491027603970462 -1.5964060019291146 8.3648498491485537 -2.7614578374430665
leaf_weight=2127 3114 3065 9297 767 2054 741 4205 376 1062 1425 2438 784 910 4871 514 3274 4103 1085 513 1446 1302 1506 5631 1002 270 1126 5585 1175 101 107
leaf_count=2127 3114 3065 9297 767 2054 741 4205 376 1062 1425 2438 784 910 4871 514 3274 4103 1085 513 1446 1302 1506 5631 1002 270 1126 5585 1175 101 107
internal_value=-0.00128426 1.67185 -1.27266 3.68001 0.850811 -1.89211 0.622121 2.90322 3.15671 -0.283008 -0.477089 5.86939 -1.43817 -1.29747 3.60193 -0.91107 -1.42898 3.89465 6.96703 -2.58106 0.245084 0.09764 0.449831 -1.39315 -0.147701 1.5046 -2.81005 -0.488415 4.28185 1.18638
internal_weight=65976 28487 37489 8267 20220 23057 18166 6102 5726 14432 13007 2165 13899 12989 4664 8118 4844 4150 1280 9158 12728 11426 7137 3440 9567 5438 7712 4289 885 4312
internal_count=65976 28487 37489 8267 20220 23057 18166 6102 5726 14432 13007 2165 13899 12989 4664 8118 4844 4150 1280 9158 12728 11426 7137 3440 9567 5438 7712 4289 885 4312
cat_boundaries=0 1 2 3
cat_threshold=1 1 1
is_linear=0
shrinkage=0.05


Tree=41
num_leaves=31
num_cat=4
split_feature=57 61 57 70 4 70 66 4 72 75 13 75 56 13 66 73 13 69 52 61 13 73 62 72 57 35 68 56 66 43
split_gain=5.0706e+07 1.51523e+07 8.63024e+06 3.59441e+06 2.90172e+06 2.50246e+06 2.11322e+06 1.93458e+06 1.69738e+06 1.62214e+06 1.59818e+06 1.40333e+06 1.29371e+06 1.25753e+06 1.4404e+06 1.19636e+06 1.15025e+06 1.10014e+06 1.52251e+06 982579 941245 873854 862914 835830 751757 719307 694445 676770 610706 605838
threshold=1181.2186623893301 1591.2520000000002 905.16652390001866 25.408333333333335 5.5000000000000009 31.308333333333337 1.5250000000000004 6.5000000000000009 23.925000000000008 1047.9295000000002 0 930.26044845696072 960.07853594565006 1 25.275000000000006 2.1833333333333353 2 82.810000000000016 1.0000000180025095e-35 2003.3115000000003 3 0.26666666666667022 725.20696983238315 27.958333333333339 1049.8118674653251 98.500000000000014 28.462500000000009 1612.3510679689055 21.891666666666669 0.70833333350000005
decision_type=2 2 2 2 2 2 2 2 2 2 9 2 2 9 2 2 9 2 2 2 9 2 2 2 2 2 2 2 2 2
left_child=2 3 10 6 9 8 -2 13 16 24 11 22 -6 -8 15 25 -3 20 -19 -7 -11 -5 -1 29 -4 -15 -10 -23 -22 -9
right_child=1 5 4 21 12 19 7 23 26 17 -12 -13 -14 14 -16 -17 -18 18 -20 -21 28 27 -24 -25 -26 -27 -28 -29 -30 -31
leaf_value=-3.2384338412237321 2.2769929988458011 2.8304378516972069 -1.0078692833881382 1.7094292915891858 -3.020097422842754 5.1058073615484645 -4.3455291289804867 -1.7896613427567294 3.5944119393750658 -4.4138007078409194 -4.6520141542855811 -0.37586431024768274 -1.1422645364041493 0.68503566934576265 2.4804292145288653 -0.56803410114027875 -1.5130489337651027 2.3797463144955229 -0.054969737119696153 8.0893511902059299 -0.27439830294526885 2.6880278267329061 -2.0108892132089724 2.0975636084623841 0.10964424457827698 1.8545807581894325 5.6608656527082273 5.157050339669893 0.96468158892768785 0.092769640353055779
leaf_weight=1649 2010 1955 6252 2640 1071 1015 109 1295 796 115 604 1190 6387 8389 1197 1697 163 1227 1347 379 5088 1746 10861 218 1982 1559 831 330 1236 638
leaf_count=1649 2010 1955 6252 2640 1071 1015 109 1295 796 115 604 1190 6387 8389 1197 1697 163 1227 1347 379 5088 1746 10861 218 1982 1559 831 330 1236 638
internal_value=-0.00127937 1.66586 -1.15378 1.09079 -0.587884 4.10851 0.753954 0.551245 3.43535 -0.231547 -2.13116 -2.01515 -1.41193 0.781875 0.828134 0.659004 2.50239 0.23193 1.10564 5.91697 -0.117335 2.31298 -2.1727 -0.837357 -0.738873 0.868321 4.64987 3.0805 -0.0321743 -1.16835
internal_weight=65976 26967 39009 21828 24705 5139 17112 15102 3745 17247 14304 13700 7458 12951 12842 11645 2118 9013 2574 1394 6439 4716 12510 2151 8234 9948 1627 2076 6324 1933
internal_count=65976 26967 39009 21828 24705 5139 17112 15102 3745 17247 14304 13700 7458 12951 12842 11645 2118 9013 2574 1394 6439 4716 12510 2151 8234 9948 1627 2076 6324 1933
cat_boundaries=0 1 2 3 4
cat_threshold=11 134 1 180
is_linear=0
shrinkage=0.05


Tree=42
num_leaves=31
num_cat=4
split_feature=57 57 61 4 13 70 57 75 66 13 4 56 3 4 72 69 13 13 0 71 4 73 48 69 73 4 73 1 57 61
split_gain=4.61033e+07 1.40669e+07 8.05248e+06 3.29645e+06 2.22572e+06 2.34576e+06 2.2247e+06 1.9818e+06 1.431e+06 1.40387e+06 1.31956e+06 1.31198e+06 1.2209e+06 1.51544e+06 1.16994e+06 1.60515e+06 976107 956757 955446 948262 928961 850894 835333 799299 795529 771118 745989 704311 697440 659237
threshold=1318.3505482889752 977.00108164625965 1736.9840000000002 5.5000000000000009 0 28.141666666666669 806.32000000000005 1131.5085691088937 33.69166666666667 1 5.5000000000000009 1208.1750585364953 7.5000000000000009 1.5000000000000002 22.641666666666669 134.94694444444443 2 3 2020.5000000000002 33.191666666666684 2.5000000000000004 0.58333333333333759 1.0000000180025095e-35 95.387777777777799 0.16666666666667321 6.5000000000000009 -5.216666666666665 7.5000000000000009 1119.4595000000002 682.4738748216746
decision_type=2 2 2 2 9 2 2 2 2 9 2 2 2 2 2 2 9 9 2 2 2 2 2 2 2 2 2 2 2 2
left_child=1 6 4 7 5 14 17 26 19 20 12 -5 13 -8 15 25 -14 29 -7 -4 22 -17 23 -9 -16 -2 -3 -20 -28 -1
right_child=2 3 8 11 -6 18 10 9 -10 -11 -12 -13 16 -15 24 21 -18 -19 27 -21 -22 -23 -24 -25 -26 -27 28 -29 -30 -31
leaf_value=-3.854305240258352 0.70414413666898357 2.3781920323352312 3.8903743610055446 -1.2086117935145735 -4.5599234759711713 2.2855863496984061 -3.0848933739728097 1.3794480766647974 7.6081760778488263 -4.234458741567118 -2.2201536053827811 0.12223483069235482 -0.013768010239841212 -1.1242569990988251 1.6081517965050616 2.676773972607279 -3.2730761509299278 -5.0205649652506112 4.8258576156603725 6.4879290211648453 0.45966500191419257 1.0369219706545358 0.6716228068079908 3.4073226419904459 3.2204480150778383 -1.4657230206700804 -0.52155247128158055 2.3756302534624862 0.38071920340420534 -2.1924560757322169
leaf_weight=670 2891 274 2005 6814 126 1523 1207 1332 390 129 3605 2543 2843 5372 1687 1807 240 371 983 426 6400 1407 1899 765 1400 477 7518 418 2995 5459
leaf_count=670 2891 274 2005 6814 126 1523 1207 1332 390 129 3605 2543 2843 5372 1687 1807 240 371 983 426 6400 1407 1899 765 1400 477 7518 418 2995 5459
internal_value=-0.00130706 -0.734973 2.37985 -0.0645957 1.84383 1.91 -1.77508 0.278883 4.79661 0.767003 -1.4038 -0.846921 -1.09921 -1.48396 1.53625 1.15959 -0.278154 -2.5329 3.15246 4.34556 0.832337 1.95889 1.43129 2.11923 2.33935 0.396832 -0.197381 4.09481 -0.264508 -2.37026
internal_weight=65976 50436 15540 30669 12719 12593 19767 21312 2821 10525 13267 9357 9662 6579 9669 6582 3083 6500 2924 2431 10396 3214 3996 2097 3087 3368 10787 1401 10513 6129
internal_count=65976 50436 15540 30669 12719 12593 19767 21312 2821 10525 13267 9357 9662 6579 9669 6582 3083 6500 2924 2431 10396 3214 3996 2097 3087 3368 10787 1401 10513 6129
cat_boundaries=0 1 2 3 4
cat_threshold=11 11 1 9
is_linear=0
shrinkage=0.05


Tree=43
num_leaves=31
num_cat=2
split_feature=62 68 57 0 57 62 9 71 68 4 4 4 13 4 68 3 4 16 1 71 46 45 69 1 13 72 69 5 1 58
split_gain=4.19224e+07 1.36433e+07 7.08564e+06 4.22068e+06 2.95662e+06 2.32066e+06 1.72142e+06 1.66406e+06 1.63221e+06 1.46553e+06 1.32e+06 1.26314e+06 1.21367e+06 1.13276e+06 1.08147e+06 932000 1.51486e+06 893440 976140 892485 852559 831179 773676 760038 752558 665681 634249 609767 583985 578154
threshold=1172.4413628464602 27.912500000000005 1044.0039623573803 2023.5000000000002 1343.9785000000004 844.91296535882407 1.0000000180025095e-35 26.191666666666674 4.2125000000000012 6.5000000000000009 4.5000000000000009 6.5000000000000009 0 2.5000000000000004 33.737500000000011 7.5000000000000009 1.5000000000000002 1.0000000180025095e-35 4.5000000000000009 18.308333333333337 0.79166666650000017 0.37500000000000006 196.93444444444455 7.5000000000000009 1 17.658333333333339 254.40250000000006 1.0000000180025095e-35 8.5000000000000018 2174.6465000000003
decision_type=2 2 2 2 2 2 2 2 2 2 2 2 9 2 2 2 2 2 2 2 2 2 2 2 9 2 2 2 2 2
left_child=2 4 5 6 8 19 9 11 -2 14 -5 24 13 15 28 16 -7 18 -10 22 -6 25 27 -20 -4 -13 -15 -1 -3 -12
right_child=1 3 7 10 20 12 -8 -9 17 -11 29 21 -14 26 -16 -17 -18 -19 23 -21 -22 -23 -24 -25 -26 -27 -28 -29 -30 -31
leaf_value=-2.573729284457849 1.9068020778515473 3.0753011463097382 -0.017063756804145954 6.5411780537252699 1.1066813991877422 -3.0221533830907963 -0.93493393686166992 1.4677930016313681 -0.55666209342436113 0.50955508910656844 3.2877019016092066 -2.1191128085917992 -2.9537581104304267 -1.5863494926895034 4.5299571971958263 0.21406070201631713 -0.26862729162856092 1.4558101557977494 1.4785828297478609 -1.0933356726116303 2.2262899862648644 -0.0038518732386095635 -1.5213641882254432 0.16924809810555363 -2.5894567874053642 -0.034866409642578922 -0.30799137579663111 -4.5036180459940596 1.3892069397178008 7.4054104593097794
leaf_weight=5532 1624 2475 9616 1099 3271 755 314 1341 3944 572 655 1946 935 7708 1131 2436 1476 1307 1379 1449 3541 1014 1751 5647 283 477 1110 442 648 98
leaf_count=5532 1624 2475 9616 1099 3271 755 314 1341 3944 572 655 1946 935 7708 1131 2436 1476 1307 1379 1449 3541 1014 1751 5647 283 477 1110 442 648 98
internal_value=-0.00137131 1.47997 -1.07374 3.3897 0.835315 -1.61033 2.65231 -0.211146 0.417137 2.88571 5.43625 -0.379971 -1.21481 -1.09124 3.20521 -0.462132 -1.20046 0.220085 0.0728564 -2.23203 1.68867 -1.2058 -2.44562 0.426233 -0.0932384 -1.7088 -1.42543 -2.71652 2.72545 3.82361
internal_weight=65976 27705 38271 6992 20713 23594 5140 14677 13901 4826 1852 13336 14420 13485 4254 4667 2231 12277 10970 9174 6812 3437 7725 7026 9899 2423 8818 5974 3123 753
internal_count=65976 27705 38271 6992 20713 23594 5140 14677 13901 4826 1852 13336 14420 13485 4254 4667 2231 12277 10970 9174 6812 3437 7725 7026 9899 2423 8818 5974 3123 753
cat_boundaries=0 1 2
cat_threshold=1 1
is_linear=0
shrinkage=0.05


Tree=44
num_leaves=31
num_cat=3
split_feature=61 57 61 13 68 70 4 68 57 69 47 73 72 4 73 57 3 4 0 42 1 13 73 72 13 58 73 71 61 4
split_gain=3.80321e+07 9.96877e+06 8.04011e+06 2.66054e+06 2.5367e+06 2.29245e+06 2.01617e+06 1.84885e+06 1.79216e+06 1.28532e+06 1.25428e+06 1.22527e+06 1.69198e+06 1.07368e+06 1.07278e+06 1.05729e+06 988991 1.5574e+06 979299 871427 868729 827800 823209 763984 763164 705565 626256 620775 580058 594823
threshold=1268.6025000000002 977.00108164625965 1714.4780450000003 0 26.037500000000005 23.791666666666671 6.5000000000000009 3.2375000000000012 796.88605433238308 268.96000000000015 0.29166666650000006 -1.9916666666666669 10.725000000000003 5.5000000000000009 0.13333333333333511 1132.1244176462603 6.5000000000000009 1.5000000000000002 2024.5000000000002 0.20833333350000002 7.5000000000000009 1 2.5666666666666695 24.158333333333342 2 1635.9769256687653 1.7833333333333348 33.191666666666684 682.4738748216746 2.5000000000000004
decision_type=2 2 2 9 2 2 2 2 2 2 2 2 2 2 2 2 2 2 2 2 2 9 2 2 9 2 2 2 2 2
left_child=1 8 3 4 7 6 11 -2 21 18 23 12 -3 16 -6 -13 17 -10 27 -5 -7 28 -9 -8 -18 -16 -17 -4 -1 -30
right_child=2 5 9 19 14 20 10 22 13 -11 -12 15 -14 -15 25 26 24 -19 -20 -21 -22 -23 -24 -25 -26 -27 -28 -29 29 -31
leaf_value=-3.6094400875982133 2.5160277422129709 1.7348690123697812 3.1370470612257795 -6.4658375567669495 1.6718075765067948 1.6468137782701058 -2.1185803612475969 0.88079667172288689 -3.0962188136755033 7.4712477520484786 -0.18044350727512118 -0.63034161490595464 -0.78760186800416088 -2.0311398143173593 2.6591154513643898 0.40418152558676135 -0.23777394405740448 -1.057856502017432 6.0019297051147147 -0.15082111186451383 -0.22083848909409742 -4.7665475476933068 -1.0095512573478498 0.89610999698767013 -2.9167647569411099 4.5962121216980076 -0.65339596834592628 5.3577218990195243 -1.4526539647389765 -2.5751325132969267
leaf_weight=649 1777 1902 1985 139 2645 2249 2685 7775 1159 277 1722 8889 1022 3819 2158 6142 3693 4894 464 90 861 344 622 228 277 601 1813 374 2355 2366
leaf_count=649 1777 1902 1985 139 2645 2249 2685 7775 1159 277 1722 8889 1022 3819 2158 6142 3693 4894 464 90 861 344 622 228 277 601 1813 374 2355 2366
internal_value=-0.00134488 -0.76219 1.89278 1.43617 1.51487 -0.148719 -0.311652 1.05084 -1.62527 4.22105 -1.25023 -0.0915843 0.853212 -1.31774 2.39131 -0.255594 -1.04592 -1.44815 3.90213 -3.81726 1.12976 -2.37026 0.740771 -1.88262 -0.432642 3.08108 0.163152 3.48912 -2.20377 -2.0152
internal_weight=65976 47069 18907 15807 15578 27513 24403 10174 19556 3100 4635 19768 2924 13842 5404 16844 10023 6053 2823 229 3110 5714 8397 2913 3970 2759 7955 2359 5370 4721
internal_count=65976 47069 18907 15807 15578 27513 24403 10174 19556 3100 4635 19768 2924 13842 5404 16844 10023 6053 2823 229 3110 5714 8397 2913 3970 2759 7955 2359 5370 4721
cat_boundaries=0 1 2 3
cat_threshold=11 9 1
is_linear=0
shrinkage=0.05


Tree=45
num_leaves=31
num_cat=3
split_feature=62 68 57 0 69 68 13 71 1 13 4 51 4 4 13 68 61 4 68 72 69 73 68 16 1 31 71 0 3 4
split_gain=3.44456e+07 1.16548e+07 5.55652e+06 3.86183e+06 2.67952e+06 2.09477e+06 1.76904e+06 1.57119e+06 1.52855e+06 1.30882e+06 1.16551e+06 1.38969e+06 1.13839e+06 1.12906e+06 1.02199e+06 1.05733e+06 985293 1.0571e+06 957819 890612 776322 734101 650276 606514 665704 657257 595848 552940 549403 956224
threshold=1164.5693136079451 26.762500000000006 925.70963391709461 2023.5000000000002 254.40250000000006 22.587500000000006 0 27.958333333333339 8.5000000000000018 1 6.5000000000000009 0.20833333350000002 4.5000000000000009 5.5000000000000009 2 8.5875000000000039 765.13294850800207 2.5000000000000004 22.587500000000006 0.56666666666666676 164.26694444444456 0.76666666666667116 32.162500000000016 1.0000000180025095e-35 4.5000000000000009 92.500000000000014 28.141666666666669 2020.5000000000002 7.5000000000000009 1.5000000000000002
decision_type=2 2 2 2 2 2 9 2 2 9 2 2 2 2 9 2 2 2 2 2 2 2 2 2 2 2 2 2 2 2
left_child=2 4 9 6 7 10 8 14 13 -1 19 -12 20 22 15 21 -11 28 23 -4 -5 27 -3 24 25 -17 -7 -2 29 -18
right_child=1 3 5 12 -6 26 -8 -9 -10 16 11 -13 -14 -15 -16 18 17 -19 -20 -21 -22 -23 -24 -25 -26 -27 -28 -29 -30 -31
leaf_value=-4.1062013724789157 0.42199800773768747 2.7791015870971658 1.0198912160864475 4.6515144341483206 2.374338558356857 0.26032759053511995 -0.64555154332745535 1.9541341003071879 0.79234395001294966 -2.3794288689261331 -2.2501675975683049 -0.37794780310241177 3.3263410693306037 1.5470024696251592 -3.4149912577081292 -1.5327032055996455 -2.4982150392981843 -1.7714699718313551 0.84458878550850158 -0.61436957806340609 7.1642079490551014 0.13559396232213675 4.1845513540332746 1.1552957062517948 0.026806325145831863 0.12285654803445181 1.9505775309638076 1.8264906763066149 0.079480315832851034 -0.52939297321230183
leaf_weight=555 1005 1999 892 767 2054 3735 489 1622 1062 3411 2381 1698 885 1153 171 1735 909 7339 3098 12745 513 1749 1399 763 4792 916 606 2315 1300 1918
leaf_count=555 1005 1999 892 767 2054 3735 489 1622 1062 3411 2381 1698 885 1153 171 1735 909 7339 3098 12745 513 1749 1399 763 4792 916 606 2315 1300 1918
internal_value=-0.00133767 1.30927 -0.997237 2.89094 0.662599 -0.488073 2.24724 0.469055 2.49596 -1.72499 -0.729273 -1.4708 4.7052 2.89899 0.323456 0.364363 -1.6323 -1.41146 0.0955219 -0.507472 5.65855 0.964606 3.35774 -0.187272 -0.324902 -0.960658 0.496285 1.40134 -0.771245 -1.16245
internal_weight=65976 28487 37489 8267 20220 22057 6102 18166 5613 15432 17716 4079 2165 4551 16544 16373 14877 11466 11304 13637 1280 5069 3398 8206 7443 2651 4341 3320 4127 2827
internal_count=65976 28487 37489 8267 20220 22057 6102 18166 5613 15432 17716 4079 2165 4551 16544 16373 14877 11466 11304 13637 1280 5069 3398 8206 7443 2651 4341 3320 4127 2827
cat_boundaries=0 1 2 3
cat_threshold=1 176 25
is_linear=0
shrinkage=0.05


Tree=46
num_leaves=31
num_cat=1
split_feature=61 57 61 13 66 57 68 71 69 4 4 75 1 0 0 3 69 72 5 2 73 2 66 37 1 4 62 60 4 71
split_gain=3.1265e+07 8.23496e+06 6.63171e+06 2.36423e+06 2.38273e+06 2.09312e+06 1.71094e+06 1.48826e+06 1.45981e+06 1.4362e+06 1.35294e+06 1.25902e+06 1.25286e+06 1.12844e+06 995136 832382 807975 806815 755757 728835 695330 623959 606744 645053 615733 605062 604091 602468 600505 577493
threshold=1268.6025000000002 1037.8024960080004 1714.4780450000003 0 23.541666666666671 822.33981500800212 3.537500000000001 26.850000000000005 146.41000000000011 6.5000000000000009 4.5000000000000009 1040.3270000000005 7.5000000000000009 2024.5000000000002 2020.5000000000002 10.500000000000002 174.24000000000004 28.333333333333339 1.0000000180025095e-35 20.500000000000004 2.5666666666666695 26.500000000000004 22.75833333333334 98.500000000000014 3.5000000000000004 1.5000000000000002 1671.7635000000002 918.78170842869258 6.5000000000000009 7.2833333333333341
decision_type=2 2 2 9 2 2 2 2 2 2 2 2 2 2 2 2 2 2 2 2 2 2 2 2 2 2 2 2 2 2
left_child=1 5 3 4 6 18 -2 8 9 22 11 -7 14 16 -6 -10 -4 -11 -1 -15 -8 -21 23 24 -3 -18 -16 -12 -14 -5
right_child=2 7 13 29 12 10 20 -9 15 17 27 -13 28 19 26 -17 25 -19 -20 21 -22 -23 -24 -25 -26 -27 -28 -29 -30 -31
leaf_value=-1.8721241833466853 2.2498686991853059 -1.2144454749336564 2.7444895861813658 -7.3047531843862759 1.7837582964961376 -0.87910223304251345 0.70142229272414847 1.4860922654291235 -0.10160138729132975 -1.4823769221055028 -2.2919469129688399 0.68546865114924527 1.7864863629764116 4.4100626716122466 3.3209436458030326 1.2839704941581831 7.8737807002223903 1.5220315537728464 -3.8011682548556793 11.132550418620207 -1.1071531748843852 5.6919045678356248 0.80355051795041588 0.61204698573566474 -0.20067989447350276 4.0901328137581192 6.0927125568389897 -1.2536620069585136 -0.13731697089500536 -1.3542289019032991
leaf_weight=7245 1881 1837 1664 44 1149 8113 6598 1552 1897 3070 1956 1528 2744 313 1556 2529 122 241 546 98 578 114 1628 1925 8112 789 225 4890 476 556
leaf_count=7245 1881 1837 1664 44 1149 8113 6598 1552 1897 3070 1956 1528 2744 313 1556 2529 122 241 546 98 578 114 1628 1925 8112 789 225 4890 476 556
internal_value=-0.00133268 -0.691175 1.71603 1.30134 1.4224 -1.33195 0.907591 -0.00858803 -0.117809 -0.330492 -1.01281 -0.631134 2.18285 3.83057 2.93099 0.690109 3.39982 -1.26369 -2.00731 5.94327 0.555748 8.20692 -0.10165 -0.225759 -0.387863 4.59683 3.67111 -1.55031 1.5021 -1.76125
internal_weight=65976 47069 18907 15807 15207 24278 9057 22791 21239 16813 16487 9641 6150 3100 2930 4426 2575 3311 7791 525 7176 212 13502 11874 9949 911 1781 6846 3220 600
internal_count=65976 47069 18907 15807 15207 24278 9057 22791 21239 16813 16487 9641 6150 3100 2930 4426 2575 3311 7791 525 7176 212 13502 11874 9949 911 1781 6846 3220 600
cat_boundaries=0 1
cat_threshold=9
is_linear=0
shrinkage=0.05


Tree=47
num_leaves=31
num_cat=3
split_feature=62 68 57 0 66 71 57 71 13 4 4 13 45 4 3 4 4 69 1 37 4 4 1 68 5 13 10 0 69 60
split_gain=2.83338e+07 8.65527e+06 5.38004e+06 3.0592e+06 1.95108e+06 1.79924e+06 1.71495e+06 1.31604e+06 1.2568e+06 1.19757e+06 1.18363e+06 995178 1.1194e+06 1.19025e+06 1.41016e+06 1.0691e+06 979722 965819 1.13112e+06 952647 930967 835522 733217 684580 668650 659135 540927 552767 538112 537778
threshold=1189.8925000000002 27.912500000000005 1049.8118674653251 2023.5000000000002 0.56666666666666676 28.541666666666671 765.14344850800205 25.866666666666671 0 6.5000000000000009 5.5000000000000009 1 1.0000000180025095e-35 1.5000000000000002 6.5000000000000009 1.5000000000000002 4.5000000000000009 62.410000000000025 4.5000000000000009 97.500000000000014 5.5000000000000009 2.5000000000000004 7.5000000000000009 31.687500000000007 1.0000000180025095e-35 2 1.0000000180025095e-35 2020.5000000000002 254.40250000000006 861.47870555939869
decision_type=2 2 2 2 2 2 2 2 9 2 2 9 2 2 2 2 2 2 2 2 2 2 2 2 2 9 2 2 2 2
left_child=2 4 6 8 -2 17 24 20 10 11 23 12 15 14 -14 -8 -5 18 -6 26 25 -15 -20 -3 -1 -4 27 -19 -23 -11
right_child=1 3 7 16 5 -7 9 -9 -10 29 -12 -13 13 21 -16 -17 -18 19 22 -21 -22 28 -24 -25 -26 -27 -28 -29 -30 -31
leaf_value=-2.0776066200549912 2.5668746407505569 2.1989154207291053 0.14885368897961959 5.5031256751204936 -1.1732103393155526 2.090833465055002 0.83674990746354472 1.2253932709635305 -0.49591751798809991 -3.1423247766016793 1.0692018638502414 -2.591279170965807 -2.9977633870268301 0.18659916875772606 -0.091462269526339707 -0.74777805335404546 3.1503147525486921 -0.23810040551968237 1.2814368826245315 1.8214522211711861 -0.75179189526208301 -1.2869190328055129 0.066120892598841269 3.6144341172486238 -4.3424628771635714 -2.4838588060773148 -6.1833632000287375 0.88743827924591356 -0.2055944945437764 -1.6417318257349998
leaf_weight=3266 1354 1764 8033 1096 1504 1810 1571 1640 410 795 1218 885 1544 1489 572 3302 742 1558 1592 1889 5880 6725 5630 1656 362 235 30 3638 1388 2398
leaf_count=3266 1354 1764 8033 1096 1504 1810 1571 1640 410 795 1218 885 1544 1489 572 3302 742 1558 1592 1889 5880 6725 5630 1656 362 235 30 3638 1388 2398
internal_value=-0.00126604 1.28801 -0.834013 2.80676 0.737728 0.597415 -1.30095 -0.115417 2.17084 -1.12496 2.40247 -0.962276 -0.873293 -1.13867 -2.21213 -0.236944 4.5533 0.426776 0.0742379 0.859137 -0.270841 -0.902109 0.334022 2.88432 -2.30359 0.0712004 0.511297 0.54995 -1.10192 -2.01535
internal_weight=65976 25891 40085 6886 19005 17651 24297 15788 5048 20669 4638 17476 16591 11718 2116 4873 1838 15841 8726 7115 14148 9602 7222 3420 3628 8268 5226 5196 8113 3193
internal_count=65976 25891 40085 6886 19005 17651 24297 15788 5048 20669 4638 17476 16591 11718 2116 4873 1838 15841 8726 7115 14148 9602 7222 3420 3628 8268 5226 5196 8113 3193
cat_boundaries=0 1 2 3
cat_threshold=1 1 1
is_linear=0
shrinkage=0.05


Tree=48
num_leaves=31
num_cat=3
split_feature=61 57 62 13 57 1 61 4 71 69 4 69 3 4 4 60 68 42 71 13 4 73 72 13 4 73 75 1 73 68
split_gain=2.56853e+07 6.90955e+06 5.38631e+06 2.25962e+06 2.2269e+06 1.91625e+06 1.66361e+06 1.37314e+06 1.09497e+06 1.06791e+06 1.04014e+06 1.03846e+06 1.03333e+06 2.25777e+06 1.13303e+06 835688 772094 761956 744959 715752 658518 643853 639654 553024 542699 518847 495785 470140 610928 463308
threshold=1275.1826959106004 1089.7799638323852 1671.7635000000002 0 829.11400000000015 7.5000000000000009 1502.0355000000002 5.5000000000000009 26.850000000000005 141.61000000000004 6.5000000000000009 207.3600000000001 6.5000000000000009 1.5000000000000002 1.5000000000000002 960.62594211358271 33.737500000000011 0.20833333350000002 26.50833333333334 1 2.5000000000000004 -2.6666666666666643 28.541666666666671 2 2.5000000000000004 0.64999999999999913 636.57875193327425 3.5000000000000004 0.68333333333333379 24.612500000000008
decision_type=2 2 2 9 2 2 2 2 2 2 2 2 2 2 2 2 2 2 2 9 2 2 2 9 2 2 2 2 2 2
left_child=1 4 3 6 19 16 11 12 9 10 27 18 13 -6 29 -9 -4 -5 20 26 -2 -11 -12 -8 -15 -7 -1 28 -3 -14
right_child=2 8 5 17 7 25 23 15 -10 21 22 -13 14 24 -16 -17 -18 -19 -20 -21 -22 -23 -24 -25 -26 -27 -28 -29 -30 -31
leaf_value=-3.933093835969105 1.1401603700479033 0.27065753246499874 3.8257385237705246 -6.0709054977743779 -2.9760645035552624 1.9686077231348749 2.2568726512311996 -2.3203584944184095 1.4439793723176666 2.0976599760928489 -1.2952974802843207 2.0451179675040976 0.44096155075505977 0.52743599470928726 -0.60264583151637507 -1.0557380562716021 6.2702167917060034 -0.093331167207044721 1.5557897523476594 -3.789376182980341 0.10224808340714904 0.44307962181975658 1.7930020742472779 -0.09838335665555574 -0.81311050906941762 3.6763220493158908 -1.6062881056162153 0.1770699068720894 -1.6041889323343401 2.6988909323513508
leaf_weight=236 2294 821 791 143 1209 1635 3786 1899 1474 716 2447 1694 2490 915 5367 4186 546 85 1951 427 4578 3288 180 275 4317 611 7648 8794 923 250
leaf_count=236 2294 821 791 143 1209 1635 3786 1899 1474 716 2447 1694 2490 915 5367 4186 546 85 1951 427 4578 3288 180 275 4317 611 7648 8794 923 250
internal_value=-0.00124383 -0.614517 1.58578 1.16482 -1.09805 3.32532 1.24228 -0.819707 0.136193 0.023916 -0.193555 0.911229 -0.555907 -1.02867 -0.180299 -1.4504 4.82401 -3.68098 0.693524 -1.78908 0.448722 0.738954 -1.08369 2.1027 -0.578669 2.43317 -1.67382 0.0283447 -0.721592 0.646977
internal_weight=65976 47587 18389 14806 28944 3583 14578 20633 18643 17169 13165 10517 14548 6441 8107 6085 1337 228 8823 8311 6872 4004 2627 4061 5232 2246 7884 10538 1744 2740
internal_count=65976 47587 18389 14806 28944 3583 14578 20633 18643 17169 13165 10517 14548 6441 8107 6085 1337 228 8823 8311 6872 4004 2627 4061 5232 2246 7884 10538 1744 2740
cat_boundaries=0 1 2 3
cat_threshold=11 11 1
is_linear=0
shrinkage=0.05


Tree=49
num_leaves=31
num_cat=3
split_feature=57 66 57 62 4 1 3 4 73 13 4 70 66 71 0 4 13 72 68 16 56 66 71 4 75 0 68 13 35 0
split_gain=2.33026e+07 7.64043e+06 3.64226e+06 2.76522e+06 1.69399e+06 1.58077e+06 1.44866e+06 2.71797e+06 1.42205e+06 1.34406e+06 1.22484e+06 1.22147e+06 1.16232e+06 968596 915687 867913 857820 781159 855657 744546 743209 732706 637132 572734 569149 566978 691247 544126 536322 533394
threshold=1168.8060002755603 25.408333333333335 868.09341781638921 1687.6401425000001 4.5000000000000009 7.5000000000000009 6.5000000000000009 1.5000000000000002 1.7833333333333348 0 6.5000000000000009 1.3083333333333338 0.56666666666666676 27.958333333333339 2020.5000000000002 5.5000000000000009 1 14.033333333333337 7.5375000000000014 1.0000000180025095e-35 953.56192423793516 22.991666666666671 28.541666666666671 6.5000000000000009 893.64833333333354 2020.5000000000002 10.062500000000002 2 60.500000000000007 2023.5000000000002
decision_type=2 2 2 2 2 2 2 2 2 9 2 2 2 2 2 2 9 2 2 2 2 2 2 2 2 2 2 9 2 2
left_child=2 8 16 9 6 -5 7 -4 12 10 14 -8 -2 15 -3 25 23 18 -10 21 -6 -13 -12 24 -1 -14 28 -11 -27 -21
right_child=1 3 4 5 20 -7 11 -9 17 27 22 19 13 -15 -16 -17 -18 -19 -20 29 -22 -23 -24 -25 -26 26 -28 -29 -30 -31
leaf_value=-1.4468659354557718 2.0979303798277966 1.5775881194988168 -3.0952358084162968 5.0541933256322071 -1.7598965559744806 2.6317357410903988 2.6754094231478884 -0.19806558185997639 0.10149472588302649 0.065635070780227928 -0.49294756835442971 -0.25087786820982633 0.013504685232865543 1.6339035827321184 3.0091763326818066 -0.20450982897979988 -3.5712427530524344 1.5228103383556828 -1.6254380290741957 0.77672679416227752 -0.74886539260671769 1.3490607282355354 2.265242155379422 -2.4019297729055311 -0.11211960057558662 0.86368231722585509 0.52438498488228991 -4.0119001944350385 2.2655500327604154 3.7671752749469776
leaf_weight=8642 1419 2339 1071 1135 2276 1656 467 3316 1533 280 704 7988 2253 1966 2138 3697 506 455 1348 1165 9027 786 298 1414 880 1402 4208 107 1329 171
leaf_count=8642 1419 2339 1071 1135 2276 1656 467 3316 1533 280 704 7988 2253 1966 2138 3697 506 455 1348 1165 9027 786 298 1414 880 1402 4208 107 1329 171
internal_value=-0.001194 1.08414 -0.814767 2.32135 -0.490443 3.61686 -0.141469 -0.905353 0.537958 1.70495 1.9041 0.175365 0.730735 0.600136 2.26125 0.442452 -1.55931 -0.402464 -0.706525 0.0598836 -0.952449 -0.107551 0.327352 -1.46161 -1.32351 0.702658 0.926417 -1.1344 1.54588 1.15949
internal_weight=65976 28267 37709 8657 26267 2791 14964 4387 19610 5866 5479 10577 16274 14855 4477 12889 11442 3336 2881 10110 11303 8774 1002 10936 9522 9192 6939 387 2731 1336
internal_count=65976 28267 37709 8657 26267 2791 14964 4387 19610 5866 5479 10577 16274 14855 4477 12889 11442 3336 2881 10110 11303 8774 1002 10936 9522 9192 6939 387 2731 1336
cat_boundaries=0 1 2 3
cat_threshold=9 11 2
is_linear=0
shrinkage=0.05


Tree=50
num_leaves=31
num_cat=2
split_feature=62 68 57 71 0 13 66 62 72 13 61 9 4 4 4 3 4 68 4 4 35 3 9 4 4 69 4 4 1 1
split_gain=2.11348e+07 6.3181e+06 4.21868e+06 1.91449e+06 1.90762e+06 1.59434e+06 1.59205e+06 1.40752e+06 1.05641e+06 970073 1.05633e+06 960732 866784 857682 814046 921854 1.11876e+06 783729 759078 747181 685864 667898 655548 616716 687887 584668 579089 557487 547318 871469
threshold=1200.3430000000001 29.862500000000008 1087.2760873573802 30.833333333333339 2023.5000000000002 0 0.56666666666666676 844.91296535882407 19.475000000000005 1 1440.0445000000002 1.0000000180025095e-35 6.5000000000000009 1.5000000000000002 4.5000000000000009 7.5000000000000009 1.5000000000000002 17.812500000000004 5.5000000000000009 1.5000000000000002 98.500000000000014 7.5000000000000009 1.0000000180025095e-35 1.5000000000000002 6.5000000000000009 52.804444444444478 1.5000000000000002 6.5000000000000009 4.5000000000000009 7.5000000000000009
decision_type=2 2 2 2 2 9 2 2 2 9 2 2 2 2 2 2 2 2 2 2 2 2 2 2 2 2 2 2 2 2
left_child=2 3 5 6 11 7 -2 17 18 10 20 13 22 -3 15 16 -9 23 -4 21 28 -10 -6 -1 -25 -22 -17 -15 -8 -30
right_child=1 4 8 -5 12 -7 9 14 19 -11 -12 -13 -14 27 -16 26 -18 -19 -20 -21 25 -23 -24 24 -26 -27 -28 -29 29 -31
leaf_value=-2.5707587194292074 2.3113013371402542 4.3431668501323264 0.14331700631669678 2.6435877097943896 5.037325384471675 -2.7275989570567276 -0.27266955954904748 -2.4838701017171974 -2.8491713758795818 -1.7034049207524047 1.2789088701528919 -0.95684098262736139 0.81637559075644062 2.309127004377364 -1.1304931310832509 0.66733592942747 -0.5555710897244478 -0.3425119024089609 -0.71360306792045769 1.104410565914363 -0.21308379207908268 2.0644351543820636 -0.048567029611388257 -1.1357304677147122 -2.3574160835915605 1.8016932720530203 -0.42014746218878668 0.30433011582264535 1.5215285848860551 0.17059836239325771
leaf_weight=1523 1300 465 6145 1252 1166 1350 3997 900 235 478 3925 235 157 2485 6746 2226 4580 1300 4460 2754 497 98 67 4541 1544 1307 2720 403 1517 5603
leaf_count=1523 1300 465 6145 1252 1166 1350 3997 900 235 478 3925 235 157 2485 6746 2226 4580 1300 4460 2754 497 98 67 4541 1544 1307 2720 403 1517 5603
internal_value=-0.00119127 1.14991 -0.696916 0.750955 2.74286 -1.05472 0.623723 -0.966706 0.0198889 0.497087 0.560203 2.13365 4.31542 2.35025 -0.702517 -0.4256 -0.872263 -1.47707 -0.217066 0.833918 0.342317 -1.40313 4.76096 -1.67093 -1.44572 1.24662 0.069286 2.02937 0.195571 0.45843
internal_weight=65976 24854 41122 19876 4978 27430 18624 26080 13692 17324 16846 3588 1390 3353 17172 10426 5480 8908 10605 3087 12921 333 1233 7608 6085 1804 4946 2888 11117 7120
internal_count=65976 24854 41122 19876 4978 27430 18624 26080 13692 17324 16846 3588 1390 3353 17172 10426 5480 8908 10605 3087 12921 333 1233 7608 6085 1804 4946 2888 11117 7120
cat_boundaries=0 1 2
cat_threshold=7 17
is_linear=0
shrinkage=0.05


Tree=51
num_leaves=31
num_cat=1
split_feature=61 57 70 13 72 68 68 73 69 0 57 4 1 67 72 68 0 72 0 0 4 72 71 4 0 71 68 4 4 72
split_gain=1.90988e+07 5.15904e+06 4.2084e+06 1.81408e+06 2.0589e+06 1.38243e+06 1.37797e+06 1.38779e+06 1.36316e+06 1.21689e+06 1.13718e+06 1.04544e+06 1.00273e+06 879628 858229 667855 652802 613572 682877 610612 607822 597401 578057 565776 554633 516148 505648 490133 477253 436296
threshold=1275.1826959106004 977.00108164625965 30.100000000000005 0 22.100000000000005 23.037500000000005 8.3375000000000039 -1.5833333333333326 134.94694444444443 2022.5000000000002 725.2505000000001 6.5000000000000009 7.5000000000000009 21.637500000000006 2.9833333333333338 18.962500000000006 2023.5000000000002 19.108333333333341 2020.5000000000002 2023.5000000000002 6.5000000000000009 0.56666666666666676 16.308333333333337 2.5000000000000004 2020.5000000000002 7.2833333333333341 37.037500000000009 6.5000000000000009 4.5000000000000009 6.991666666666668
decision_type=2 2 2 9 2 2 2 2 2 2 2 2 2 2 2 2 2 2 2 2 2 2 2 2 2 2 2 2 2 2
left_child=1 10 3 4 8 6 7 -3 28 -4 23 24 17 -6 -12 27 -10 -7 -19 -15 26 -9 -13 -1 -8 -5 -11 29 -2 -16
right_child=2 5 9 25 13 12 11 21 16 20 14 22 -14 19 15 -17 -18 18 -20 -21 -22 -23 -24 -25 -26 -27 -28 -29 -30 -31
leaf_value=-1.6085404732275852 0.57899245772577668 1.4272624437934338 2.1476382398687504 -6.7720754362816038 0.85386383126237142 0.34169393447670005 -0.78294315756361188 0.83225422525355608 1.0540812746736425 4.1447789327530575 0.79048616499252 -2.01113326122216 -0.42923955835605743 1.9338870442356624 -0.34931557287526244 -0.36997374335958383 2.515074542884522 0.73453000035111193 2.5142678388318762 3.3129861565335368 1.4279944456645421 -0.39527165435008599 -0.5126860928796374 -3.4010287895511548 -0.088464880787141098 -1.116842409284267 6.9864073231413562 -1.9459577308370362 -0.36809863917506563 -1.2279790107443294
leaf_weight=1074 4222 1960 1578 43 1290 1669 4599 1282 2457 1018 624 1668 1600 2542 1626 2665 1110 1085 1071 1173 175 4369 1048 746 7669 654 185 2058 1942 10774
leaf_count=1074 4222 1960 1578 43 1290 1669 4599 1282 2457 1018 624 1668 1600 2542 1626 2665 1110 1085 1071 1173 175 4369 1048 746 7669 654 185 2058 1942 10774
internal_value=-0.00116529 -0.529994 1.36734 1.0363 1.15386 -0.0949452 -0.267033 0.280836 0.730785 3.09565 -1.15299 -0.545319 0.621797 1.97873 -1.03092 -1.0973 1.50872 1.06145 1.61862 2.36933 4.18125 -0.116792 -1.43294 -2.34326 -0.348809 -1.445 4.58177 -1.23136 0.280607 -1.11276
internal_weight=65976 47587 18389 15433 14736 28020 22595 7611 9731 2956 19567 14984 5425 5005 17747 17123 3567 3825 2156 3715 1378 5651 2716 1820 12268 697 1203 14458 6164 12400
internal_count=65976 47587 18389 15433 14736 28020 22595 7611 9731 2956 19567 14984 5425 5005 17747 17123 3567 3825 2156 3715 1378 5651 2716 1820 12268 697 1203 14458 6164 12400
cat_boundaries=0 1
cat_threshold=1
is_linear=0
shrinkage=0.05


Tree=52
num_leaves=31
num_cat=4
split_feature=62 68 56 0 61 68 68 4 13 3 4 69 13 4 1 73 4 13 13 1 73 69 1 28 1 8 60 66 72 1
split_gain=1.74408e+07 6.27812e+06 2.70921e+06 1.95931e+06 1.53901e+06 1.2719e+06 1.0826e+06 1.07388e+06 1.03866e+06 1.11414e+06 1.14085e+06 961259 924561 968499 924211 829631 793227 606564 591492 624122 533850 533512 532843 1.05216e+06 947519 680947 517636 500756 706618 477730
threshold=1156.9450000000004 28.262500000000006 918.07234080820069 2023.5000000000002 1376.5660000000003 22.212500000000006 7.5375000000000014 5.5000000000000009 0 6.5000000000000009 1.5000000000000002 216.09000000000003 1 4.5000000000000009 3.5000000000000004 -1.6166666666666658 5.5000000000000009 2 3 7.5000000000000009 -1.2166666666666659 278.89000000000021 4.5000000000000009 90.500000000000014 7.5000000000000009 1.0000000180025095e-35 789.3649182580001 0.56666666666666676 23.208333333333339 8.5000000000000018
decision_type=2 2 2 2 2 2 2 2 9 2 2 2 9 2 2 2 2 9 9 2 2 2 2 2 2 2 2 2 2 2
left_child=2 4 7 12 6 11 15 8 9 10 -1 14 13 29 20 -2 21 27 19 -7 -4 -5 23 -8 -24 -25 -9 -6 -29 -3
right_child=1 3 5 16 17 18 22 26 -10 -11 -12 -13 -14 -15 -16 -17 -18 -19 -20 -21 -22 -23 24 25 -26 -27 -28 28 -30 -31
leaf_value=-2.5804284392333754 1.9456814409888488 2.851444494902371 -0.17557165230872163 3.973120639605459 2.7299207427202523 0.77679679788330303 -1.3203323303326686 -3.0269029283370728 -2.9223786254067825 -0.12332966192890715 -0.92463448264866477 0.23620441235653403 -0.55447660836290169 1.072258936901461 -0.52972812524001633 0.46381859566954464 1.89502293746474 -1.1945440738783892 -2.3007691525568319 -0.67396210271679069 -1.7625682353672625 7.35939237535462 1.1074775328684683 0.36032716738239823 -0.11851538336541123 9.6537309074401865 -1.6631778365336249 0.71406081368090812 1.8729063255234057 1.0171790238805292
leaf_weight=1307 1334 2235 654 1183 526 3494 1889 936 661 3228 5098 3011 405 1859 11679 3235 461 259 192 941 2793 129 2134 1363 6027 20 2712 3768 2021 422
leaf_count=1307 1334 2235 654 1183 526 3494 1889 936 661 3228 5098 3011 405 1859 11679 3235 461 259 192 941 2793 129 2134 1363 6027 20 2712 3768 2021 422
internal_value=-0.00110702 0.909262 -0.727051 2.25405 0.510519 -0.39088 0.245916 -1.27594 -1.01471 -0.879863 -1.26251 -0.579653 1.74059 1.94334 -0.742058 0.896475 3.67917 1.1546 0.349076 0.467926 -1.46147 4.30607 -0.0140683 -0.55315 0.202067 0.494722 -2.01308 1.25086 1.11863 2.56012
internal_weight=65976 29270 36706 6694 22576 22764 16002 13942 10294 9633 6405 18137 4921 4516 15126 4569 1773 6574 4627 4435 3447 1312 11433 3272 8161 1383 3648 6315 5789 2657
internal_count=65976 29270 36706 6694 22576 22764 16002 13942 10294 9633 6405 18137 4921 4516 15126 4569 1773 6574 4627 4435 3447 1312 11433 3272 8161 1383 3648 6315 5789 2657
cat_boundaries=0 1 2 3 4
cat_threshold=1 1 1 9
is_linear=0
shrinkage=0.05


Tree=53
num_leaves=31
num_cat=2
split_feature=62 70 57 69 0 13 68 66 71 72 4 3 4 4 0 1 13 4 4 3 4 2 60 14 0 73 57 69 51 37
split_gain=1.57853e+07 4.80952e+06 3.20299e+06 1.73198e+06 1.47033e+06 1.29485e+06 1.12525e+06 1.08815e+06 1.2868e+06 857446 827846 831989 1.68024e+06 821985 807335 791766 706592 646758 637866 625395 608508 545488 536562 521060 617080 516002 509423 507108 505516 497616
threshold=1200.3430000000001 28.141666666666669 1074.3153061897654 117.00027777777787 2023.5000000000002 0 22.587500000000006 20.075000000000006 1.5250000000000004 20.558333333333341 6.5000000000000009 7.5000000000000009 1.5000000000000002 1.5000000000000002 2023.5000000000002 8.5000000000000018 1 5.5000000000000009 1.5000000000000002 7.5000000000000009 2.5000000000000004 1.5000000000000002 809.50118010503763 1.0000000180025095e-35 2024.5000000000002 0.20000000000000465 744.82950000000017 303.92111111111126 0.20833333350000002 5.5000000000000009
decision_type=2 2 2 2 2 9 2 2 2 2 2 2 2 2 2 2 9 2 2 2 2 2 2 2 2 2 2 2 2 2
left_child=2 3 5 6 25 7 21 8 -1 17 11 12 -10 19 -5 16 29 -4 -13 -11 -14 -2 -12 -23 -25 -3 -22 -6 -19 -8
right_child=1 4 9 14 27 -7 15 -9 10 13 22 18 20 -15 -16 -17 -18 28 -20 -21 26 23 -24 24 -26 -27 -28 -29 -30 -31
leaf_value=0.38303501115979244 -2.2150885939028941 1.2753194053839967 0.10884942277603418 0.96108081588941252 3.5344851865409135 -2.8963052156842983 1.8876926817093396 0.10914560235938293 -2.4319415392651273 -2.7688555535942432 -3.1069300581950126 0.34941153121412072 -0.17332710599099643 1.0527739160940803 2.1770008184287408 0.056296775634515885 -1.0935822108729119 -0.98038686629700589 -0.80349057922977851 2.0062939042585994 -2.4498960519464155 -0.21230499492157212 -1.4959629356034974 0.37353755769116653 3.071194052207284 2.5112108487033087 -0.99229119789885223 7.784928241935936 0.12270477042921923 0.60929789416963853
leaf_weight=1615 288 1836 6880 4767 1357 807 2354 2558 2194 261 647 1752 2211 2617 1913 2059 287 3397 3806 93 651 5741 2570 1233 256 1564 7567 74 1496 1125
leaf_count=1615 288 1836 6880 4767 1357 807 2354 2558 2194 261 647 1752 2211 2617 1913 2059 287 3397 3806 93 651 5741 2570 1233 256 1564 7567 74 1496 1125
internal_value=-0.00110451 0.993711 -0.602368 0.652065 2.40973 -0.932279 0.323032 -0.868824 -0.977907 -0.0121338 -1.08062 -0.949803 -1.17424 0.746894 1.30929 0.844671 1.2757 -0.20368 -0.440071 -1.51437 -0.909653 -0.0811374 -1.81996 0.00386646 0.837339 1.84383 -1.10776 3.75428 -0.643124 1.47007
internal_weight=65976 24854 41122 20023 4831 26378 13343 25571 23013 14744 21398 18181 12623 2971 6680 5825 3766 11773 5558 354 10429 7518 3217 7230 1489 3400 8218 1431 4893 3479
internal_count=65976 24854 41122 20023 4831 26378 13343 25571 23013 14744 21398 18181 12623 2971 6680 5825 3766 11773 5558 354 10429 7518 3217 7230 1489 3400 8218 1431 4893 3479
cat_boundaries=0 1 2
cat_threshold=15 1
is_linear=0
shrinkage=0.05


Tree=54
num_leaves=31
num_cat=4
split_feature=66 62 62 68 13 56 1 1 73 19 1 73 13 4 1 4 3 72 66 1 13 4 69 13 3 4 72 72 73 10
split_gain=1.44344e+07 5.79161e+06 2.41034e+06 2.03833e+06 1.6297e+06 1.376e+06 1.30073e+06 1.11047e+06 962927 888260 1.10164e+06 858244 817797 796608 756579 736630 1.24355e+06 1.07249e+06 914805 745460 687804 776869 663442 643320 632539 938452 632463 590283 563632 498926
threshold=23.658333333333335 1098.900065725895 1687.6401425000001 5.262500000000002 0 918.07234080820069 7.5000000000000009 8.5000000000000018 -2.5999999999999988 1.0000000180025095e-35 4.5000000000000009 1.0666666666666653 1 5.5000000000000009 7.5000000000000009 1.5000000000000002 6.5000000000000009 28.541666666666671 3.4250000000000003 3.5000000000000004 2 5.5000000000000009 108.1600000000001 3 6.5000000000000009 1.5000000000000002 -1.0000000180025095e-35 9.2750000000000039 -1.0000000180025095e-35 1.0000000180025095e-35
decision_type=2 2 2 2 9 2 2 2 2 2 2 2 9 2 2 2 2 2 2 2 9 2 2 9 2 2 2 2 2 2
left_child=1 5 4 8 7 12 -4 20 -3 10 11 -5 -1 24 23 16 -7 18 -17 -20 21 22 -2 -12 25 -14 -10 28 -11 -28
right_child=2 3 6 9 -6 15 -8 -9 26 27 14 -13 13 -15 -16 17 -18 -19 19 -21 -22 -23 -24 -25 -26 -27 29 -29 -30 -31
leaf_value=-3.2787257812522981 1.5446458744636786 2.3992556245071208 4.0413754117500744 -0.24122207159747766 -3.6764250027636685 -2.5139867934779589 1.9384670017994592 -0.01416465209596523 1.4530049309629665 2.0793324698332563 1.0656959072556245 -1.5159801488763651 -2.3426227095484635 -1.776774774935586 -0.10972857029929713 0.35942501709832869 0.45328118030080822 0.89621531238700036 -1.5432991872073074 -0.52409190249354842 -0.11449577028614394 0.81807729761775283 2.7808112776805505 -1.4320441903339494 -0.27397812437174618 -0.85784455306872975 0.27706486261397995 -0.49147492379775182 0.30348721990696137 -5.8263502191094796
leaf_weight=453 3172 1122 1191 3531 164 1070 1922 1507 1751 1046 2662 2109 1337 3445 7998 2304 527 1431 2270 8557 634 2114 1650 278 2901 5216 2204 596 780 34
leaf_count=453 3172 1122 1191 3531 164 1070 1922 1507 1751 1046 2662 2109 1337 3445 7998 2304 527 1431 2270 8557 634 2114 1650 278 2901 5216 2204 596 780 34
internal_value=-0.00107952 -0.356063 1.53971 0.218824 1.13436 -0.825756 2.74302 1.22398 1.10521 -0.0196144 -0.150287 -0.7179 -1.20135 -1.12498 0.142394 -0.515405 -1.53481 -0.403608 -0.545261 -0.73778 1.47208 1.61494 1.96764 0.828269 -0.888662 -1.16078 0.74123 0.874807 1.32076 0.184341
internal_weight=65976 53622 12354 24111 9241 29511 3113 9077 5111 19000 16578 5640 13352 12899 10938 16159 1597 14562 13131 10827 7570 6936 4822 2940 9454 6553 3989 2422 1826 2238
internal_count=65976 53622 12354 24111 9241 29511 3113 9077 5111 19000 16578 5640 13352 12899 10938 16159 1597 14562 13131 10827 7570 6936 4822 2940 9454 6553 3989 2422 1826 2238
cat_boundaries=0 1 2 3 4
cat_threshold=11 176 1 1
is_linear=0
shrinkage=0.05


Tree=55
num_leaves=31
num_cat=2
split_feature=62 70 57 69 0 13 4 3 4 4 68 4 71 0 3 9 13 60 4 57 2 68 27 73 70 73 69 45 1 69
split_gain=1.30692e+07 3.89091e+06 2.70828e+06 1.40092e+06 1.25215e+06 1.15537e+06 955852 1.11537e+06 1.78194e+06 940521 879245 782291 777524 741139 673881 579253 565983 551612 535823 534470 505360 467148 482884 459404 451752 422371 410473 393440 466173 392584
threshold=1205.4805000000003 28.141666666666669 1087.2760873573802 117.00027777777787 2023.5000000000002 0 6.5000000000000009 7.5000000000000009 1.5000000000000002 1.5000000000000002 22.587500000000006 2.5000000000000004 24.975000000000005 2023.5000000000002 11.500000000000002 1.0000000180025095e-35 1 822.33981500800212 5.5000000000000009 744.82950000000017 1.5000000000000002 11.387500000000005 1.0000000180025095e-35 0.20000000000000465 34.291666666666679 -1.9916666666666669 268.96000000000015 0.45833333350000005 3.5000000000000004 84.027777777777843
decision_type=2 2 2 2 2 9 2 2 2 2 2 2 2 2 2 2 9 2 2 2 2 2 2 2 2 2 2 2 2 2
left_child=2 3 5 10 23 6 7 8 -1 -9 20 -10 16 -5 15 -12 18 -8 29 -13 -2 22 -22 -3 -6 -16 -21 28 -20 -4
right_child=1 4 12 13 24 -7 17 9 11 -11 14 19 -14 -15 25 -17 -18 -19 27 26 21 -23 -24 -25 -26 -27 -28 -29 -30 -31
leaf_value=-2.0602847592162674 -2.1311864672195786 1.1331465721451646 -0.10133459487076733 0.86341516604779545 3.0505066810526387 -2.2460675507944323 -2.6388136252908607 0.70916867331616795 0.14358646041713302 -0.51213900072798324 1.4753972947933034 -2.2276052432669857 0.93359117636194888 2.0375308301891129 -1.5186222462559513 -2.3644265227458057 -3.5301201660771016 -1.1714169881098633 -1.6229663550754634 -0.8690956383277888 0.16390406314067291 -0.29007450870301893 1.7434309982804592 2.3028363825319755 5.4835182482056686 0.44822283017337938 0.070883019705402214 0.20456425400574232 -0.38551792726336243 0.67140538717190512
leaf_weight=2604 283 1827 4377 4653 1196 1360 807 2342 2631 4822 2648 637 2014 1890 304 102 111 3103 1109 7853 1946 4390 644 1553 227 2673 1363 1449 2426 2632
leaf_count=2604 283 1827 4377 4653 1196 1360 807 2342 2631 4822 2648 637 2014 1890 304 102 111 3103 1109 7853 1946 4390 644 1553 227 2673 1363 1449 2426 2632
internal_value=-0.0010819 0.919437 -0.539068 0.605933 2.19441 -0.827875 -0.753006 -0.626606 -0.870532 -0.112878 0.305411 -0.622365 0.0239399 1.20257 0.768661 1.33297 -0.127418 -1.47428 -0.0929039 -0.826893 -0.0598686 0.0241117 0.556651 1.67058 3.43863 0.247376 -0.730078 -0.48931 -0.77373 0.188843
internal_weight=65976 24336 41640 19533 4803 27522 26162 22252 15088 7164 12990 12484 14118 6543 5727 2750 12104 3910 11993 9853 7263 6980 2590 3380 1423 2977 9216 4984 3535 7009
internal_count=65976 24336 41640 19533 4803 27522 26162 22252 15088 7164 12990 12484 14118 6543 5727 2750 12104 3910 11993 9853 7263 6980 2590 3380 1423 2977 9216 4984 3535 7009
cat_boundaries=0 1 2
cat_threshold=7 11
is_linear=0
shrinkage=0.05


Tree=56
num_leaves=31
num_cat=4
split_feature=66 62 0 68 68 73 71 56 13 1 4 35 13 4 72 2 1 1 72 1 71 66 1 13 63 4 4 73 2 13
split_gain=1.19581e+07 4.53027e+06 2.21724e+06 1.76158e+06 1.74844e+06 1.58366e+06 1.18999e+06 1.16932e+06 827603 740234 728532 727878 678651 683039 623616 618278 613845 592590 570555 561732 560343 716199 641694 549214 527716 504364 496196 482905 466022 465747
threshold=23.083333333333339 1111.0845000000002 2020.5000000000002 9.6375000000000046 32.962500000000013 -0.80000000000000326 30.833333333333339 918.07234080820069 0 4.5000000000000009 6.5000000000000009 91.500000000000014 1 5.5000000000000009 23.208333333333339 30.500000000000004 8.5000000000000018 7.5000000000000009 7.1000000000000005 9.5000000000000018 24.158333333333342 3.291666666666667 3.5000000000000004 2 1261.9275000000002 1.5000000000000002 1.5000000000000002 -0.64999999999999758 2.5000000000000004 3
decision_type=2 2 2 2 2 2 2 2 9 2 2 2 9 2 2 2 2 2 2 2 2 2 2 9 2 2 2 2 2 9
left_child=1 7 8 5 6 -3 14 12 16 11 29 -5 -1 18 25 19 -2 23 -14 24 21 -9 -23 -11 -7 -4 -22 -27 -10 -6
right_child=2 3 4 9 10 15 -8 20 28 17 -12 -13 13 -15 -16 -17 -18 -19 -20 -21 26 22 -24 -25 -26 27 -28 -29 -30 -31
leaf_value=-2.939716726461306 1.0222362017592876 1.52963007965519 2.1681836550289328 -1.343321601738124 3.830083421394229 -0.54046791138553618 2.7295713869856124 0.19284661177788431 3.2716025547778353 0.94902578881176947 0.61379969437071624 0.31463578131617198 0.24810176466325795 -1.6220732128579247 1.7389399383441031 -3.0244174911071444 -0.33504700209392385 -0.21063633064609266 -0.9431569431301936 1.1604848261544556 -1.5298355325618211 -1.3992767337530645 -0.52859495518926003 -1.6041905181585474 0.53205712487635237 -0.75010244764242939 0.81041889162830449 0.78486124173806959 -1.9675166643837034 0.30499068059462814
leaf_weight=473 3749 3632 445 2244 1450 2185 1417 2633 47 2171 235 939 1142 3443 2146 144 1071 6647 8387 1419 272 2687 9961 225 2414 721 1354 1771 438 114
leaf_count=473 3749 3632 445 2244 1450 2185 1417 2633 47 2171 235 939 1142 3443 2146 144 1071 6647 8387 1419 272 2687 9961 225 2414 721 1354 1771 438 114
internal_value=-0.00107158 -0.344149 1.31969 0.201819 1.83005 0.70148 1.44824 -0.740242 0.521305 -0.198448 3.20955 -0.854216 -1.08826 -1.0177 1.09104 0.213352 0.719157 0.0323721 -0.800391 0.290826 -0.463491 -0.557387 -0.713567 0.706528 0.022497 0.617639 0.418937 0.340757 -1.43032 3.59958
internal_weight=65976 52372 13604 22020 8299 9794 6500 30352 5305 12226 1799 3183 13445 12972 5083 6162 4820 9043 9529 6018 16907 15281 12648 2396 4599 2937 1626 2492 485 1564
internal_count=65976 52372 13604 22020 8299 9794 6500 30352 5305 12226 1799 3183 13445 12972 5083 6162 4820 9043 9529 6018 16907 15281 12648 2396 4599 2937 1626 2492 485 1564
cat_boundaries=0 1 2 3 4
cat_threshold=1 176 1 1
is_linear=0
shrinkage=0.05


Tree=57
num_leaves=31
num_cat=4
split_feature=61 57 68 72 66 68 13 72 13 4 71 0 66 13 1 69 1 73 4 4 61 57 60 73 72 69 13 4 9 1
split_gain=1.09587e+07 3.89391e+06 1.70963e+06 1.15242e+06 1.28484e+06 1.23356e+06 1.10597e+06 1.12178e+06 845710 839505 820010 714837 666836 619261 843070 602433 584826 575385 573209 572638 556887 535388 525821 502466 451577 420280 405187 390702 414630 390134
threshold=1370.5360000000003 1089.7799638323852 33.737500000000011 6.991666666666668 11.775000000000002 18.512500000000006 0 23.208333333333339 1 3.5000000000000004 23.658333333333335 2023.5000000000002 27.775000000000006 2 7.5000000000000009 113.95569444444443 10.500000000000002 0.56666666666666787 4.5000000000000009 6.5000000000000009 2055.6525000000006 707.01897240001915 1006.2064419446601 -0.29999999999999799 -0.62499999999999967 115.56250000000004 3 1.5000000000000002 1.0000000180025095e-35 4.5000000000000009
decision_type=2 2 2 2 2 2 9 2 9 2 2 2 2 9 2 2 2 2 2 2 2 2 2 2 2 2 9 2 2 2
left_child=1 3 6 4 11 16 7 18 9 12 15 23 24 14 29 19 21 -9 25 -11 27 -5 -17 -1 -3 -2 -8 28 -4 -7
right_child=2 8 20 5 -6 13 26 17 -10 10 -12 -13 -14 -15 -16 22 -18 -19 -20 -21 -22 -23 -24 -25 -26 -27 -28 -29 -30 -31
leaf_value=0.65536861751389541 0.7274010442268527 1.8745657274727343 5.1264929404070507 -2.2841797890136371 -1.7825676225954354 -0.74610409884319928 -3.774036111150469 1.512125571568278 -2.9335673738288008 -0.20614813010673078 0.74766901440983569 2.2143493917267936 2.7100314280534743 -1.649846228279656 -0.85507042519350118 -0.7852804909867388 -0.52754303048604545 2.9093530143350987 0.17765342646741991 -1.1581984291393477 4.9130264558680796 -1.1184040092357026 0.55009084413360954 -0.48760246649970207 0.39659969100499137 1.7064213285773873 -0.38832590201554518 2.0863921321888945 -2.4421576195955277 0.64616715050007389
leaf_weight=2025 2459 556 190 1067 861 608 102 2347 209 6246 2803 452 357 685 2123 931 4087 1074 2206 2114 257 12795 3541 1831 7335 1978 457 1342 20 2918
leaf_count=2025 2459 556 190 1067 861 608 102 2347 209 6246 2803 452 357 685 2123 931 4087 1074 2206 2114 257 12795 3541 1831 7335 1978 457 1342 20 2918
internal_value=-0.00101391 -0.311522 1.33633 -0.697166 -0.0192655 -0.841467 1.09437 1.21397 0.159921 0.188141 -0.0270893 0.333149 0.596363 -0.241565 -0.0677558 -0.196326 -1.05317 1.95078 0.836352 -0.446894 2.7572 -1.20814 0.272088 0.112635 0.500737 1.16385 -1.06158 2.40021 4.40567 0.406093
internal_weight=65976 53544 12432 29452 5169 24283 10623 10064 24092 23883 15635 4308 8248 6334 5649 12832 17949 3421 6643 8360 1809 13862 4472 3856 7891 4437 559 1552 210 3526
internal_count=65976 53544 12432 29452 5169 24283 10623 10064 24092 23883 15635 4308 8248 6334 5649 12832 17949 3421 6643 8360 1809 13862 4472 3856 7891 4437 559 1552 210 3526
cat_boundaries=0 1 2 3 4
cat_threshold=1 27 1 132
is_linear=0
shrinkage=0.05


Tree=58
num_leaves=31
num_cat=3
split_feature=66 62 0 69 70 75 72 0 7 66 1 1 66 13 73 13 13 38 72 1 1 2 73 72 73 0 4 4 1 72
split_gain=9.91792e+06 3.86955e+06 1.81732e+06 1.50771e+06 1.35049e+06 1.05854e+06 1.02456e+06 858801 813449 802899 1.13035e+06 837956 1.03721e+06 776382 760908 739067 650633 539216 513960 485078 484605 1.0761e+06 462830 432673 427929 419196 417055 414306 407994 402559
threshold=23.658333333333335 1111.0845000000002 2020.5000000000002 254.40250000000006 31.066666666666674 779.23078928007715 22.541666666666671 2023.5000000000002 1.0000000180025095e-35 -3.4499999999999997 4.5000000000000009 7.5000000000000009 10.408333333333337 0 -1.9916666666666669 1 2 81.500000000000014 6.7916666666666687 7.5000000000000009 10.500000000000002 30.500000000000004 2.5666666666666695 8.1750000000000025 -4.3083333333333336 2020.5000000000002 1.5000000000000002 1.5000000000000002 8.5000000000000018 28.775000000000006
decision_type=2 2 2 2 2 2 2 2 2 2 2 2 2 9 2 9 9 2 2 2 2 2 2 2 2 2 2 2 2 2
left_child=1 5 16 7 6 -1 -4 15 17 -7 14 13 18 29 -11 20 28 22 -13 -8 25 -22 -9 -19 -5 -3 -6 -26 -2 -12
right_child=2 3 4 24 26 9 19 8 -10 10 11 12 -14 -15 -16 -17 -18 23 -20 -21 21 -23 -24 -25 27 -27 -28 -29 -30 -31
leaf_value=-1.4053990970673935 0.87751445905472547 -0.61368211319357335 0.70075227925441963 2.7924181138927286 5.112229013584237 1.0249322503772109 2.5810584395857354 0.64532331069799387 -0.9560731482864484 0.010904648696146236 0.071949432690752116 0.93757097277456658 -1.1007328095325408 -1.4689386323166307 -1.2144834893327614 -2.2385126785137497 -2.1496780918335374 2.435669950799277 -0.36940780319254185 1.3477896307484278 0.62209819015758527 -6.142143273353577 -1.7916156165319799 0.58151475890210269 2.8542735681259379 0.0073597716848973127 2.7283301960388107 0.77018918113857415 -0.29924085402148876 1.1238300664244578
leaf_weight=4144 3647 4370 2745 440 211 789 1741 3316 740 1501 5058 1016 5361 715 8121 398 210 783 2897 1471 2932 60 207 526 278 7184 1406 1677 923 1109
leaf_count=4144 3647 4370 2745 440 211 789 1741 3316 740 1501 5058 1016 5361 715 8121 398 210 783 2897 1471 2932 60 207 526 278 7184 1406 1677 923 1109
internal_value=-0.00102949 -0.295282 1.27616 0.196479 1.75792 -0.662144 1.41007 0.0578949 0.587678 -0.546209 -0.594298 -0.338782 -0.648979 0.0792309 -1.02333 -0.139639 0.512796 0.824096 -0.0300543 2.01626 -0.0806166 0.486452 0.502137 1.69061 1.38362 -0.227533 3.0394 1.06654 0.638449 0.260684
internal_weight=65976 53622 12354 22911 7574 30711 5957 20516 5572 26567 25778 16156 9274 6882 9622 14944 4780 4832 3913 3212 14546 2992 3523 1309 2395 11554 1617 1955 4570 6167
internal_count=65976 53622 12354 22911 7574 30711 5957 20516 5572 26567 25778 16156 9274 6882 9622 14944 4780 4832 3913 3212 14546 2992 3523 1309 2395 11554 1617 1955 4570 6167
cat_boundaries=0 1 2 3
cat_threshold=1 1 3
is_linear=0
shrinkage=0.05


Tree=59
num_leaves=31
num_cat=3
split_feature=62 62 57 1 13 13 67 69 57 73 72 1 0 71 1 73 1 72 13 71 1 63 19 1 2 68 74 68 4 72
split_gain=9.0665e+06 2.34872e+06 2.27346e+06 1.00729e+06 923753 863733 933754 861652 814778 743081 871271 742581 687164 671509 706138 604514 577931 679004 637030 566421 531907 528682 518888 518811 506972 500361 425107 416038 397958 388905
threshold=1254.1130000000003 1609.16161988933 1044.0039623573803 7.5000000000000009 0 1 20.437500000000004 64.534444444444475 725.2505000000001 0.050000000000001162 6.6916666666666682 4.5000000000000009 2023.5000000000002 -0.31666666666666649 4.5000000000000009 -2.1499999999999972 7.5000000000000009 11.191666666666668 2 26.350000000000005 7.5000000000000009 1818.6935000000001 1.0000000180025095e-35 7.5000000000000009 15.500000000000002 7.9125000000000023 0.066666666666666499 21.162500000000005 3.5000000000000004 20.308333333333337
decision_type=2 2 2 2 9 9 2 2 2 2 2 2 2 2 2 2 2 2 9 2 2 2 2 2 2 2 2 2 2 2
left_child=2 4 8 21 26 6 9 19 -1 10 22 25 28 -10 15 -15 18 -18 27 -6 -13 -3 -4 29 -23 -11 -2 -16 -9 -8
right_child=1 3 5 -5 7 -7 23 12 13 11 -12 20 -14 14 16 -17 17 -19 -20 -21 -22 24 -24 -25 -26 -27 -28 -29 -30 -31
leaf_value=-1.733515286417985 -0.89408092707395559 2.3235804179529231 0.52623456865965756 1.2879361711522519 -0.083759207200604591 -2.8985529007331934 0.40968756764866687 1.1244653519261436 0.71537528073259593 -0.44344409548396702 -0.21101809188836373 0.69495856584369786 1.7129410187124556 -0.054013294124645589 -0.11753191391601424 -1.2244513345782639 0.045121629522352873 -1.0007859968379893 -1.4794889441128183 0.93992396373733789 -0.42577637791969547 0.8585460594722204 2.1315472038697054 -0.44826837983283518 5.1937939548527297 -1.5879589909607494 -6.2094486542151017 0.98068628870270658 0.32166642303484644 1.4309858784183485
leaf_weight=1820 80 1378 2414 2833 4779 246 1902 2880 886 1990 5007 1573 2257 1303 3448 7194 2099 5952 673 1884 3238 84 636 866 342 1836 71 1150 3327 1828
leaf_count=1820 80 1378 2414 2833 4779 246 1902 2880 886 1990 5007 1573 2257 1303 3448 7194 2099 5952 673 1884 3238 84 636 866 342 1836 71 1150 3327 1828
internal_value=-0.00102241 0.890379 -0.38643 1.876 0.591235 -0.0115702 0.0231387 0.630593 -0.715604 -0.150594 0.19479 -0.472785 0.965826 -0.634009 -0.688803 -1.04497 -0.461636 -0.728104 -0.0546294 0.205693 -0.0593419 2.7995 0.860982 0.654236 4.33896 -0.992668 -3.18259 0.156801 0.694159 0.910206
internal_weight=65976 19915 46061 4637 15278 21536 21290 15127 24525 16694 8057 8637 8464 22705 21819 8497 13322 8051 5271 6663 4811 1804 3050 4596 426 3826 151 4598 6207 3730
internal_count=65976 19915 46061 4637 15278 21536 21290 15127 24525 16694 8057 8637 8464 22705 21819 8497 13322 8051 5271 6663 4811 1804 3050 4596 426 3826 151 4598 6207 3730
cat_boundaries=0 1 2 3
cat_threshold=132 11 1
is_linear=0
shrinkage=0.05


Tree=60
num_leaves=31
num_cat=3
split_feature=61 57 68 13 72 69 68 72 73 63 4 13 69 13 1 0 73 65 69 72 71 4 72 40 73 3 0 54 1 62
split_gain=8.24734e+06 2.87668e+06 1.41099e+06 1.07628e+06 976181 1.13472e+06 1.00585e+06 954273 706247 702546 622262 581135 605201 548196 692045 545241 529884 525415 505143 489752 485892 588631 500503 474756 448416 430543 578655 414282 412972 385536
threshold=1370.5360000000003 1100.0090000000002 34.862500000000004 0 6.991666666666668 43.780277777777755 18.512500000000006 23.208333333333339 2.3166666666666682 951.6925540364972 1.5000000000000002 1 115.56250000000004 2 7.5000000000000009 2022.5000000000002 0.81666666666666521 1.0000000180025095e-35 139.63361111111121 12.008333333333336 28.141666666666669 6.5000000000000009 28.333333333333339 64.500000000000014 -2.0416666666666692 10.500000000000002 2020.5000000000002 1.0000000180025095e-35 5.5000000000000009 1901.7920000000001
decision_type=2 2 2 9 2 2 2 2 2 2 2 9 2 9 2 2 2 2 2 2 2 2 2 2 2 2 2 2 2 2
left_child=1 4 3 7 5 -1 17 10 11 -7 -2 -3 20 14 -8 23 -9 -6 24 -10 21 -13 -23 -11 -12 -14 -27 -25 -19 -4
right_child=2 8 29 -5 6 9 13 16 19 15 18 12 25 -15 -16 -17 -18 28 -20 -21 -22 22 -24 27 -26 26 -28 -29 -30 -31
leaf_value=-1.5004945399803649 1.8629502180934783 -2.6950253109256908 2.2515620778628196 -1.0371803234875203 -0.82902182177596329 -0.31892533868503964 0.37945431727676981 1.4281637679690609 -0.95029808684006134 -0.15474668179830173 -1.3518487122238561 0.16466162659319822 0.0033906878284978292 -1.4929991276112011 -0.72622797197062228 2.3018071668130076 2.8490584556509599 -2.2741667577990459 1.1694302148190523 0.66544349525366386 1.04205094518934 -0.99271001698539241 1.3643916829833835 2.3830713086110591 0.40388064030062581 0.32374350094847554 1.4978549582051437 -0.033571908844128098 -0.53803023466744371 4.2823563609283708
leaf_weight=1004 1093 156 832 615 16653 2048 3723 2768 2161 1070 408 10835 1584 719 2283 564 860 1166 2184 599 1255 1987 254 475 3347 1908 2332 283 485 325
leaf_count=1004 1093 156 832 615 16653 2048 3723 2768 2161 1070 408 10835 1584 719 2283 564 860 1166 2184 599 1255 1987 254 475 3347 1908 2332 283 485 325
internal_value=-0.00100447 -0.270374 1.15916 0.988522 -0.589261 0.0175317 -0.721243 1.10533 0.150823 0.360797 0.766563 0.2528 0.276816 -0.198315 -0.0407696 0.942767 1.76498 -0.91337 0.564787 -0.599635 0.10229 0.0120946 -0.725551 0.523457 0.213112 0.706743 0.969505 1.48082 -1.76416 2.82201
internal_weight=65976 53544 12432 11275 30473 5444 25029 10660 23071 4440 7032 20311 20155 6725 6006 2392 3628 18304 5939 2760 14331 13076 2241 1828 3755 5824 4240 758 1651 1157
internal_count=65976 53544 12432 11275 30473 5444 25029 10660 23071 4440 7032 20311 20155 6725 6006 2392 3628 18304 5939 2760 14331 13076 2241 1828 3755 5824 4240 758 1651 1157
cat_boundaries=0 1 2 3
cat_threshold=1 164 1
is_linear=0
shrinkage=0.05


Tree=61
num_leaves=31
num_cat=3
split_feature=66 62 0 69 4 71 69 0 13 71 69 1 13 7 4 4 63 13 68 4 71 19 34 73 66 72 4 73 3 4
split_gain=7.57636e+06 3.12717e+06 1.36208e+06 1.24966e+06 997351 861456 1.022e+06 812338 794716 780114 778166 727935 698273 680729 646095 641291 525524 513349 499967 466585 466114 521820 446067 495377 420034 407105 378846 361349 352499 351464
threshold=24.558333333333337 1098.900065725895 2020.5000000000002 273.90250000000015 3.5000000000000004 21.991666666666671 219.04000000000011 2020.5000000000002 0 30.341666666666669 96.694444444444443 4.5000000000000009 1 1.0000000180025095e-35 2.5000000000000004 1.5000000000000002 927.47150000000011 2 11.512500000000005 6.5000000000000009 26.675000000000001 1.0000000180025095e-35 57.500000000000007 -1.2999999999999994 34.291666666666679 2.1583333333333341 1.5000000000000002 0.43333333333333629 10.500000000000002 1.5000000000000002
decision_type=2 2 2 2 2 2 2 2 9 2 2 2 9 2 2 2 2 9 2 2 2 2 2 2 2 2 2 2 2 2
left_child=1 5 17 7 8 6 11 -3 10 19 -4 16 -13 14 18 -7 -1 -2 -9 24 21 -16 -18 -24 -6 -8 -12 -11 -23 -5
right_child=2 3 4 29 9 15 25 13 -10 27 26 12 -14 -15 20 -17 22 -19 -20 -21 -22 28 23 -25 -26 -27 -28 -29 -30 -31
leaf_value=-1.6705531664124671 0.61963119653510201 -0.40241741315725882 1.6785959558501593 2.9488669876333731 0.86854450875686917 -1.3374274023567527 0.90402667499732969 1.4548065407729112 -0.52951766205870587 1.550739814558765 4.6154085325648717 -2.9105308770392995 -0.54955501716022537 -0.74460058513393934 -0.1205417166963621 0.41486087549805717 -1.3427057792891339 -2.0887729592945266 0.40704374744955402 -0.45223565550931238 1.1645296897270228 -0.66291975287720561 0.97989105268198762 -0.76698490813893094 3.6597093966089447 -0.24835719596383463 2.8599970057150781 3.4492043988345173 1.4053581421969519 1.0706583048805189
leaf_weight=3451 3851 6647 1167 287 1914 626 986 1944 220 640 453 312 13465 1555 8149 3147 2268 174 2748 672 993 260 535 1681 145 3441 956 412 992 1885
leaf_count=3451 3851 6647 1167 287 1914 626 986 1944 220 640 453 312 13465 1555 8149 3147 2268 174 2748 672 993 260 535 1681 145 3441 956 412 992 1885
internal_value=-0.000993841 -0.235469 1.22339 0.171812 1.66663 -0.582132 -0.684076 0.0648324 2.38271 1.13738 2.6233 -0.825251 -0.605534 0.251468 0.354139 0.124129 -1.20673 0.498897 0.841155 0.691743 0.134293 0.0254719 -0.849758 -0.345244 1.06511 0.00830657 3.42437 2.29424 0.975844 1.31884
internal_weight=65976 55372 10604 25460 6579 29912 26139 23288 2796 3783 2576 21712 13777 16641 15086 3773 7935 4025 4692 2731 10394 9401 4484 2216 2059 4427 1409 1052 1252 2172
internal_count=65976 55372 10604 25460 6579 29912 26139 23288 2796 3783 2576 21712 13777 16641 15086 3773 7935 4025 4692 2731 10394 9401 4484 2216 2059 4427 1409 1052 1252 2172
cat_boundaries=0 1 2 3
cat_threshold=1 48 3
is_linear=0
shrinkage=0.05


Tree=62
num_leaves=31
num_cat=4
split_feature=66 63 68 70 13 1 16 1 68 1 73 4 73 13 69 1 13 73 1 66 34 72 2 63 72 13 4 0 62 72
split_gain=6.88653e+06 2.57687e+06 1.79475e+06 1.50873e+06 1.17108e+06 1.01827e+06 959756 883369 912754 778905 753294 748985 627018 626497 550601 549369 625655 535191 523455 899795 504145 499804 673266 476490 447119 408133 366635 355430 351706 351176
threshold=23.083333333333339 1056.6762209786452 5.262500000000002 31.850000000000005 0 8.5000000000000018 1.0000000180025095e-35 4.5000000000000009 -1.3124999999999996 4.5000000000000009 -4.3083333333333336 3.5000000000000004 0.90000000000000402 1 90.250000000000028 7.5000000000000009 2 -1.3666666666666638 7.5000000000000009 10.408333333333337 97.500000000000014 9.4750000000000032 30.500000000000004 750.03427599302859 0.56666666666666676 3 1.5000000000000002 2024.5000000000002 1211.0070402922852 8.6750000000000025
decision_type=2 2 2 2 9 2 2 2 2 2 2 2 2 9 2 2 9 2 2 2 2 2 2 2 2 9 2 2 2 2
left_child=1 7 10 4 5 11 9 8 -1 12 -3 14 -4 -9 -2 16 -11 -13 23 -20 -8 22 -17 -15 26 -6 -12 -5 -23 -22
right_child=3 2 6 27 25 -7 20 13 -10 15 24 17 -14 18 -16 21 -18 -19 19 -21 29 28 -24 -25 -26 -27 -28 -29 -30 -31
leaf_value=0.31752879661960631 1.2348782592251337 2.4993386621305658 -0.27764824049982023 2.1226095262216869 -0.39746487183374879 -0.012850479903135493 0.11338974034533911 -2.5332996835993296 -1.1824886695267962 0.83614757905243742 2.7599962934104254 -0.50856815374924025 -1.2446252048040001 -0.86075194692622936 2.4721632892007603 0.55090658549318794 -1.544997264920704 0.99070159896870491 -0.10044608044754033 -1.1427316435153709 2.062821561751651 -0.78109720274092553 -4.1687768978186144 0.18474010538713692 0.24154446557820025 -3.0821252962397465 0.92943508632120997 4.3459089505394886 -0.059800032807041728 0.17811070471352519
leaf_weight=1152 2313 629 4047 1513 726 2222 1348 325 8475 2599 319 691 2862 1359 1471 2417 300 4295 4212 4073 859 3420 78 5502 2789 169 1919 204 3341 347
leaf_count=1152 2313 629 4047 1513 726 2222 1348 325 8475 2599 319 691 2862 1359 1471 2417 300 4295 4212 4073 859 3420 78 5502 2789 169 1919 204 3341 347
internal_value=-0.000985518 -0.261338 0.0751055 1.00131 0.801184 0.942366 -0.13236 -0.62695 -1.00299 -0.2543 0.868065 1.18546 -0.678211 -0.392955 1.71586 -0.0133449 0.587292 0.782921 -0.345127 -0.612845 0.777846 -0.201466 0.403357 -0.0223469 0.663953 -0.932856 1.19036 2.38676 -0.424663 1.52054
internal_weight=65976 52372 27274 13604 11887 10992 21618 25098 9627 19064 5656 8770 6909 15471 3784 12155 2899 4986 15146 8285 2554 9256 2495 6861 5027 895 2238 1717 6761 1206
internal_count=65976 52372 27274 13604 11887 10992 21618 25098 9627 19064 5656 8770 6909 15471 3784 12155 2899 4986 15146 8285 2554 9256 2495 6861 5027 895 2238 1717 6761 1206
cat_boundaries=0 1 2 3 4
cat_threshold=1 48 1 10
is_linear=0
shrinkage=0.05


Tree=63
num_leaves=31
num_cat=3
split_feature=62 62 66 72 73 1 13 4 1 1 13 68 13 1 72 75 71 63 16 0 1 74 68 43 69 2 63 4 69 73
split_gain=6.25556e+06 1.68742e+06 1.56109e+06 1.25611e+06 1.43284e+06 807939 792485 811334 783335 723551 718225 642169 619367 637351 763022 572349 524312 501994 495592 439594 427216 402482 408291 399306 388216 365145 364597 361248 346629 333090
threshold=1254.1130000000003 1671.7635000000002 20.891666666666673 6.2583333333333337 -0.29999999999999799 4.5000000000000009 0 3.5000000000000004 7.5000000000000009 7.5000000000000009 1 10.412500000000003 2 7.5000000000000009 15.891666666666669 1273.8426947089517 30.100000000000005 769.15900000000011 1.0000000180025095e-35 2020.5000000000002 3.5000000000000004 -0.88333333333333242 9.2625000000000046 1.0000000180025095e-35 207.3600000000001 30.500000000000004 886.41300000000012 6.5000000000000009 278.89000000000021 0.64999999999999913
decision_type=2 2 2 2 2 2 9 2 2 2 9 2 9 2 2 2 2 2 2 2 2 2 2 2 2 2 2 2 2 2
left_child=2 6 3 4 18 26 7 15 28 10 -4 20 13 17 27 -2 24 -7 19 -1 -6 -8 -23 -20 -9 -22 -5 -15 -3 -10
right_child=1 8 9 5 11 12 21 16 29 -11 -12 -13 -14 14 -16 -17 -18 -19 23 -21 25 22 -24 -25 -26 -27 -28 -29 -30 -31
leaf_value=-0.13076366003081458 0.52843849451309299 2.3759611490840902 0.75070338145317606 -1.4041500617750544 -0.47447418221721432 -0.79803513155696204 -0.015258001615747927 -0.042680663300274285 0.77488279091162293 -0.49398042274665566 -2.3016334745291602 -1.3918082018752338 -1.6552024996953367 -0.097327500061745037 -1.0825372113511773 1.4101881087103099 1.4350074694444643 0.2510122156644638 2.768389295452943 1.0337082197932812 0.83962203019312021 -8.184030951772419 -1.8689850513117028 0.215359760095854 0.92029551324206416 -3.7063359058421592 -0.76017726486520132 -1.0460331561642124 4.8542376318573952 2.1420110392706846
leaf_weight=1465 3603 1194 5250 3357 2946 1451 379 6132 1638 1894 191 1409 963 5925 4625 3762 847 5327 489 1814 1112 28 298 223 1262 46 6366 1208 160 612
leaf_count=1465 3603 1194 5250 3357 2946 1451 379 6132 1638 1894 191 1409 963 5925 4625 3762 847 5327 489 1814 1112 28 298 223 1262 46 6366 1208 160 612
internal_value=-0.000987184 0.739447 -0.321122 -0.447805 0.0515209 -0.610203 0.523104 0.597095 1.71858 0.347713 0.640704 -0.470831 -0.424551 -0.359528 -0.582328 0.978831 0.256661 0.0264375 0.773076 0.513442 -0.154638 -1.10754 -2.41138 1.96877 0.121679 0.65904 -0.982518 -0.257994 2.66882 1.14674
internal_weight=65976 19915 46061 38726 9504 29222 16311 15606 3604 7335 5441 5513 19499 18536 11758 7365 8241 6778 3991 3279 4104 705 326 712 7394 1158 9723 7133 1354 2250
internal_count=65976 19915 46061 38726 9504 29222 16311 15606 3604 7335 5441 5513 19499 18536 11758 7365 8241 6778 3991 3279 4104 705 326 712 7394 1158 9723 7133 1354 2250
cat_boundaries=0 1 2 3
cat_threshold=17 11 5
is_linear=0
shrinkage=0.05


Tree=64
num_leaves=31
num_cat=2
split_feature=68 62 0 72 13 68 62 70 68 1 1 66 73 0 73 7 73 27 73 34 71 1 13 4 73 34 9 69 8 0
split_gain=5.67985e+06 2.37727e+06 1.23689e+06 924031 837536 835820 758933 640074 560406 817570 745901 850520 597604 549938 520123 519987 484361 571793 435568 420812 401484 393247 369186 368224 384082 354300 344498 316491 304416 299288
threshold=26.037500000000005 1151.6340000000002 2020.5000000000002 23.083333333333339 0 4.762500000000002 832.09022173810115 31.850000000000005 1.7875000000000005 4.5000000000000009 7.5000000000000009 11.775000000000002 -1.7333333333333318 2023.5000000000002 -2.5166666666666644 1.0000000180025095e-35 1.9833333333333343 1.0000000180025095e-35 0.33333333333333753 93.500000000000014 17.791666666666671 4.5000000000000009 1 1.5000000000000002 -0.61666666666666836 45.500000000000007 1.0000000180025095e-35 16.402500000000003 1.0000000180025095e-35 2024.5000000000002
decision_type=2 2 2 2 9 2 2 2 2 2 2 2 2 2 2 2 2 2 2 2 2 2 9 2 2 2 2 2 2 2
left_child=1 4 22 7 6 14 20 23 -8 12 -11 -12 19 21 -3 16 17 -15 29 -10 -1 25 -2 26 -25 -7 -4 -23 -19 -5
right_child=2 5 3 18 -6 13 8 -9 9 10 11 -13 -14 15 -16 -17 -18 28 -20 -21 -22 27 -24 24 -26 -27 -28 -29 -30 -31
leaf_value=-0.99692414153681319 0.48292560496593229 1.9218542460730152 2.4432979401044155 1.3844234015675805 -2.0209679862379746 -1.0910224287238586 0.4280489277256348 2.2814053787586897 -0.4131131540834112 0.29472946541842371 0.16648199265527783 -0.8220502295383787 -0.95492119999167313 0.62956675443263654 0.56018412200455325 -0.87041901613086559 -0.79040150086105876 2.0947776850143334 2.852963790643495 1.4722633667882679 -0.086689755716708616 -0.27000086323130157 -1.7486140864399766 -0.6062930409277959 0.7757767214192941 -0.11871294496408083 -2.4912370198812241 0.36353012780041372 8.3665671277046201 3.5108841565347491
leaf_weight=6801 3984 916 380 1499 827 1633 2494 719 917 5923 3626 5441 6797 3132 2992 592 476 593 1243 437 1474 3538 185 704 1758 2198 39 4452 20 186
leaf_count=6801 3984 916 380 1499 827 1633 2494 719 917 5923 3626 5441 6797 3132 2992 592 476 593 1243 437 1474 3538 185 704 1758 2198 39 4452 20 186
internal_value=-0.000962122 -0.20504 1.05365 1.48332 -0.457188 0.221347 -0.418331 0.946836 -0.284062 -0.360809 -0.141656 -0.426725 -0.763838 0.0667561 0.879347 0.517311 0.711942 0.902894 2.14293 0.195387 -0.834787 -0.11669 0.380865 0.613773 0.380579 -0.533169 1.984 0.0830004 2.2994 1.61915
internal_weight=65976 55279 10697 6528 34737 20542 33910 3600 25635 23141 14990 9067 8151 16634 3908 4813 4221 3745 2928 1354 8275 11821 4169 2881 2462 3831 419 7990 613 1685
internal_count=65976 55279 10697 6528 34737 20542 33910 3600 25635 23141 14990 9067 8151 16634 3908 4813 4221 3745 2928 1354 8275 11821 4169 2881 2462 3831 419 7990 613 1685
cat_boundaries=0 1 2
cat_threshold=15 3
is_linear=0
shrinkage=0.05


Tree=65
num_leaves=31
num_cat=3
split_feature=61 62 68 69 73 1 13 71 69 1 1 71 13 4 2 37 4 4 72 72 4 39 5 3 4 73 3 13 32 66
split_gain=5.15628e+06 1.81842e+06 988692 933994 896517 910695 821422 796969 824641 696477 788671 690052 552872 525126 481056 449787 449403 445972 435009 431699 430410 402037 384633 442507 686800 373645 372821 368650 356977 346957
threshold=1376.5660000000003 1033.5516538323852 34.862500000000004 69.722499999999997 -1.9916666666666669 3.5000000000000004 0 20.558333333333341 189.52111111111117 4.5000000000000009 7.5000000000000009 32.808333333333344 1 4.5000000000000009 30.500000000000004 92.500000000000014 2.5000000000000004 6.5000000000000009 10.408333333333337 6.9000000000000012 1.5000000000000002 86.500000000000014 1.0000000180025095e-35 7.5000000000000009 1.5000000000000002 1.0166666666666704 7.5000000000000009 2 96.500000000000014 28.141666666666669
decision_type=2 2 2 2 2 2 9 2 2 2 2 2 9 2 2 2 2 2 2 2 2 2 2 2 2 2 2 9 2 2
left_child=1 7 6 9 15 19 -2 8 17 21 12 13 -11 27 16 -5 -7 22 -16 25 26 -3 23 24 -1 28 -9 29 -6 -8
right_child=2 3 -4 4 5 14 11 20 -10 10 -12 -13 -14 -15 18 -17 -18 -19 -20 -21 -22 -23 -24 -25 -26 -27 -28 -29 -30 -31
leaf_value=-1.7749496747648139 -3.3452264118194579 -1.1904227392975948 2.3221015633892925 0.74131823066443603 0.031804702392214355 1.641578176072799 0.85644578047850206 -1.608574744023602 -0.081994915671705804 0.60732171231243037 -0.3111215779332307 2.2249963008852234 -1.5529930537055343 0.2248974009106906 -5.4099399465625568 2.1816208087389808 0.48491410146578223 -1.3057395147439737 1.9053847169683829 -1.0503790084454767 0.34159985231277057 -0.012968669983812676 -2.0943873361935821 -0.10884670912941581 -0.59890377022048868 -0.59190776692238278 1.4600148261086014 -0.76816159835306275 1.383185078441572 1.7390881856973814
leaf_weight=1517 110 2337 1152 1472 1942 1160 4807 544 4783 4728 8787 817 307 3553 59 858 3042 3773 31 1277 3372 1051 463 3050 6834 1642 121 285 653 1449
leaf_count=1517 110 2337 1152 1472 1942 1160 4807 544 4783 4728 8787 817 307 3553 59 858 3042 3773 31 1277 3372 1051 463 3050 6834 1642 121 285 653 1449
internal_value=-0.000938924 -0.211191 0.928348 0.0541719 0.39008 0.180599 0.782662 -0.529601 -0.65651 -0.182701 -0.0252231 0.826586 0.473722 0.714219 0.726752 1.2717 0.804222 -0.832241 -2.89022 -0.244516 0.112329 -0.825162 -0.681658 -0.624286 -0.812538 -0.00163511 -1.05023 0.980013 0.371863 1.05919
internal_weight=65976 53803 12173 29346 12136 9806 11021 24457 20420 17210 13822 10911 5035 10094 4292 2330 4202 15637 90 5514 4037 3388 11864 11401 8351 4237 665 6541 2595 6256
internal_count=65976 53803 12173 29346 12136 9806 11021 24457 20420 17210 13822 10911 5035 10094 4292 2330 4202 15637 90 5514 4037 3388 11864 11401 8351 4237 665 6541 2595 6256
cat_boundaries=0 1 2 3
cat_threshold=132 9 1
is_linear=0
shrinkage=0.05


Tree=66
num_leaves=31
num_cat=3
split_feature=62 70 66 72 0 13 4 3 4 34 4 3 45 1 13 73 7 1 4 13 65 14 0 68 0 4 71 4 0 71
split_gain=4.72804e+06 1.32044e+06 1.21325e+06 1.0757e+06 827291 785089 759415 835937 1.26963e+06 938161 744432 657333 586150 585509 586980 525960 493915 475894 468388 583584 469167 461422 439396 405418 372139 352097 348797 308888 306399 305556
threshold=1254.1130000000003 30.341666666666669 20.891666666666673 0.56666666666666676 2023.5000000000002 0 6.5000000000000009 8.5000000000000018 1.5000000000000002 93.500000000000014 2.5000000000000004 6.5000000000000009 0.54166666650000017 7.5000000000000009 1 -1.333333333333331 1.0000000180025095e-35 4.5000000000000009 3.5000000000000004 2 1.0000000180025095e-35 1.0000000180025095e-35 2023.5000000000002 5.262500000000002 2024.5000000000002 6.5000000000000009 10.508333333333336 1.5000000000000002 2023.5000000000002 14.466666666666667
decision_type=2 2 2 2 2 9 2 2 2 2 2 2 2 2 9 2 2 2 2 9 2 2 2 2 2 2 2 2 2 2
left_child=2 4 3 21 18 6 7 8 11 17 -10 -5 -8 14 -4 26 24 -9 19 20 -2 23 -3 -1 -6 -24 -11 -15 29 -7
right_child=1 22 13 5 16 28 12 9 10 15 -12 -13 -14 27 -16 -17 -18 -19 -20 -21 -22 -23 25 -25 -26 -27 -28 -29 -30 -31
leaf_value=0.82644593245752773 0.33850545594805098 1.2191154835111648 0.6734054219692206 -1.921681170913335 0.8270155482006265 -2.8142074809853646 -1.490755890110647 -0.66661195190547806 0.39560841378301886 2.3337026669086667 -0.53225049031221128 -0.037630655123617782 -0.47361964164558962 -2.0619416202767753 -2.0858773855427604 0.29659672408740118 -0.58751795003245211 0.037355710075546014 -0.051207196853205253 -1.7238055906177694 1.2980831199086367 2.7910889359336832 2.9511970122790414 -0.82775111981346972 1.7425118315978034 -0.032756815141940537 0.36353833846636674 -0.19434277098517871 -0.29604886379875556 -1.1906953544734327
leaf_weight=1537 3530 1745 5250 2177 3174 558 2592 3991 2712 682 10654 588 3123 256 191 2074 448 6025 6160 255 1993 230 790 488 1707 113 335 1638 357 603
leaf_count=1537 3530 1745 5250 2177 3174 558 2592 3991 2712 682 10654 588 3123 256 191 2074 448 6025 6160 255 1993 230 790 488 1707 113 335 1638 357 603
internal_value=-0.000930318 0.642785 -0.279248 -0.390929 0.483348 -0.456455 -0.40767 -0.304747 -0.54574 -0.0081535 -0.343985 -1.52102 -0.934935 0.310383 0.573948 0.75332 1.00135 -0.243149 0.252116 0.575492 0.683536 0.668849 1.68244 0.427805 1.14719 2.57779 1.68473 -0.446774 -1.56676 -1.97099
internal_weight=65976 19915 46061 38726 17267 36471 34953 29238 16131 13107 13366 2765 5715 7335 5441 3091 5329 10016 11938 5778 5523 2255 2648 2025 4881 903 1017 1894 1518 1161
internal_count=65976 19915 46061 38726 17267 36471 34953 29238 16131 13107 13366 2765 5715 7335 5441 3091 5329 10016 11938 5778 5523 2255 2648 2025 4881 903 1017 1894 1518 1161
cat_boundaries=0 1 2 3
cat_threshold=5 11 1
is_linear=0
shrinkage=0.05


Tree=67
num_leaves=31
num_cat=3
split_feature=66 72 63 0 35 69 72 71 72 73 13 4 73 4 13 75 4 3 32 4 71 57 13 1 15 2 73 1 69 1
split_gain=4.29211e+06 1.65942e+06 1.19249e+06 1.14762e+06 887126 843728 840337 750159 745014 649454 634832 530814 517529 514152 456011 543397 517312 440470 433683 425450 422756 402992 395010 371565 366554 360921 357580 343287 464416 332360
threshold=22.991666666666671 0.31666666666666671 1001.5299532455151 2020.5000000000002 97.500000000000014 207.3600000000001 24.158333333333342 30.833333333333339 8.8750000000000018 0.76666666666667116 0 3.5000000000000004 1.916666666666665 1.5000000000000002 1 1481.5743333333335 6.5000000000000009 7.5000000000000009 97.500000000000014 6.5000000000000009 5.0083333333333355 626.14902020966554 2 8.5000000000000018 1.0000000180025095e-35 2.5000000000000004 0.55000000000000127 4.5000000000000009 174.24000000000004 4.5000000000000009
decision_type=2 2 2 2 2 2 2 2 2 2 9 2 2 2 9 2 2 2 2 2 2 2 9 2 2 2 2 2 2 2
left_child=1 9 6 22 10 7 21 14 12 18 11 -4 24 -8 16 -16 -5 -18 -1 -7 -12 -3 23 -2 -6 -24 -9 -23 -29 -13
right_child=3 2 4 5 8 19 13 26 -10 -11 20 29 -14 -15 15 -17 17 -19 -20 -21 -22 27 25 -25 -26 -27 -28 28 -30 -31
leaf_value=1.1541081065353591 0.58249883069130004 -2.7085261142764434 0.11139926340356621 1.0029858075384197 0.79671346444268965 2.9192275662591656 -1.1904008784953333 1.3638714586542446 -0.2605715022515307 0.065084755509711531 -8.1675747672716792 -0.71049949947249136 -0.54412267337133913 0.45098094465108063 0.079773646640315873 -4.7533464678563178 2.8896622783463934 -0.78584973849681816 3.6519323069738783 -0.35873494665720501 -1.4247786806821763 -0.94738364650110507 3.0321798387994159 -0.46262456381323686 1.9985223652167541 -1.5720115616339407 2.9058698281117707 -0.61953040341365262 0.46539504973943413 -0.1741134488662654
leaf_weight=1927 3832 251 10014 4723 1615 852 581 1062 1874 1690 24 4682 462 2668 213 80 92 715 191 112 740 7324 47 1093 1045 451 582 8379 1118 7537
leaf_count=1927 3832 251 10014 4723 1615 852 581 1062 1874 1690 24 4682 462 2668 213 80 92 715 191 112 740 7324 47 1093 1045 451 582 8379 1118 7537
internal_value=-0.00090757 -0.208824 -0.288029 0.781324 -0.0763836 1.1463 -0.579579 0.966578 0.527512 0.796082 -0.207577 -0.1584 1.00056 0.157462 0.700291 -1.19893 0.801637 -0.366832 1.37936 2.53839 -1.61545 -0.719846 0.213908 0.349845 1.26885 -1.11509 1.90976 -0.690171 -0.491811 -0.379643
internal_weight=65976 52122 48314 13854 27993 8431 20321 7467 4996 3808 22997 22233 3122 3249 5823 293 5530 807 2118 964 764 17072 5423 4925 2660 498 1644 16821 9497 12219
internal_count=65976 52122 48314 13854 27993 8431 20321 7467 4996 3808 22997 22233 3122 3249 5823 293 5530 807 2118 964 764 17072 5423 4925 2660 498 1644 16821 9497 12219
cat_boundaries=0 1 2 3
cat_threshold=1 9 1
is_linear=0
shrinkage=0.05


Tree=68
num_leaves=31
num_cat=4
split_feature=62 66 0 72 73 69 1 13 1 68 68 19 3 72 13 4 1 13 1 72 39 72 0 2 0 13 4 71 63 65
split_gain=3.92087e+06 1.05675e+06 1.05485e+06 974844 1.19763e+06 727111 670363 567495 547984 534428 527897 500792 530046 452872 413868 449547 407041 399161 438838 571327 378179 377398 596827 371711 357872 342850 365884 334923 334038 333373
threshold=1267.0085000000001 20.308333333333337 2023.5000000000002 6.9000000000000012 -0.29999999999999799 64.534444444444475 7.5000000000000009 0 4.5000000000000009 10.412500000000003 30.312500000000007 1.0000000180025095e-35 10.500000000000002 23.925000000000008 1 1.5000000000000002 3.5000000000000004 2 7.5000000000000009 16.308333333333337 66.500000000000014 19.958333333333339 2020.5000000000002 30.500000000000004 2020.5000000000002 3 1.5000000000000002 26.350000000000005 750.03427599302859 1.0000000180025095e-35
decision_type=2 2 2 2 2 2 2 9 2 2 2 2 2 2 9 2 2 9 2 2 2 2 2 2 2 9 2 2 2 2
left_child=1 3 10 4 11 27 7 21 29 16 -2 24 -13 25 15 -12 -6 18 28 -20 -11 -3 -23 -18 -1 26 -7 -4 -10 -5
right_child=2 6 5 8 9 13 -8 -9 17 20 14 12 -14 -15 -16 -17 23 -19 19 -21 -22 22 -24 -25 -26 -27 -28 -29 -30 -31
leaf_value=-0.14640497149898529 0.17810015578473704 0.19811956724317398 0.062906456818538056 -0.74493436420157977 -0.43341125556488241 2.7902902007663162 -0.46718516260487059 -1.2693425021154419 -0.74140632765807424 -1.663003808343791 2.6775486330755736 -0.16647473759283979 2.4205674148452627 2.5854943994748103 -0.91609519139939788 0.85659150404231577 0.75126484002472316 -1.3897497161458143 -0.21715477620113829 -0.95478703052047598 -0.050118397672971098 0.34590406305737353 1.6894114678867411 -3.5187222757429448 0.83185362463477519 -1.5016704219687094 1.1510459324517759 1.4055250522509697 0.20156730180003901 -1.8243145245429109
leaf_weight=1733 9911 2646 1603 8170 3326 399 2364 407 1152 1181 396 280 676 874 271 2352 1329 890 6935 4224 525 1700 1609 53 2030 101 2318 654 5083 784
leaf_count=1733 9911 2646 1603 8170 3326 399 2364 407 1152 1181 396 280 676 874 271 2352 1329 890 6935 4224 525 1700 1609 53 2030 101 2318 654 5083 784
internal_value=-0.000862191 -0.244902 0.607939 -0.357847 0.0363538 1.15894 0.251751 0.518895 -0.518969 -0.408467 0.354427 0.640948 1.66286 1.59114 0.933286 1.11494 -0.133727 -0.362027 -0.308465 -0.49637 -1.16666 0.642167 0.999184 0.58751 0.38133 1.28274 1.38667 0.451951 0.0273403 -0.839443
internal_weight=65976 47097 18879 38371 11133 5949 8726 6362 27238 6414 12930 4719 956 3692 3019 2748 4708 18284 17394 11159 1706 5955 3309 1382 3763 2818 2717 2257 6235 8954
internal_count=65976 47097 18879 38371 11133 5949 8726 6362 27238 6414 12930 4719 956 3692 3019 2748 4708 18284 17394 11159 1706 5955 3309 1382 3763 2818 2717 2257 6235 8954
cat_boundaries=0 1 2 3 4
cat_threshold=9 1 5 17
is_linear=0
shrinkage=0.05


Tree=69
num_leaves=31
num_cat=3
split_feature=66 63 68 73 72 4 73 69 1 16 1 1 62 13 4 13 73 72 72 73 0 0 2 4 71 13 69 3 37 34
split_gain=3.58086e+06 1.53616e+06 1.08849e+06 858930 707515 669334 571369 562815 601920 556680 742472 579905 542497 487400 574544 470138 448265 434881 426863 376061 374175 369886 354197 367565 455801 345848 345095 344157 327618 312135
threshold=24.691666666666674 1056.6762209786452 5.262500000000002 0.18333333333333893 26.50833333333334 1.5000000000000002 -4.3083333333333336 219.04000000000011 4.5000000000000009 1.0000000180025095e-35 4.5000000000000009 7.5000000000000009 1728.6175000000003 0 1.5000000000000002 1 0.90000000000000402 21.891666666666669 10.84166666666667 1.0499999999999956 2024.5000000000002 2022.5000000000002 30.500000000000004 1.5000000000000002 3.5750000000000006 2 16.402500000000003 8.5000000000000018 5.5000000000000009 97.500000000000014
decision_type=2 2 2 2 2 2 2 2 2 2 2 2 2 9 2 9 2 2 2 2 2 2 2 2 2 9 2 2 2 2
left_child=1 4 6 13 7 -6 -3 8 -1 10 16 15 -5 14 27 28 -4 -16 19 29 -19 -7 23 24 -8 -10 -13 -2 -12 -11
right_child=3 2 9 12 5 21 22 -9 25 18 11 26 -14 -15 17 -17 -18 20 -20 -21 -22 -23 -24 -25 -26 -27 -28 -29 -30 -31
leaf_value=-1.0465929063411508 -4.2906515966762191 2.1296609178795487 -0.23287129873449103 1.040956497819004 -1.3629332112902759 0.25510842035931425 2.785695097056617 -0.0064590848286983169 -2.0714656053488127 0.63394405251294572 1.2904706752052066 -0.41987426528583915 2.2896643032118646 -1.8852133859064844 -0.36067751488556377 -1.0751909322390447 -1.0488084478819968 0.51694566846324175 -0.54756716476375844 -0.28389184787617855 2.8543678354107493 1.6440879737259821 -2.0346074443992999 0.4276459032796982 0.13323725314264226 -0.40444924540085608 0.14851897420456728 2.0683163775999192 0.32476409151429747 2.048024360712247
leaf_weight=6429 22 629 4059 4100 521 1909 392 4077 311 777 1588 5313 1104 215 1620 382 2876 2464 597 459 184 640 131 4228 276 11907 5369 648 1965 784
leaf_count=6429 22 629 4059 4100 521 1909 392 4077 311 777 1588 5313 1104 215 1620 382 2876 2464 597 459 184 640 131 4228 276 11907 5369 648 1965 784
internal_value=-0.000857557 -0.159813 0.0845553 0.852764 -0.442371 0.270075 0.70896 -0.538622 -0.654974 -0.0615671 -0.145185 0.0569584 1.30586 0.39518 0.497279 0.575846 -0.571247 0.284597 0.627062 0.974217 0.679365 0.603852 0.531195 0.599847 1.68977 -0.448908 -0.134188 1.85951 0.75426 1.34415
internal_weight=65976 55619 29825 10357 25794 3070 5656 22724 18647 24169 21552 14617 5204 5153 4938 3935 6935 4268 2617 2020 2648 2549 5027 4896 668 12218 10682 670 3553 1561
internal_count=65976 55619 29825 10357 25794 3070 5656 22724 18647 24169 21552 14617 5204 5153 4938 3935 6935 4268 2617 2020 2648 2549 5027 4896 668 12218 10682 670 3553 1561
cat_boundaries=0 1 2 3
cat_threshold=3 1 48
is_linear=0
shrinkage=0.05


Tree=70
num_leaves=31
num_cat=2
split_feature=62 0 62 69 71 13 67 73 72 19 3 4 13 65 1 68 3 34 69 1 68 7 71 2 31 4 4 1 63 73
split_gain=3.26602e+06 976811 895286 657562 592910 543450 535243 579164 497202 492116 596374 488455 591640 614371 442407 499734 426641 539882 414954 411779 724266 404473 370459 331961 329014 325228 323903 311607 302492 297381
threshold=1254.1130000000003 2023.5000000000002 894.10800000000006 278.89000000000021 29.441666666666674 0 20.437500000000004 -5.6416666666666657 23.791666666666671 1.0000000180025095e-35 10.500000000000002 3.5000000000000004 1 1.0000000180025095e-35 4.5000000000000009 1.7875000000000005 19.500000000000004 94.500000000000014 189.52111111111117 7.5000000000000009 11.762500000000005 1.0000000180025095e-35 30.100000000000005 30.500000000000004 77.500000000000014 6.5000000000000009 2.5000000000000004 8.5000000000000018 1001.5299532455151 0.70000000000000162
decision_type=2 2 2 2 2 9 2 2 2 2 2 2 9 2 2 2 2 2 2 2 2 2 2 2 2 2 2 2 2 2
left_child=2 11 8 4 21 6 7 -4 18 14 -11 12 13 -2 15 -9 17 -12 25 -16 23 26 -13 -21 -17 28 -3 -8 -1 -15
right_child=1 3 5 -5 -6 -7 27 9 -10 10 16 22 -14 29 19 24 -18 -19 -20 20 -22 -23 -24 -25 -26 -27 -28 -29 -30 -31
leaf_value=-0.76798450008219887 0.28475919036255753 1.4640605185151867 1.5419727122889677 2.7307326942867136 1.9689037718953832 -1.0162206601490891 0.58361231194386287 0.2552234270089549 0.16266232327954866 -0.50148249566319647 0.50948296330926701 -0.13562089228827839 -1.5002665508561916 0.92277730303281169 0.36830278808586825 -0.9526017948840928 -0.28627989938146969 2.3653372856067576 -0.1689462868342263 0.4304083276686016 -0.58742505590833127 -0.81879804424660385 0.88680056383811723 -2.6000242476501771 -0.29096362304102541 -1.4046320074963652 0.51196858209435281 -0.72098759867933526 0.86725094197821384 2.0466562616844968
leaf_weight=6346 3538 1283 506 534 1050 1500 4247 1745 1960 1187 907 6118 308 1811 3912 4580 566 690 2804 3194 5695 424 1036 93 3186 2134 2941 513 296 872
leaf_count=6346 3538 1283 506 534 1050 1500 4247 1745 1960 1187 907 6118 308 1811 3912 4580 566 690 2804 3194 5695 424 1036 93 3186 2134 2941 513 296 872
internal_value=-0.000855879 0.534155 -0.232174 1.05303 0.8958 -0.0899374 -0.0448056 -0.133243 -0.573805 -0.166156 0.399072 0.297831 0.610542 0.716307 -0.250668 -0.509364 0.893273 1.31132 -0.698457 -0.0598467 -0.246322 0.653382 0.0124401 0.344667 -0.681165 -0.86764 0.801157 0.443012 -0.69511 1.28805
internal_weight=65976 19915 46061 6232 5698 32521 31021 26261 13540 25755 3350 13683 6529 6221 22405 9511 2163 1597 11580 12894 8982 4648 7154 3287 7766 8776 4224 4760 6642 2683
internal_count=65976 19915 46061 6232 5698 32521 31021 26261 13540 25755 3350 13683 6529 6221 22405 9511 2163 1597 11580 12894 8982 4648 7154 3287 7766 8776 4224 4760 6642 2683
cat_boundaries=0 1 2
cat_threshold=1 1
is_linear=0
shrinkage=0.05


Tree=71
num_leaves=31
num_cat=1
split_feature=68 0 72 73 71 72 4 3 4 4 3 4 70 68 0 62 9 1 2 57 73 4 43 1 73 5 57 20 13 60
split_gain=2.99008e+06 1.48078e+06 1.13687e+06 854615 804729 786103 674381 906206 658019 650830 891389 912751 542116 530221 509149 475662 474205 427153 526626 349189 347718 303402 309828 299739 299455 293719 293154 291799 318441 386128
threshold=26.762500000000006 2020.5000000000002 2.9833333333333338 -0.53333333333333288 24.158333333333342 23.658333333333335 1.5000000000000002 8.5000000000000018 1.5000000000000002 4.5000000000000009 7.5000000000000009 1.5000000000000002 30.100000000000005 8.5875000000000039 2020.5000000000002 894.10800000000006 1.0000000180025095e-35 10.500000000000002 30.500000000000004 953.92375317580115 -0.38333333333333236 6.5000000000000009 0.20833333350000002 3.5000000000000004 -1.8500000000000008 1.0000000180025095e-35 1451.2130000000002 0.25000000000000006 0 1092.2150358503302
decision_type=2 2 2 2 2 2 2 2 2 2 2 2 2 2 2 2 2 2 2 2 2 2 2 2 2 2 2 2 9 2
left_child=1 15 3 -3 9 8 7 26 16 10 11 19 24 23 -7 -1 -2 25 -19 -4 -8 -16 -23 -5 -10 -17 -6 28 29 -12
right_child=5 2 4 13 6 14 20 -9 12 -11 27 -13 -14 -15 21 17 -18 18 -20 -21 -22 22 -24 -25 -26 -27 -28 -29 -30 -31
leaf_value=-0.80120413795370382 2.039532276868687 1.6590586102213256 -1.037831322129146 0.37499291089125153 -2.1436462088850412 0.50157438216223627 0.18200825584034785 1.4080414621069963 -1.4944657680262692 -0.43974469207217715 0.71000719699629 -0.046263723151993924 0.93235047019008155 -0.91050364484031387 2.0997460639084777 -0.4079862295152003 -2.5227849786643124 0.33830739810689431 -4.6921058203814168 -2.8113673015882306 1.294023912121544 -1.153746660370258 2.4471329100125909 1.8428444842737663 0.060243600722365134 -3.2136228473896682 -6.724822700619697 1.4520151351027217 -1.5415435104774484 0.017647864865643442
leaf_weight=6919 859 1753 1129 1935 275 950 1058 229 345 10998 3984 4443 2049 721 1937 12254 61 2836 53 368 2095 153 98 424 3029 94 40 598 217 4072
leaf_count=6919 859 1753 1129 1935 275 950 1058 229 345 10998 3984 4443 2049 721 1937 12254 61 2836 53 368 2095 153 98 424 3029 94 40 598 217 4072
internal_value=-0.000832156 -0.138725 0.066894 0.777743 -0.0495411 0.820835 0.640382 -0.985394 0.500606 -0.148369 0.0679941 -0.406034 0.290849 0.276138 1.46813 -0.457407 1.73703 -0.301292 0.246022 -1.47381 0.920883 1.8878 0.252174 0.63882 -0.0987293 -0.429344 -2.72538 0.385402 0.308304 0.3596
internal_weight=65976 56495 34339 4833 29506 9481 3697 544 6343 25809 14811 5940 5423 3080 3138 22156 920 15237 2889 1497 3153 2188 251 2359 3374 12348 315 8871 8273 8056
internal_count=65976 56495 34339 4833 29506 9481 3697 544 6343 25809 14811 5940 5423 3080 3138 22156 920 15237 2889 1497 3153 2188 251 2359 3374 12348 315 8871 8273 8056
cat_boundaries=0 1
cat_threshold=9
is_linear=0
shrinkage=0.05


Tree=72
num_leaves=31
num_cat=1
split_feature=67 0 72 73 73 13 4 68 72 3 4 4 4 5 68 72 0 1 2 56 3 61 35 3 40 1 72 19 60 73
split_gain=2.70397e+06 1.26852e+06 1.08594e+06 857717 790843 718084 604581 577290 525175 524166 570781 545727 555151 457918 456308 401344 399113 392188 384034 379112 365655 456910 324732 288810 279815 273784 346842 273045 268380 265043
threshold=22.787500000000005 2020.5000000000002 2.9833333333333338 0.26666666666667022 0.60000000000000686 0 1.5000000000000002 22.212500000000006 21.675000000000001 9.5000000000000018 4.5000000000000009 1.5000000000000002 2.5000000000000004 1.0000000180025095e-35 11.512500000000005 23.083333333333339 2020.5000000000002 10.500000000000002 30.500000000000004 1037.0893357076752 20.500000000000004 1043.4861779458154 51.500000000000007 7.5000000000000009 96.500000000000014 7.5000000000000009 19.108333333333341 1.0000000180025095e-35 1025.4330000000002 -0.066666666666666194
decision_type=2 2 2 2 2 9 2 2 2 2 2 2 2 2 2 2 2 2 2 2 2 2 2 2 2 2 2 2 2 2
left_child=1 13 4 5 27 -2 23 9 -5 11 14 19 -13 17 20 -8 -10 -1 -19 -4 21 -11 -6 -7 -23 26 -9 -3 -14 -12
right_child=3 2 7 8 22 6 15 25 16 10 29 12 28 -15 -16 -17 -18 18 -20 -21 -22 24 -24 -25 -26 -27 -28 -29 -30 -31
leaf_value=-0.51774076024151061 -3.3541956092428529 1.1564863222688475 -0.79724243176374876 0.65155919832633147 -0.36682287599378438 -2.624662592536525 -0.21038090097531931 -0.066716441380442623 0.81892564048750394 8.1879441022872932 0.053509163609094801 0.53636048633423739 -0.65106726158522932 -1.7935763095899908 0.042137884524060427 0.67428315320583232 2.0902389845402558 0.085639269075602195 -3.5976215301288499 -2.5231289493338154 0.11207429397223811 0.74023463848960458 0.9656852196856397 1.8381762286586696 2.0810179442690027 0.026459824284353662 1.2665991613559953 2.9084598742699139 -0.10861038928054796 -0.69346639052980941
leaf_weight=16542 122 2410 1498 2565 1525 38 2929 713 946 24 2309 1878 5065 614 3825 2280 1777 4140 72 404 950 1045 653 788 620 1863 1544 245 4147 2445
leaf_count=16542 122 2410 1498 2565 1525 38 2929 713 946 24 2309 1878 5065 614 3825 2280 1777 4140 72 404 950 1045 653 788 620 1863 1544 245 4147 2445
internal_value=-0.00080223 -0.147446 0.0461303 0.697899 0.738856 0.29676 0.375501 -0.0720464 1.16496 -0.165156 0.0852168 -0.381342 -0.24714 -0.447876 0.391079 0.17684 1.64857 -0.408063 0.0226775 -1.16383 0.896839 1.33824 0.0326848 1.63286 1.23951 0.475086 0.845397 1.31816 -0.406867 -0.330663
internal_weight=65976 54531 33163 11445 4833 6157 6035 28330 5288 24210 11218 12992 11090 21368 6464 5209 2723 20754 4212 1902 2639 1689 2178 826 1665 4120 2257 2655 9212 4754
internal_count=65976 54531 33163 11445 4833 6157 6035 28330 5288 24210 11218 12992 11090 21368 6464 5209 2723 20754 4212 1902 2639 1689 2178 826 1665 4120 2257 2655 9212 4754
cat_boundaries=0 1
cat_threshold=52
is_linear=0
shrinkage=0.05


Tree=73
num_leaves=31
num_cat=0
split_feature=68 0 68 71 4 3 4 4 9 69 72 61 63 19 3 70 57 60 60 19 73 8 4 2 4 3 57 73 73 61
split_gain=2.49269e+06 1.3136e+06 866267 876670 708918 869466 943583 689151 682839 525457 503236 463144 444975 412796 410591 402774 383116 377668 366823 363157 362976 361750 359654 356267 345990 687673 340619 313367 267278 261912
threshold=28.462500000000009 2020.5000000000002 1.1125000000000007 26.350000000000005 5.5000000000000009 8.5000000000000018 1.5000000000000002 1.5000000000000002 1.0000000180025095e-35 53.777777777777779 23.925000000000008 999.6592288047766 889.96035464625959 1.0000000180025095e-35 11.500000000000002 31.850000000000005 1928.1025000000002 1326.6540000000002 1031.3754054458152 0.15000000000000005 -0.78333333333333444 1.0000000180025095e-35 2.5000000000000004 30.500000000000004 1.5000000000000002 16.500000000000004 953.92375317580115 -0.34999999999999937 0.93333333333332835 661.0208442166371
decision_type=2 2 2 2 2 2 2 2 2 2 2 2 2 2 2 2 2 2 2 2 2 2 2 2 2 2 2 2 2 2
left_child=1 12 20 4 5 6 26 8 16 11 15 -7 29 17 -13 28 -2 -11 -6 -14 -3 -15 -8 -19 25 -5 -4 -26 -9 -1
right_child=7 2 3 24 18 9 22 10 -10 13 -12 14 19 21 -16 -17 -18 23 -20 -21 -22 -23 -24 -25 27 -27 -28 -29 -30 -31
leaf_value=-1.9864746424402275 2.2821048753132538 1.4390156361374407 -0.88111177160280141 -2.8210348673806425 -0.93253810439241347 2.2897927903636761 0.57813568221170297 -0.17575259818142386 -2.3777481798129747 0.75405669008247367 1.424680571091576 0.72020768271613045 -0.33408794966163796 1.4044647778838195 -0.22458327249431775 1.2104419982498305 8.1202861259723544 -0.13524028076599362 -0.23254858508670698 0.49546304871791264 0.36215665141618547 6.881280497581729 -0.25937099102198646 -5.1884127520024776 0.28904685721462647 1.2709375673304917 -2.3958563860650428 1.4791940251916769 0.78116267329191902 -0.66454889445188026
leaf_weight=398 906 1495 1182 180 2772 224 1721 2290 79 3377 1658 1466 14845 1100 5334 1158 29 1122 5762 1448 1642 31 5024 36 845 239 541 1601 1071 6400
leaf_count=398 906 1495 1182 180 2772 224 1721 2290 79 3377 1658 1466 14845 1100 5334 1158 29 1122 5762 1448 1642 31 5024 36 845 239 541 1601 1071 6400
internal_value=-0.000787539 -0.108279 0.0818255 0.00536565 -0.0752294 0.0799333 -0.31244 0.87793 2.08603 0.341763 0.679612 0.052792 -0.402141 0.699993 -0.0208975 0.40625 2.46318 0.486864 -0.459918 -0.260364 0.875355 1.55458 -0.0456795 -0.292334 0.840629 -0.48695 -1.35672 1.06804 0.129173 -0.741943
internal_weight=65976 58785 35694 32557 29692 21158 8468 7191 1014 12690 6177 7024 23091 5666 6800 4519 935 4535 8534 16293 3137 1131 6745 1158 2865 419 1723 2446 3361 6798
internal_count=65976 58785 35694 32557 29692 21158 8468 7191 1014 12690 6177 7024 23091 5666 6800 4519 935 4535 8534 16293 3137 1131 6745 1158 2865 419 1723 2446 3361 6798
is_linear=0
shrinkage=0.05


Tree=74
num_leaves=31
num_cat=2
split_feature=68 0 71 72 73 4 13 4 3 4 4 68 61 0 13 4 51 68 4 72 75 4 57 3 4 68 51 3 4 4
split_gain=2.27309e+06 1.26567e+06 813544 937772 684078 557982 864012 556160 605827 1.03074e+06 548218 516466 502376 458291 446996 434144 496232 406704 403575 356266 355898 351564 347089 324760 316048 309620 301457 293946 778545 307066
threshold=29.862500000000008 2020.5000000000002 27.958333333333339 2.9833333333333338 -0.033333333333337649 6.5000000000000009 0 6.5000000000000009 8.5000000000000018 1.5000000000000002 1.5000000000000002 20.912500000000005 973.17294921471012 2024.5000000000002 1 6.5000000000000009 1.0000000180025095e-35 7.9125000000000023 3.5000000000000004 28.333333333333339 1997.5980000000004 1.5000000000000002 957.32370500000013 11.500000000000002 2.5000000000000004 11.387500000000005 0.20833333350000002 6.5000000000000009 1.5000000000000002 1.5000000000000002
decision_type=2 2 2 2 2 2 9 2 2 2 2 2 2 2 9 2 2 2 2 2 2 2 2 2 2 2 2 2 2 2
left_child=1 14 3 4 -3 6 10 8 9 22 20 24 21 -12 15 27 -17 -6 23 -9 -2 -10 -5 -14 -11 -25 -16 28 -1 -29
right_child=5 2 -4 7 17 -7 -8 19 12 11 13 -13 18 -15 26 16 -18 -19 -20 -21 -22 -23 -24 25 -26 -27 -28 29 -30 -31
leaf_value=-1.7867375513469463 2.3973738326256475 1.344476015646469 1.0053562248530896 -0.82818498366990601 0.51904776232211858 -0.28687724835227257 -1.063932269389553 -0.73096016530530727 6.7169692235115255 0.41725661447094037 0.94622694491337311 0.7689612660711026 1.0432584075018347 2.8466690914918273 -2.3555384517856068 -1.5599667900071834 -0.30950990713979931 -0.87047640475883614 -0.087083849450893563 0.97908220454034489 7.6430490718168373 1.6142472962340511 -2.2461716923191912 0.83312881205410216 -0.36473137925074273 -0.0011294320786664656 -0.59512050842534603 0.42918720563462509 -0.2760255652144365 -0.21563951137279647
leaf_weight=1022 660 2146 2296 1296 1968 770 396 3954 39 1625 3388 1645 1784 350 464 1434 1776 719 6471 330 34 251 647 1621 6307 3543 511 2212 5152 11165
leaf_count=1022 660 2146 2296 1296 1968 770 396 3954 39 1625 3388 1645 1784 350 464 1434 1776 719 6471 330 34 251 647 1621 6307 3543 511 2212 5152 11165
internal_value=-0.000748163 -0.0901121 0.0941365 0.0332223 0.678845 0.963099 1.16245 -0.0725039 0.0169374 -0.250345 1.36071 -0.0373162 0.241541 1.12417 -0.374543 -0.329062 -0.868125 0.147232 0.197046 -0.599234 2.65437 2.30048 -1.30036 0.461669 -0.204528 0.260748 -1.41835 -0.240723 -0.526098 -0.109012
internal_weight=65976 60378 36642 34346 4833 5598 4828 29513 25229 11520 4432 9577 13709 3738 23736 22761 3210 2687 13419 4284 694 290 1943 6948 7932 5164 975 19551 6174 13377
internal_count=65976 60378 36642 34346 4833 5598 4828 29513 25229 11520 4432 9577 13709 3738 23736 22761 3210 2687 13419 4284 694 290 1943 6948 7932 5164 975 19551 6174 13377
cat_boundaries=0 1 2
cat_threshold=1 1
is_linear=0
shrinkage=0.05


Tree=75
num_leaves=31
num_cat=1
split_feature=66 72 73 4 60 3 4 73 72 34 72 10 0 13 4 30 68 68 1 73 1 62 74 0 73 8 57 4 1 73
split_gain=2.09802e+06 1.03495e+06 871543 680862 857208 726506 1.50755e+06 655757 550508 528297 608753 606377 522843 506451 492056 430844 551717 421377 398049 369394 356146 330589 328730 284454 272722 274624 262917 252629 243931 243063
threshold=21.991666666666671 0.31666666666666671 0.13333333333333511 5.5000000000000009 1000.2955000000001 6.5000000000000009 1.5000000000000002 3.1000000000000014 19.108333333333341 92.500000000000014 8.2750000000000039 1.0000000180025095e-35 2020.5000000000002 0 2.5000000000000004 74.500000000000014 4.4875000000000016 32.962500000000013 7.5000000000000009 -2.3166666666666647 4.5000000000000009 1942.0390000000002 1.3499999999999985 2023.5000000000002 -1.3666666666666638 1.0000000180025095e-35 957.32370500000013 6.5000000000000009 7.5000000000000009 0.66666666666666652
decision_type=2 2 2 2 2 2 2 2 2 2 2 2 2 9 2 2 2 2 2 2 2 2 2 2 2 2 2 2 2 2
left_child=1 15 13 5 -5 6 26 9 -4 11 24 20 -10 17 -8 16 23 19 21 -2 29 -14 -6 -1 -11 -26 -3 -24 -21 -7
right_child=2 3 8 4 22 7 14 -9 12 10 -12 -13 18 -15 -16 -17 -18 -19 -20 28 -22 -23 27 -25 25 -27 -28 -29 -30 -31
leaf_value=0.45966196042493918 -1.1474343543925456 -1.2396510397350804 0.15703604608686753 -1.0408025184672309 -0.068375584785190638 -0.049692886323249447 0.48202054328208316 -1.0935506133193191 0.51045612606607971 1.7683622260831624 -0.045158652656738504 -7.2288508847355848 1.7117349453585178 -2.8784266731721893 -0.34373552754481163 1.7112489130423176 -0.78592978013272163 1.0006120341204661 0.81984719188401911 0.48162466492341366 0.20198636534954173 4.2187123838492804 -0.25190637527818643 1.7960631271000029 0.63193856945902982 5.237051781741056 -2.4626696289633001 -1.5912062820724713 -0.1726897779702867 -0.72043206827489792
leaf_weight=1779 630 1833 2141 5060 6774 3633 2424 1139 2414 962 2080 29 2166 129 7054 743 773 1266 1511 2636 9171 140 719 513 1707 33 578 690 3099 2150
leaf_count=1779 630 1833 2141 5060 6774 3633 2424 1139 2414 962 2080 29 2166 129 7054 743 773 1266 1511 2636 9171 140 719 513 1707 33 578 690 3099 2150
internal_value=-0.000718817 -0.161125 0.494896 -0.226652 -0.529237 -0.104457 -0.416519 0.0730262 0.84872 0.140253 0.59782 -0.00578542 1.08639 0.113168 -0.132548 0.631054 0.369199 0.167293 1.45062 0.00180885 0.00822213 1.86394 -0.212908 0.758778 1.09279 0.719277 -1.53285 -0.907774 0.128055 -0.29906
internal_weight=65976 49844 16132 46036 13243 32793 11889 20904 8372 19765 4782 14983 6231 7760 9478 3808 3065 7631 3817 6365 14954 2306 8183 2292 2702 1740 2411 1409 5735 5783
internal_count=65976 49844 16132 46036 13243 32793 11889 20904 8372 19765 4782 14983 6231 7760 9478 3808 3065 7631 3817 6365 14954 2306 8183 2292 2702 1740 2411 1409 5735 5783
cat_boundaries=0 1
cat_threshold=11
is_linear=0
shrinkage=0.05


Tree=76
num_leaves=31
num_cat=1
split_feature=66 68 73 3 4 3 34 4 58 1 19 61 13 68 73 10 51 68 3 72 2 1 73 3 1 4 61 69 1 3
split_gain=1.89293e+06 947664 786985 684017 599013 597677 926330 714669 584827 554261 536893 508720 460350 439459 409291 402812 399596 385607 374287 348765 329259 345486 328675 301750 295721 295927 283737 281630 339822 272093
threshold=21.991666666666671 4.4875000000000016 0.13333333333333511 9.5000000000000018 6.5000000000000009 8.5000000000000018 92.500000000000014 1.5000000000000002 1102.5965000000003 4.5000000000000009 1.0000000180025095e-35 1539.8905319044204 0 16.337500000000006 1.0666666666666653 1.0000000180025095e-35 1.0000000180025095e-35 33.737500000000011 19.500000000000004 25.408333333333335 30.500000000000004 11.500000000000002 -2.3166666666666647 6.5000000000000009 8.5000000000000018 2.5000000000000004 1168.1749388573801 469.08347222222216 3.5000000000000004 12.500000000000002
decision_type=2 2 2 2 2 2 2 2 2 2 2 2 9 2 2 2 2 2 2 2 2 2 2 2 2 2 2 2 2 2
left_child=1 3 12 15 5 7 9 23 -5 14 -8 -4 17 -9 -7 27 19 22 29 26 -10 -22 -2 -3 25 -15 -6 28 -1 -12
right_child=2 4 11 8 16 6 10 13 20 -11 18 -13 -14 24 -16 -17 -18 -19 -20 -21 21 -23 -24 -25 -26 -27 -28 -29 -30 -31
leaf_value=-0.4064503505055731 -1.0491531941605785 -1.5242753405362803 0.53287784828002438 3.0474756940021455 -1.2090320846899438 -0.24458348305877836 0.23788901608931587 -0.50561181403430278 0.7141869954871094 0.050745175196403092 0.69319513290167778 1.3619088328795117 -2.7448594288109875 1.3893671238262739 -1.0731960066979171 -4.8576207902542379 -0.35245528204980814 1.0834530171683381 -0.17099591360406477 1.2086699638750171 -0.43214233064292262 -7.7106205038402393 0.13780280145009163 -0.12702826876193285 -0.51655167608801278 0.15239406220129778 -3.6820335024082271 0.81087227238819048 0.43313361985613136 2.3002550438041842
leaf_weight=3750 646 1856 5611 272 2353 3913 3335 7347 3386 9000 391 2761 129 616 2407 43 3087 983 311 143 56 23 6002 488 1200 2248 122 914 1776 807
leaf_count=3750 646 1856 5611 272 2353 3913 3335 7347 3386 9000 391 2761 129 616 2407 43 3087 983 311 143 56 23 6002 488 1200 2248 122 914 1776 807
internal_value=-0.00070469 -0.153068 0.470062 0.276215 -0.263791 -0.184062 -0.0107125 -0.438183 0.814987 -0.201275 0.591975 0.806284 0.107325 -0.274837 -0.560164 -0.0343489 -0.737818 0.158929 1.37453 -1.19222 0.639738 -2.55119 0.0224638 -1.23338 0.142365 0.418447 -1.33093 -0.00214383 -0.136617 1.77575
internal_weight=65976 49844 16132 10220 39624 33919 20164 13755 3737 15320 4844 8372 7760 11411 6320 6483 5705 7631 1509 2618 3465 79 6648 2344 4064 2864 2475 6440 5526 1198
internal_count=65976 49844 16132 10220 39624 33919 20164 13755 3737 15320 4844 8372 7760 11411 6320 6483 5705 7631 1509 2618 3465 79 6648 2344 4064 2864 2475 6440 5526 1198
cat_boundaries=0 1
cat_threshold=11
is_linear=0
shrinkage=0.05


Tree=77
num_leaves=31
num_cat=3
split_feature=68 0 71 72 73 4 13 4 13 0 3 4 68 61 13 1 4 4 57 4 71 69 39 72 75 3 19 1 40 51
split_gain=1.73564e+06 1.13467e+06 693659 747299 584666 482438 637940 453501 493933 538703 469607 892291 461076 437751 404205 380518 354340 340178 320965 316724 315818 314556 316630 297017 294693 294042 290572 283742 275827 268878
threshold=30.312500000000007 2020.5000000000002 27.958333333333339 2.9833333333333338 0.63333333333333164 4.5000000000000009 0 6.5000000000000009 1 2024.5000000000002 8.5000000000000018 1.5000000000000002 20.912500000000005 973.17294921471012 2 4.5000000000000009 1.5000000000000002 1.5000000000000002 957.32370500000013 1.5000000000000002 7.2833333333333341 136.50027777777785 63.500000000000007 28.333333333333339 1997.5980000000004 11.500000000000002 1.0000000180025095e-35 10.500000000000002 34.500000000000007 0.20833333350000002
decision_type=2 2 2 2 2 2 9 2 9 2 2 2 2 2 9 2 2 2 2 2 2 2 2 2 2 2 2 2 2 2
left_child=1 14 3 4 -3 6 17 8 10 20 11 18 -13 19 15 21 25 24 -5 -12 -10 22 -1 -9 -2 -15 -11 28 -6 -16
right_child=5 2 -4 7 27 -7 -8 23 9 26 13 12 -14 16 29 -17 -18 -19 -20 -21 -22 -23 -24 -25 -26 -27 -28 -29 -30 -31
leaf_value=-1.2573480657130685 2.2834047538352511 1.1136246400647387 0.92067062858868087 -0.70614979610267237 -0.71395103662127735 0.31969613634758104 -1.0582268598022071 -0.64597839293956982 -5.2737271785736084 0.061542063460630528 6.3787473898667564 -0.12978038963785699 0.81541025794548294 1.7556362367223981 -2.1985218368658499 -0.15120762909460994 0.1041095608905816 1.2158430653851429 -2.0929648487434651 1.5354629160517241 -1.4838187463348314 -0.26021578380572147 -0.36221908313180251 0.91276057656528009 7.0684295429902919 0.45640917330654562 5.1863873546443342 1.3553220683162936 0.54923715089694014 -0.54852321092910761
leaf_weight=2386 600 2666 2398 1259 1140 2204 259 3985 61 85 39 7724 1549 585 476 14892 10893 2064 624 251 556 3944 1686 331 34 1704 41 331 696 513
leaf_count=2386 600 2666 2398 1259 1140 2204 259 3985 61 85 39 7724 1549 585 476 14892 10893 2064 624 251 556 3944 1686 331 34 1704 41 331 696 513
internal_value=-0.000690258 -0.0753985 0.0983623 0.0412391 0.617815 0.879639 1.29699 -0.0526267 0.0279757 -1.2335 0.066507 -0.173396 0.0281081 0.265217 -0.343838 -0.300585 0.222943 1.52137 -1.16572 2.1868 -1.85851 -0.578471 -0.886722 -0.526437 2.54001 0.788453 1.72915 0.00783409 -0.235095 -1.32922
internal_weight=65976 60815 36918 34520 4833 5161 2957 29687 25371 743 24628 11156 9273 13472 23897 22908 13182 2698 1883 290 617 8016 4072 4316 634 2289 126 2167 1836 989
internal_count=65976 60815 36918 34520 4833 5161 2957 29687 25371 743 24628 11156 9273 13472 23897 22908 13182 2698 1883 290 617 8016 4072 4316 634 2289 126 2167 1836 989
cat_boundaries=0 1 2 3
cat_threshold=1 9 1
is_linear=0
shrinkage=0.05


Tree=78
num_leaves=31
num_cat=2
split_feature=68 0 13 4 3 4 60 7 4 73 4 4 13 4 51 67 0 61 72 73 61 72 68 73 51 39 75 15 71 72
split_gain=1.56834e+06 1.05273e+06 885482 689968 720059 1.30468e+06 640565 511065 498395 480367 478949 473265 702655 438950 392996 414182 392756 372406 371465 370291 351235 321522 344963 389663 282866 387721 276243 273066 296381 276978
threshold=29.862500000000008 2023.5000000000002 0 5.5000000000000009 6.5000000000000009 1.5000000000000002 966.78131060503767 1.0000000180025095e-35 2.5000000000000004 -8.4249999999999972 1.5000000000000002 6.5000000000000009 1 1.5000000000000002 0.20833333350000002 1.7875000000000005 2024.5000000000002 1015.3567807755601 -3.4499999999999997 2.6833333333333345 999.6592288047766 21.991666666666671 9.9625000000000039 -1.0666666666666655 1.0000000180025095e-35 98.500000000000014 1997.5980000000004 0.15000000000000005 23.425000000000008 7.9666666666666677
decision_type=2 2 9 2 2 2 2 2 2 2 2 2 9 2 2 2 2 2 2 2 2 2 2 2 2 2 2 2 2 2
left_child=1 2 3 4 5 20 -5 18 -7 -9 17 12 13 26 15 -4 -15 -6 -3 27 -1 22 23 -12 25 -8 -2 28 -20 -29
right_child=11 7 14 6 10 8 24 9 -10 -11 21 -13 -14 16 -16 -17 -18 -19 19 -21 -22 -23 -24 -25 -26 -27 -28 29 -30 -31
leaf_value=-1.2476397660239691 2.0935004308571421 2.2842063581529439 -8.0415242618984646 -0.98101725954724817 1.6300836302521262 0.59345584888546998 -0.74871265802002007 6.7619855880737312 -0.30172217261234535 -0.6854090377853429 0.72696329563191486 -0.35123908287349659 -1.0224729301380406 0.78594938320831198 -0.52858327784982806 -1.7611116995564402 2.545270590594837 0.40379710305978533 0.2734657773940391 -0.66391689056215231 -3.3040180573606088 0.57548089579577588 -0.25141278128302902 -0.072867467186976148 0.017534344148571988 0.71385748987953701 6.7150081466226013 2.5085361167236613 0.96032873750013226 0.3244904564913122
leaf_weight=1844 660 269 27 3894 740 2072 3271 22 6230 1370 2426 770 396 3388 1013 947 350 3790 7437 756 234 2340 9122 4090 5380 526 34 324 1991 263
leaf_count=1844 660 269 27 3894 740 2072 3271 22 6230 1370 2426 770 396 3388 1013 947 350 3790 7437 756 234 2340 9122 4090 5380 526 34 324 1991 263
internal_value=-0.000663765 -0.0748928 -0.181205 -0.136346 -0.0142423 -0.358755 -0.443677 0.335117 -0.0783051 -0.567706 0.144636 0.799943 0.983541 1.16246 -1.21199 -1.93521 0.95068 0.604118 0.448951 0.403116 -1.4792 0.0288588 -0.0529353 0.224921 -0.215671 -0.546102 2.31991 0.483663 0.418517 1.52999
internal_weight=65976 60378 47946 45959 32888 10380 13071 12432 8302 1392 22508 5598 4828 4432 1987 974 3738 4530 11040 10771 2078 17978 15638 6516 9177 3797 694 10015 9428 587
internal_count=65976 60378 47946 45959 32888 10380 13071 12432 8302 1392 22508 5598 4828 4432 1987 974 3738 4530 11040 10771 2078 17978 15638 6516 9177 3797 694 10015 9428 587
cat_boundaries=0 1 2
cat_threshold=1 1
is_linear=0
shrinkage=0.05


Tree=79
num_leaves=31
num_cat=1
split_feature=68 68 0 1 72 3 9 73 19 72 1 58 10 31 3 4 58 2 1 43 1 72 13 73 2 75 66 1 72 1
split_gain=1.46734e+06 867508 713516 650386 683560 636803 530294 518787 516234 806814 521338 499738 421436 344910 340181 333952 303736 302745 339410 301596 296755 361341 338765 268406 256001 255411 253312 303770 247283 238568
threshold=22.587500000000006 5.262500000000002 2020.5000000000002 7.5000000000000009 20.775000000000006 9.5000000000000018 1.0000000180025095e-35 3.2500000000000031 1.0000000180025095e-35 6.9000000000000012 4.5000000000000009 1102.5965000000003 1.0000000180025095e-35 77.500000000000014 9.5000000000000018 6.5000000000000009 1129.6665000000003 30.500000000000004 11.500000000000002 1.0000000180025095e-35 7.5000000000000009 10.725000000000003 0 -4.3083333333333336 1.5000000000000002 1553.0793333333338 -3.4499999999999997 3.5000000000000004 13.775000000000002 8.5000000000000018
decision_type=2 2 2 2 2 2 2 2 2 2 2 2 2 2 2 2 2 2 2 2 2 2 9 2 2 2 2 2 2 2
left_child=1 5 29 4 -4 12 -6 8 10 16 13 -7 26 24 -15 -5 -10 23 -19 -17 22 -22 -12 -13 -3 -8 -1 -28 -11 -2
right_child=2 7 3 15 6 11 25 -9 9 28 20 17 -14 14 -16 19 -18 18 -20 -21 21 -23 -24 -25 -26 -27 27 -29 -30 -31
leaf_value=0.72396095625580958 0.15257429629908481 -2.7255739589874772 0.28421756149818567 0.35860284604524439 1.5407828297144119 2.5152854208245703 0.10143584556295059 -1.0782848882824383 2.2478745088901051 0.047189779134581528 0.21860211750814487 1.7578408519531381 -4.5886564272291528 -0.97766776542237899 0.026937724389321561 -1.7164488483613463 0.73212107954089722 -0.43496324700406852 -7.0998413688861408 0.59042856532223098 0.13184873927859356 -0.46563120687762921 -0.86355631877834726 0.46547241449182392 -0.77858725480500424 -3.4939088127305435 -0.3904191328006596 0.34084349471895031 -1.0493104764100021 -0.55155063999507348
leaf_weight=972 5601 174 2265 3775 3651 348 243 1860 486 2233 6685 452 51 1156 3109 398 1033 72 26 220 3531 8931 801 3614 5685 62 4195 2147 668 1532
leaf_count=972 5601 174 2265 3775 3651 348 243 1860 486 2233 6685 452 51 1156 3109 398 1033 72 26 220 3531 8931 801 3614 5685 62 4195 2147 668 1532
internal_value=-0.000638325 -0.143676 0.388079 0.647979 0.976881 0.227315 1.37346 -0.264887 -0.221024 0.283526 -0.295183 0.695073 -0.0592463 -0.587411 -0.245354 0.182216 1.21708 0.542951 -2.2032 -0.89523 -0.146872 -0.29634 0.10195 0.60914 -0.836409 -0.629421 -0.027663 -0.14286 -0.205296 0.00134488
internal_weight=65976 48229 17747 10614 6221 11877 3956 36352 34492 4420 30072 4512 7365 10124 4265 4393 1519 4164 98 618 19948 12462 7486 4066 5859 305 7314 6342 2901 7133
internal_count=65976 48229 17747 10614 6221 11877 3956 36352 34492 4420 30072 4512 7365 10124 4265 4393 1519 4164 98 618 19948 12462 7486 4066 5859 305 7314 6342 2901 7133
cat_boundaries=0 1
cat_threshold=1
is_linear=0
shrinkage=0.05


Tree=80
num_leaves=31
num_cat=1
split_feature=70 0 68 68 3 35 66 3 4 73 13 1 1 53 9 3 1 73 35 68 57 66 4 4 57 0 10 57 71 61
split_gain=1.34655e+06 928630 565047 567548 486519 654018 449946 427783 424982 378753 376802 360372 346867 335366 313262 303470 297028 275190 272187 269269 334601 260329 244819 329671 262414 244610 239613 242896 231153 228121
threshold=28.141666666666669 2020.5000000000002 1.1125000000000007 22.212500000000006 9.5000000000000018 72.500000000000014 10.725000000000003 12.500000000000002 1.5000000000000002 0.33333333333333753 0 7.5000000000000009 4.5000000000000009 0.37500000000000006 1.0000000180025095e-35 20.500000000000004 3.5000000000000004 -0.78333333333333444 64.500000000000014 10.412500000000003 1335.0170000000003 3.5750000000000006 1.5000000000000002 2.5000000000000004 1037.8024960080004 2022.5000000000002 1.0000000180025095e-35 1147.7531388893301 2.1583333333333341 989.9788993047772
decision_type=2 2 2 2 2 2 2 2 2 2 9 2 2 2 2 2 2 2 2 2 2 2 2 2 2 2 2 2 2 2
left_child=1 10 17 4 22 8 15 11 29 -2 12 14 18 16 -5 -7 19 -3 21 26 -21 -1 24 -24 -4 -11 27 -10 -12 -6
right_child=9 2 3 7 5 6 -8 -9 13 25 28 -13 -14 -15 -16 -17 -18 -19 -20 20 -22 -23 23 -25 -26 -27 -28 -29 -30 -31
leaf_value=-0.20738300490910994 0.39654207906393313 1.2225768869880738 -0.61243367862329601 1.2860802424607956 5.6509306410084603 1.2683690443808495 0.032673131927504394 -0.016120255925352413 1.8001373957668509 0.80390842444993338 -6.1270681269466882 0.20425722589483486 -0.12627946881017221 0.12177713250159286 -0.86857014550612532 0.10071449825070777 -0.23538721310670005 0.28493604077520834 -0.18297839118410425 -1.5366515971686094 -5.9482193760249933 -1.0169626479235099 0.40617712660292726 -0.35033693117837966 -2.3644131977993803 1.8509866324635735 -5.9805265617370615 -0.71669888141788507 -1.1586888234441317 0.62414287544785385
leaf_weight=1414 3065 1495 1509 2307 23 2190 2256 3348 107 1318 24 1830 14883 3040 182 746 2771 1642 3267 655 46 3335 1735 8472 249 967 20 921 953 1206
leaf_count=1414 3065 1495 1509 2307 23 2190 2256 3348 107 1318 24 1830 14883 3040 182 746 2771 1642 3267 655 46 3335 1735 8472 249 967 20 921 953 1206
internal_value=-0.000611297 -0.0677133 0.0900166 0.0301221 -0.081563 0.118733 0.563669 0.408077 -0.144108 0.759786 -0.310492 0.736906 -0.268978 -0.284293 1.12853 0.971683 -0.557402 0.731788 -0.534257 -1.06758 -1.82614 -0.775913 -0.315607 -0.221744 -0.860581 1.24703 -0.560187 -0.454732 -1.26776 0.718216
internal_weight=65976 60626 36750 33613 25946 13981 5192 7667 8789 5350 23876 4319 22899 7560 2489 2936 4520 3137 8016 1749 701 4749 11965 10207 1758 2285 1048 1028 977 1229
internal_count=65976 60626 36750 33613 25946 13981 5192 7667 8789 5350 23876 4319 22899 7560 2489 2936 4520 3137 8016 1749 701 4749 11965 10207 1758 2285 1048 1028 977 1229
cat_boundaries=0 1
cat_threshold=1
is_linear=0
shrinkage=0.05


Tree=81
num_leaves=31
num_cat=1
split_feature=62 13 4 3 4 60 0 4 4 61 7 73 69 61 62 71 59 73 68 72 71 64 1 63 70 48 75 56 67 51
split_gain=1.24428e+06 626484 631033 750632 1.61993e+06 749506 548617 500735 462569 450379 421679 351143 342888 326447 400095 314195 313898 313325 300952 406331 288968 280922 274706 248528 291498 247716 432539 328456 269646 233113
threshold=1390.3055000000002 0 5.5000000000000009 6.5000000000000009 1.5000000000000002 1009.5020000000001 2024.5000000000002 2.5000000000000004 1.5000000000000002 1066.0376582755603 1.0000000180025095e-35 -0.73333333333333683 113.95569444444443 1008.9520926897652 1154.3737682779204 -0.62499999999999967 1171.2598696079451 3.1000000000000014 6.2375000000000016 28.141666666666669 20.775000000000006 1.0000000180025095e-35 4.5000000000000009 1818.6935000000001 33.69166666666667 0.20833333350000002 962.50130000000013 900.5915389198002 2.2375000000000012 0.79166666650000017
decision_type=2 9 2 2 2 2 2 2 2 2 2 2 2 2 2 2 2 2 2 2 2 2 2 2 2 2 2 2 2 2
left_child=1 2 3 4 9 22 11 16 13 -1 23 -2 17 14 -5 -15 -6 -10 -7 -20 -13 -14 29 -8 -25 26 27 -3 -28 -4
right_child=6 25 5 8 7 18 10 -9 12 -11 -12 20 21 15 -16 -17 -18 -19 19 -21 -22 -23 -24 24 -26 -27 28 -29 -30 -31
leaf_value=-1.1441493172394892 -0.13829747942394069 -0.99728074115056264 -1.664729408027948 1.2927238296975549 0.3971845060610017 0.41784386302601634 1.4288592009144783 -0.1870162699716037 0.016603882518807719 -3.2417327879613285 -0.77508581658910369 0.059961462574285862 0.55899405795924972 2.383795029840353 6.7492113167898999 0.34681140219690154 2.0063822170812635 -1.0085110995904383 -0.37269442604147485 0.62139779095001235 0.74314178381706275 -0.49154981324357583 -0.51232771668506483 2.3717846070583777 7.2634667910062349 -0.47361588938442689 -7.9507615424968581 5.3653292569247162 -2.7389401282229331 -0.64024371559763193
leaf_weight=2362 2752 260 1317 837 2259 2271 1093 7809 12930 287 197 2267 4870 199 35 3886 350 791 7205 1199 4879 732 3158 139 39 537 27 22 307 960
leaf_count=2362 2752 260 1317 837 2259 2271 1093 7809 12930 287 197 2267 4870 199 35 3886 350 791 7205 1199 4879 732 3158 139 39 537 27 22 307 960
internal_value=-0.000580732 -0.0996419 -0.0746317 0.0381815 -0.267375 -0.336207 0.475377 0.0133484 0.202626 -1.37141 1.37739 0.341597 0.0920894 0.633512 1.51173 0.446043 0.61306 -0.0424928 -0.0928603 -0.230867 0.526409 0.421722 -0.81417 1.71101 3.44356 -1.24773 -1.94283 -0.500907 -3.16026 -1.2328
internal_weight=65976 54610 53457 37347 13067 16110 11366 10418 24280 2649 1468 9898 19323 4957 872 4085 2609 13721 10675 8404 7146 5602 5435 1271 178 1153 616 282 334 2277
internal_count=65976 54610 53457 37347 13067 16110 11366 10418 24280 2649 1468 9898 19323 4957 872 4085 2609 13721 10675 8404 7146 5602 5435 1271 178 1153 616 282 334 2277
cat_boundaries=0 1
cat_threshold=11
is_linear=0
shrinkage=0.05


Tree=82
num_leaves=31
num_cat=1
split_feature=0 13 66 71 69 73 7 4 3 4 60 3 68 73 4 27 3 1 1 38 72 2 73 2 64 2 33 71 2 4
split_gain=1.18252e+06 815432 779463 601355 528065 444641 422546 421469 492533 736164 365390 355754 324612 303426 289976 285793 306639 260844 258925 258008 256263 246557 244987 244663 237281 259981 260491 223147 222040 212995
threshold=2023.5000000000002 0 21.991666666666671 23.425000000000008 250.1669444444444 0.20000000000000465 1.0000000180025095e-35 4.5000000000000009 6.5000000000000009 1.5000000000000002 841.80818174551416 17.500000000000004 6.9375000000000018 -0.28333333333333049 2.5000000000000004 1.0000000180025095e-35 9.5000000000000018 4.5000000000000009 7.5000000000000009 81.500000000000014 19.225000000000005 2.5000000000000004 -5.216666666666665 25.500000000000004 1.0000000180025095e-35 30.500000000000004 95.500000000000014 -0.97499999999999998 18.500000000000004 1.5000000000000002
decision_type=2 9 2 2 2 2 2 2 2 2 2 2 2 2 2 2 2 2 2 2 2 2 2 2 2 2 2 2 2 2
left_child=1 11 7 4 6 29 15 8 9 -3 -9 -1 24 -5 -11 -2 -17 -14 -15 -18 -7 -8 -6 28 25 26 -10 -28 -23 -4
right_child=3 2 5 13 22 20 21 10 12 14 -12 -13 17 18 -16 16 19 -19 -20 -21 -22 23 -24 -25 -26 -27 27 -29 -30 -31
leaf_value=-2.2578102719056434 0.095979090630850764 -1.2135356390619265 0.67978034272557386 0.36693803359814198 3.2450711336347369 0.048150879430643265 -3.3786616992382776 -0.9019648013950754 0.51535155508919617 0.40679462876330086 -0.27820607480593967 0.1180378965111006 -0.36625080890309819 1.7674406763782908 -0.34257537395613064 -0.34535268318453216 0.41845256280050513 0.15693937005436767 0.46960782501846554 2.0379373378278571 0.77246364830127223 -0.64508374257794499 0.92222180999260284 -2.0004690501995448 -0.32784605668358774 -2.950347461262528 5.2250677498375495 1.4030171694785785 1.1670399907843343 -0.15290566756040988
leaf_weight=631 6805 1952 897 1090 124 1699 84 2827 2797 1945 13851 210 3706 1398 3839 369 432 6670 530 571 4342 689 1342 238 728 49 41 557 224 5339
leaf_count=631 6805 1952 897 1090 124 1699 84 2827 2797 1945 13851 210 3706 1398 3839 369 432 6670 530 571 4342 689 1342 238 728 49 41 557 224 5339
internal_value=-0.000551695 -0.109895 -0.0843612 0.409249 0.235998 0.263032 0.0985095 -0.193847 -0.0515789 -0.373934 -0.383936 -1.64499 0.119836 1.03371 -0.0905829 0.228707 0.887025 -0.0299287 1.41067 1.34041 0.568754 -0.763534 1.1187 -0.572682 0.492308 0.665674 0.717864 1.66506 -0.200488 -0.0331303
internal_weight=65976 52080 51239 13896 10878 12277 9412 38962 22284 7736 16678 841 14548 3018 5784 8177 1372 10376 1928 1003 6041 1235 1466 1151 4172 3444 3395 598 913 6236
internal_count=65976 52080 51239 13896 10878 12277 9412 38962 22284 7736 16678 841 14548 3018 5784 8177 1372 10376 1928 1003 6041 1235 1466 1151 4172 3444 3395 598 913 6236
cat_boundaries=0 1
cat_threshold=180
is_linear=0
shrinkage=0.05


Tree=83
num_leaves=31
num_cat=3
split_feature=68 0 68 71 4 3 4 13 73 4 75 1 4 1 35 73 72 56 13 4 61 42 13 1 72 2 73 71 57 73
split_gain=1.09376e+06 801296 473499 538491 468837 492705 380695 497127 371117 352006 306328 265708 259707 252745 247739 243326 228888 251856 222368 269951 217999 247839 216382 218699 470154 317251 284387 212775 211602 210539
threshold=30.537500000000009 2020.5000000000002 1.1125000000000007 24.158333333333342 3.5000000000000004 7.5000000000000009 4.5000000000000009 0 -0.24999999999999989 1.5000000000000002 636.57875193327425 7.5000000000000009 1.5000000000000002 4.5000000000000009 64.500000000000014 -0.78333333333333444 23.208333333333339 1643.0093333333336 1 6.5000000000000009 1091.8145000000002 0.62500000000000011 2 8.5000000000000018 11.075000000000001 30.500000000000004 -2.9999999999999982 34.291666666666679 953.92375317580115 -1.7333333333333318
decision_type=2 2 2 2 2 2 2 9 2 2 2 2 2 2 2 2 2 2 9 2 2 2 9 2 2 2 2 2 2 2
left_child=1 10 15 4 5 9 7 12 -5 28 -1 -10 -2 14 -12 -3 17 -7 19 -6 -21 -22 23 26 25 -25 -15 -8 -4 -16
right_child=6 2 3 8 18 16 27 -9 11 -11 13 -13 -14 22 29 -17 -18 -19 -20 20 21 -23 -24 24 -26 -27 -28 -29 -30 -31
leaf_value=-2.1493791154081672 2.2090220579624975 1.136519313050951 -0.56866528294241925 -0.049311750752106892 -0.073630952596866014 0.3616332168422785 0.088025776120501179 -1.0319270008703847 1.2018603856825711 0.060437613625887357 -0.72497613201508659 0.28701123600545408 1.0241949490139552 -1.4365004391534955 0.5898765754838573 0.25483281727801971 1.488447674735569 -3.3095905846737801 -1.2259619713795407 -0.3253172640085471 -1.8726107081123875 -0.34660474854131385 -0.93139970459661903 0.26512686495485616 -0.57407365610846728 -2.8112127362439132 0.18762048487701208 2.3667040872353096 -2.0170284091844572 -0.37321028794456029
leaf_weight=218 603 1495 1039 1929 11843 7744 1992 247 1926 2748 4759 1350 1985 282 727 1642 459 47 530 2909 570 499 828 3285 5110 86 6097 108 333 2586
leaf_count=218 603 1495 1039 1929 11843 7744 1992 247 1926 2748 4759 1350 1985 282 727 1642 459 47 530 2909 570 499 828 3285 5110 86 6097 108 333 2586
internal_value=-0.000524111 -0.0584098 0.087301 0.0329572 -0.0518443 0.180413 0.715464 1.09343 0.500889 -0.266124 -0.283636 0.824862 1.29525 -0.266518 -0.493861 0.675018 0.40341 0.339486 -0.227553 -0.19321 -0.549696 -1.16028 -0.149543 -0.10528 -0.271706 0.186644 0.115822 0.205215 -0.920199 -0.161872
internal_weight=65976 61041 37063 33926 28721 12370 4935 2835 5205 4120 23978 3276 2588 23760 8072 3137 8250 7791 16351 15821 3978 1069 15688 14860 8481 3371 6379 2100 1372 3313
internal_count=65976 61041 37063 33926 28721 12370 4935 2835 5205 4120 23978 3276 2588 23760 8072 3137 8250 7791 16351 15821 3978 1069 15688 14860 8481 3371 6379 2100 1372 3313
cat_boundaries=0 1 2 3
cat_threshold=1 9 1
is_linear=0
shrinkage=0.05


Tree=84
num_leaves=31
num_cat=1
split_feature=0 13 66 71 69 1 7 68 3 4 3 27 73 1 65 20 51 2 1 4 3 41 4 4 63 63 73 1 2 2
split_gain=1.02665e+06 698597 648765 509885 478702 427483 422091 394544 387018 367197 319002 318378 300701 258805 265995 256497 253026 246558 241559 238468 323672 348583 335746 315942 251630 227813 215418 333110 213435 223796
threshold=2023.5000000000002 0 21.108333333333341 27.958333333333339 259.47847222222231 8.5000000000000018 1.0000000180025095e-35 6.2375000000000016 9.5000000000000018 6.5000000000000009 17.500000000000004 1.0000000180025095e-35 0.45000000000000157 4.5000000000000009 1.0000000180025095e-35 1.0000000180025095e-35 1.0000000180025095e-35 30.500000000000004 11.500000000000002 6.5000000000000009 8.5000000000000018 96.500000000000014 1.5000000000000002 1.5000000000000002 1115.1789024458151 1616.1680000000003 1.8499999999999985 4.5000000000000009 2.5000000000000004 25.500000000000004
decision_type=2 9 2 2 2 2 2 2 2 2 2 2 2 2 2 2 2 2 2 2 2 2 2 2 2 2 2 2 2 2
left_child=1 10 7 4 6 12 19 8 -3 13 -1 17 -4 14 15 -9 -11 -10 -19 20 22 23 24 -22 -2 -21 -25 -28 -8 -30
right_child=3 2 5 -5 -6 -7 28 9 11 16 -12 -13 -14 -15 -16 -17 -18 18 -20 25 21 -23 -24 26 -26 -27 27 -29 29 -31
leaf_value=-2.1031708495198451 -0.67824445232016295 -0.17944770725154779 0.13583609091976998 1.2423700226577734 1.1207619020582265 -0.3091203059251757 -3.0753925662149086 -0.48588733549455132 0.28720093115724671 -1.1758505604181313 0.14661200134527116 1.3104479067449257 0.66918851420165681 -0.099520414595501247 -1.3559854537771547 0.43324882239357321 -0.36231744724569426 -0.59225371433185192 -6.2316997502531324 -0.1976919140199104 1.4024684791302879 1.4079760977123241 0.20205278682715397 0.39220607852099082 -3.551387135563318 -3.2995330455322418 -2.0834470571696082 0.32081567557591401 -0.17117248767862853 -1.8835274657886476
leaf_weight=631 422 6578 6289 1530 1473 3061 88 5522 3521 1803 210 826 4558 15332 748 880 2034 59 28 1308 663 1094 2561 2833 93 62 242 356 931 240
leaf_count=631 422 6578 6289 1530 1473 3061 88 5522 3521 1803 210 826 4558 15332 748 880 2034 59 28 1308 663 1094 2561 2833 93 62 242 356 931 240
internal_value=-0.000522075 -0.102404 -0.0787704 0.381316 0.274781 0.212699 0.160384 -0.187381 0.0639145 -0.292524 -1.52328 0.424951 0.359955 -0.215369 -0.463789 -0.359546 -0.744595 0.222229 -2.40725 0.272899 0.374184 0.615131 -0.032198 0.403266 -1.19708 -0.338067 0.210182 -0.652147 -0.70059 -0.522125
internal_weight=65976 52080 51239 13896 12366 13908 10893 37331 11012 26319 841 4434 10847 22482 7150 6402 3837 3608 87 9634 8264 5188 3076 4094 515 1370 3431 598 1259 1171
internal_count=65976 52080 51239 13896 12366 13908 10893 37331 11012 26319 841 4434 10847 22482 7150 6402 3837 3608 87 9634 8264 5188 3076 4094 515 1370 3431 598 1259 1171
cat_boundaries=0 1
cat_threshold=180
is_linear=0
shrinkage=0.05


Tree=85
num_leaves=31
num_cat=1
split_feature=68 0 72 1 73 4 13 66 71 69 34 68 72 9 61 72 1 72 2 72 9 4 1 2 4 66 67 73 73 3
split_gain=928380 684182 418366 475934 542566 350149 503327 341310 360675 338155 324520 330929 310963 273988 269770 268422 251978 349773 498734 316970 268567 262289 225851 274324 214293 212479 212320 289372 205942 195072
threshold=30.537500000000009 2020.5000000000002 0.31666666666666671 3.5000000000000004 0.60000000000000686 6.5000000000000009 0 3.7250000000000005 27.958333333333339 250.1669444444444 37.500000000000007 4.4875000000000016 6.991666666666668 1.0000000180025095e-35 682.4738748216746 25.866666666666671 7.5000000000000009 8.7750000000000021 30.500000000000004 23.083333333333339 1.0000000180025095e-35 6.5000000000000009 10.500000000000002 30.500000000000004 1.5000000000000002 11.541666666666668 16.712500000000006 -1.0666666666666655 -1.5499999999999998 16.500000000000004
decision_type=2 2 2 2 2 2 9 2 2 2 2 2 2 2 2 2 2 2 2 2 2 2 2 2 2 2 2 2 2 2
left_child=1 14 10 4 12 6 9 -5 16 15 11 -3 25 -7 -1 24 19 18 -18 -9 -21 -19 26 -24 -2 -4 -16 -28 -10 -25
right_child=5 2 3 7 -6 13 -8 8 28 -11 -12 -13 -14 -15 22 -17 17 21 -20 20 -22 -23 23 29 -26 -27 27 -29 -30 -31
leaf_value=-1.3114966216448765 1.6548729908790645 0.65442478493815526 0.47753249343617327 1.0837270218703796 -0.77565690605593274 -0.64341768764303697 -0.9503157080005149 0.053003425209201163 -0.69551505316961182 2.2699488189536061 1.3296614143322782 -0.98270493750670607 -0.41943310088106112 3.9010996939454765 -0.44706545935139197 2.5461868428115579 0.5660949514280279 -0.14640524613076839 -4.0550115903218593 0.81475768925802861 -0.87265164634090597 -0.90341450256134481 0.14210108400886182 -1.3000797063112259 0.53466869764777225 -1.333599007376578 -0.76217142905957802 0.036185911135291196 0.83212173217966368 -7.0259165309724354
leaf_weight=597 506 1157 2769 925 3436 633 360 8015 245 457 1123 421 2151 35 11330 212 2172 7972 60 2633 259 1336 4266 51 2732 172 1383 6330 2217 21
leaf_count=597 506 1157 2769 925 3436 633 360 8015 245 457 1123 421 2151 35 11330 212 2172 7972 60 2633 259 1336 4266 51 2732 172 1383 6330 2217 21
internal_value=-0.000495971 -0.0538261 0.0808161 0.0337183 -0.290156 0.659144 0.825784 0.140632 0.10561 0.989338 0.679993 0.217649 0.0374524 -0.405307 -0.261944 0.822572 0.0425988 -0.120264 0.441872 0.214914 0.663638 -0.255061 -0.235145 0.090446 0.709722 0.371611 -0.309315 -0.106966 0.680103 -2.97012
internal_weight=65976 61041 37063 34362 8528 4935 4267 25834 24909 3907 2701 1578 5092 668 23978 3450 22447 11540 2232 10907 2892 9308 23381 4338 3238 2941 19043 7713 2462 72
internal_count=65976 61041 37063 34362 8528 4935 4267 25834 24909 3907 2701 1578 5092 668 23978 3450 22447 11540 2232 10907 2892 9308 23381 4338 3238 2941 19043 7713 2462 72
cat_boundaries=0 1
cat_threshold=1
is_linear=0
shrinkage=0.05


Tree=86
num_leaves=31
num_cat=1
split_feature=0 13 4 3 4 62 72 69 61 74 71 4 48 4 70 73 73 1 69 57 1 72 73 15 71 57 61 74 10 59
split_gain=886468 642830 646389 773604 1.03113e+06 440632 368183 354283 334731 328474 322262 296344 418135 262036 260515 257159 252160 261797 294506 263967 243034 214462 255726 295052 211686 210070 304773 206023 203779 202848
threshold=2023.5000000000002 0 3.5000000000000004 6.5000000000000009 1.5000000000000002 1390.3055000000002 19.958333333333339 303.92111111111126 1066.0376582755603 -0.99999999999999722 22.325000000000003 6.5000000000000009 0.45833333350000005 2.5000000000000004 3.8583333333333334 -1.0666666666666655 -8.4249999999999972 3.5000000000000004 50.055694444444427 1314.1730000000002 3.5000000000000004 7.9666666666666677 2.1000000000000001 1.0000000180025095e-35 34.291666666666679 1015.9665000000001 1018.6562404373551 0.35000000000000325 1.0000000180025095e-35 1171.2598696079451
decision_type=2 9 2 2 2 2 2 2 2 2 2 2 2 2 2 2 2 2 2 2 2 2 2 2 2 2 2 2 2 2
left_child=1 2 3 4 8 16 14 24 -1 -3 11 -4 25 29 -5 -12 -2 18 19 -18 -16 22 23 -19 -7 -13 -27 -8 -11 -6
right_child=5 9 10 6 13 7 27 -9 -10 28 15 12 -14 -15 20 -17 17 21 -20 -21 -22 -23 -24 -25 -26 26 -28 -29 -30 -31
leaf_value=-1.0500103154021656 3.8337061014581231 -0.29694654610308269 -0.19787995858339802 0.76484552109512383 0.36540743021851763 0.58821498024797592 0.43345852404503138 2.6098673505204566 -3.4946312566960098 -1.3086272345196073 -0.61747324692069094 -1.7819076008170036 -0.15047342680756115 -0.25924035132657147 -0.33385448011928953 0.24780047690421825 -0.97721298687735914 0.94661123706845829 -0.012035428290717728 -4.9697115089582367 0.24536620528991168 0.22291746287074479 -0.57136863671390004 3.3746676042003019 2.262076435595751 -0.32556615342390816 -1.5187688306211884 1.1767171625319988 -3.8909598949478892 1.981059692054987
leaf_weight=1927 47 1129 16666 1741 1855 3398 2043 255 151 1118 1029 701 2534 2086 2416 5188 414 649 2820 46 7232 5709 203 155 200 1373 877 1715 82 217
leaf_count=1927 47 1129 16666 1741 1855 3398 2043 255 151 1118 1029 701 2534 2086 2416 5188 414 649 2820 46 7232 5709 203 155 200 1373 877 1715 82 217
internal_value=-0.000478374 -0.0951496 -0.0570333 0.15054 -0.318171 0.354334 0.343508 0.808899 -1.22765 -0.90524 -0.213517 -0.302797 -0.621582 0.13635 0.201905 0.104586 0.179941 0.162761 -0.203388 -1.37646 0.100321 0.341583 1.01434 1.41471 0.681259 -1.02612 -0.79065 0.772652 -1.48509 0.534614
internal_weight=65976 52080 49751 21383 6236 13896 15147 3853 2078 2329 28368 22151 5485 4158 11389 6217 10043 9996 3280 460 9648 6716 1007 804 3598 2951 2250 3758 1200 2072
internal_count=65976 52080 49751 21383 6236 13896 15147 3853 2078 2329 28368 22151 5485 4158 11389 6217 10043 9996 3280 460 9648 6716 1007 804 3598 2951 2250 3758 1200 2072
cat_boundaries=0 1
cat_threshold=1
is_linear=0
shrinkage=0.05


Tree=87
num_leaves=31
num_cat=3
split_feature=68 0 71 4 3 4 61 69 13 3 57 4 13 75 4 60 69 4 68 8 1 66 60 56 32 4 3 4 71 13
split_gain=812209 644976 439903 444039 531573 708840 350782 387864 301040 311245 299992 268354 293013 253226 252780 273071 250532 237801 322618 273193 228497 328489 279339 233150 221791 218868 217138 215792 254684 213107
threshold=32.962500000000013 2020.5000000000002 28.991666666666674 3.5000000000000004 8.5000000000000018 1.5000000000000002 1002.8899887414251 60.321111111111144 0 21.500000000000004 977.00108164625965 6.5000000000000009 1 636.57875193327425 1.5000000000000002 2174.6465000000003 377.33069444444453 1.5000000000000002 1.3625000000000005 1.0000000180025095e-35 3.5000000000000004 10.725000000000003 1006.2064419446601 1351.080666666667 24.500000000000004 4.5000000000000009 11.500000000000002 2.5000000000000004 24.041666666666671 2
decision_type=2 2 2 2 2 2 2 2 9 2 2 2 9 2 2 2 2 2 2 2 2 2 2 2 2 2 2 2 2 9
left_child=1 13 3 4 5 10 -6 26 9 17 -3 12 14 -1 -2 -16 20 18 -9 -19 21 22 -5 -23 -24 29 -8 28 -7 -15
right_child=11 2 -4 16 6 27 7 8 -10 -11 -12 -13 -14 25 15 -17 -18 19 -20 -21 -22 23 24 -25 -26 -27 -28 -29 -30 -31
leaf_value=-1.9325393842892091 2.4672674260166154 -0.4469417685557473 0.74981033738864677 -0.94276538182793146 2.8050786843361415 0.41628641260860877 0.80258143909535762 3.7444963575383419 -1.7198315001335467 -0.18578100376107967 -1.73231777869824 -0.39954654882465934 -0.74746408862610392 -0.049160987508377857 0.82348498885462895 3.3917623033984143 0.6461709003210947 0.68862611225372783 1.2892700226928544 5.6555733033588957 -0.041691239449554184 -1.2817675348371269 -0.48936059606553117 -6.1129683714646568 0.32253976082313196 -0.39330186215797869 -0.044987032030377128 -0.089163327732646014 2.0545309087848325 -0.98038923480274642
leaf_weight=218 335 1421 2378 1173 161 1811 952 153 109 619 667 380 209 13433 1751 110 1054 2454 1066 28 14267 632 1546 26 1845 10529 3664 2078 273 634
leaf_count=218 335 1421 2378 1173 161 1811 952 153 109 619 667 380 209 13433 1751 110 1054 2454 1066 28 14267 632 1546 26 1845 10529 3664 2078 273 634
internal_value=-0.000454456 -0.037284 0.091164 0.0476555 0.250106 -0.10577 0.491712 0.450534 0.784795 0.850004 -0.857548 0.835199 1.03029 -0.23594 1.19744 0.975291 -0.104663 1.02554 1.59743 0.744659 -0.145269 -0.428254 -0.27768 -1.47267 -0.0476159 -0.220902 0.129815 0.271384 0.630893 -0.0918634
internal_weight=65976 63191 38377 35999 15456 6250 9206 9045 4429 4320 2088 2785 2405 24814 2196 1861 20543 3701 1219 2482 19489 5222 4564 658 3391 24596 4616 4162 2084 14067
internal_count=65976 63191 38377 35999 15456 6250 9206 9045 4429 4320 2088 2785 2405 24814 2196 1861 20543 3701 1219 2482 19489 5222 4564 658 3391 24596 4616 4162 2084 14067
cat_boundaries=0 1 2 3
cat_threshold=17 1 1
is_linear=0
shrinkage=0.05


Tree=88
num_leaves=31
num_cat=1
split_feature=0 13 1 1 72 2 73 73 71 69 28 3 4 27 60 3 7 75 71 57 73 65 37 1 37 73 66 73 2 4
split_gain=768526 567035 554316 552724 744078 754541 515147 449412 390112 364050 354204 332604 326371 307340 289582 284177 271776 267820 271035 272655 258733 234863 218143 215971 210749 194119 185247 176853 175337 174306
threshold=2023.5000000000002 0 4.5000000000000009 8.5000000000000018 8.9750000000000032 30.500000000000004 -1.9499999999999982 -1.2666666666666664 23.425000000000008 250.1669444444444 4.5000000000000009 17.500000000000004 6.5000000000000009 0.15000000000000005 1298.0435000000002 11.500000000000002 1.0000000180025095e-35 1451.9410561069235 14.59166666666667 1178.7560000000003 0.016666666666667943 1.0000000180025095e-35 97.500000000000014 7.5000000000000009 59.500000000000007 -8.4249999999999972 30.341666666666669 0.8833333333333383 2.5000000000000004 6.5000000000000009
decision_type=2 9 2 2 2 2 2 2 2 2 2 2 2 2 2 2 2 2 2 2 2 2 2 2 2 2 2 2 2 2
left_child=1 2 6 7 5 22 24 -4 9 13 -9 17 -6 16 -7 -15 29 18 19 -3 -10 27 -5 -22 -1 -11 -20 -8 -18 -2
right_child=8 11 3 4 12 14 21 10 20 25 -12 -13 -14 15 -16 -17 28 -19 26 -21 23 -23 -24 -25 -26 -27 -28 -29 -30 -31
leaf_value=-0.16798242785796952 0.1941087475590795 -2.0236347893873852 -0.34874263295600721 0.32609181765634876 -0.23238517548775703 -1.9008548988867298 -0.19924995054327327 0.57910362302213325 0.31965097243246932 3.7580892794091127 0.062768859157247267 0.23853438354673839 -0.94752295644198226 -0.21265733236040193 -7.1985381192631195 1.5795252982312216 -2.9422594105263791 -4.05996139632619 -0.92392755902751722 -8.0313465774059303 1.599927676389282 -1.1975440183323893 1.1727520033082426 0.3219419086961956 0.66844381780712037 0.80650096773070734 1.9215681782790595 -0.57509997233866261 -0.55803968007603477 -0.50222593584443842
leaf_weight=1373 6237 339 2532 3609 11002 91 6774 8423 1354 58 5484 378 1866 348 36 607 83 92 621 20 1209 927 964 455 1668 1408 63 5818 1087 1050
leaf_count=1373 6237 339 2532 3609 11002 91 6774 8423 1354 58 5484 378 1866 348 36 607 83 92 621 20 1209 927 964 455 1668 1408 63 5818 1087 1050
internal_value=-0.000458234 -0.0886069 -0.0599474 0.0555618 -0.13943 0.398994 -0.297189 0.263945 0.329909 0.190367 0.375495 -1.03919 -0.336088 0.0762101 -3.40256 0.926458 -0.0198034 -1.47388 -1.24577 -2.35833 0.832871 -0.429453 0.50457 1.25048 0.290801 0.923276 -0.661842 -0.372907 -0.727177 0.0937723
internal_weight=65976 52080 50567 34007 17568 4700 16560 16439 13896 10878 13907 1513 12868 9412 127 955 8457 1135 1043 359 3018 13519 4573 1664 3041 1466 684 12592 1170 7287
internal_count=65976 52080 50567 34007 17568 4700 16560 16439 13896 10878 13907 1513 12868 9412 127 955 8457 1135 1043 359 3018 13519 4573 1664 3041 1466 684 12592 1170 7287
cat_boundaries=0 1
cat_threshold=9
is_linear=0
shrinkage=0.05


Tree=89
num_leaves=31
num_cat=2
split_feature=68 0 13 4 3 4 3 61 51 72 72 4 3 57 67 59 66 4 13 66 27 73 72 4 60 4 3 10 9 58
split_gain=698796 556444 513492 448427 559436 892633 349572 306933 291046 281382 280131 316180 430140 364468 274135 270579 242763 240489 255785 237138 260611 259306 325435 227378 242283 226426 225187 226182 207936 171328
threshold=32.962500000000013 2023.5000000000002 0 3.5000000000000004 6.5000000000000009 1.5000000000000002 11.500000000000002 960.04936187099167 0.20833333350000002 -3.4499999999999997 25.558333333333337 1.5000000000000002 8.5000000000000018 1451.2130000000002 1.7875000000000005 822.33981500800212 21.108333333333341 6.5000000000000009 1 -3.4499999999999997 1.0000000180025095e-35 2.133333333333336 9.5750000000000028 1.5000000000000002 2174.6465000000003 2.5000000000000004 18.500000000000004 1.0000000180025095e-35 1.0000000180025095e-35 1171.2598696079451
decision_type=2 2 9 2 2 2 2 2 2 2 2 2 2 2 2 2 2 2 9 2 2 2 2 2 2 2 2 2 2 2
left_child=1 2 3 4 5 7 16 -1 14 -3 19 12 13 -12 -4 -5 -6 18 23 -11 26 22 -22 -2 -25 29 27 -21 -19 -7
right_child=17 9 8 15 6 25 -8 -9 -10 10 11 -13 -14 -15 -16 -17 -18 28 -20 20 21 -23 -24 24 -26 -27 -28 -29 -30 -31
leaf_value=-0.88423253792977463 2.3197926189383464 1.8045898053366756 -6.4010172075695468 -0.65706068181982269 0.42648615911338394 0.3767518039290555 0.10672563315018715 -2.5743060739916586 -0.25925166365126689 1.7732372488870443 -0.90475025012911792 1.0002690228442757 2.2442168005775005 -6.0166998115008363 -1.3013094917071208 -0.15382682990815541 1.2802797308780125 -0.7045851463331303 -0.70143425498055678 -0.1407758636683952 1.5448911761555604 -0.72671179249334861 -0.11851263120314126 0.76177364717099894 3.1809359666569668 -0.24068775547329918 0.43412905082716136 -4.4214314941437021 4.013242882043123 2.212683624335948
leaf_weight=1761 335 287 27 3000 3322 1936 9961 317 1026 212 168 1796 85 44 1098 24366 1111 355 209 6767 852 272 449 1751 110 2086 2081 31 25 136
leaf_count=1761 335 287 27 3000 3322 1936 9961 317 1026 212 168 1796 85 44 1098 24366 1111 355 209 6767 852 272 449 1751 110 2086 2081 31 25 136
internal_value=-0.000435322 -0.0345968 -0.110269 -0.0762822 0.0997249 -0.295854 0.271104 -1.14205 -0.864256 0.256321 0.221489 0.750363 -0.760857 -1.96572 -1.4237 -0.208994 0.640464 0.774682 0.95937 0.117688 0.0841081 0.677285 0.970819 1.11555 0.904766 0.127042 -0.0209789 -0.160296 -0.394202 0.497257
internal_weight=65976 63191 50147 47996 20630 6236 14394 2078 2151 13044 12757 2093 297 212 1125 27366 4433 2785 2405 10664 10452 1573 1301 2196 1861 4158 8879 6798 380 2072
internal_count=65976 63191 50147 47996 20630 6236 14394 2078 2151 13044 12757 2093 297 212 1125 27366 4433 2785 2405 10664 10452 1573 1301 2196 1861 4158 8879 6798 380 2072
cat_boundaries=0 1 2
cat_threshold=1 1
is_linear=0
shrinkage=0.05


Tree=90
num_leaves=31
num_cat=1
split_feature=71 4 13 3 4 4 48 74 69 72 71 73 61 68 73 4 1 1 40 72 72 57 61 4 75 41 73 62 50 0
split_gain=667194 633752 633512 715296 907236 562514 420515 410050 448957 402537 366502 344208 341107 327459 413908 325335 322590 269541 277978 256385 246777 236006 309249 233028 289877 227837 290176 223391 219194 217824
threshold=27.958333333333339 5.5000000000000009 0 6.5000000000000009 1.5000000000000002 1.5000000000000002 0.45833333350000005 -0.29999999999999843 264.06250000000017 23.208333333333339 0.56666666666666676 0.56666666666666787 1068.8021243709902 10.062500000000002 -0.60000000000000075 2.5000000000000004 3.5000000000000004 3.5000000000000004 40.500000000000007 4.5250000000000012 26.850000000000005 1132.1244176462603 1018.6562404373551 6.5000000000000009 1611.0641042860404 68.500000000000014 -0.33333333333333254 1154.3737682779204 0.29166666650000006 2023.5000000000002
decision_type=2 2 9 2 2 2 2 2 2 2 2 2 2 2 2 2 2 2 2 2 2 2 2 2 2 2 2 2 2 2
left_child=1 2 3 4 12 7 16 -5 21 13 -4 -2 -1 14 29 -6 25 18 -15 -8 23 22 27 -18 -25 -3 -27 -9 -12 -7
right_child=11 6 10 5 15 9 19 8 -10 -11 28 -13 -14 17 -16 -17 20 -19 -20 -21 -22 -23 -24 24 -26 26 -28 -29 -30 -31
leaf_value=-0.89747402148049538 0.24152986098868237 -1.4820395666213604 -7.5907262462377547 0.19284158150700231 0.48637080008706512 0.50373680077103411 0.62942112666825134 1.6126722873670598 3.3623886198717723 0.74362247018551419 -1.2441907471818168 1.0716352861441634 -2.9985667910515135 -1.5043294285782578 -0.014745855318699678 -0.1741451681755995 -0.14300656813896925 -0.026747882745660284 -0.12788726550613447 -0.16012885206893596 0.78347287311329761 1.6972212037304417 0.38708481245764631 -0.57310721022155675 -2.0504928532548248 0.57763932028313736 -1.2129648050914208 6.7884410262107853 -0.12500368780795376 1.4820287903753682
leaf_weight=2286 3681 1313 20 2518 2486 2915 1209 398 196 2329 1066 1890 211 665 4755 7454 3214 10930 818 6875 436 704 1936 2897 375 391 537 22 742 707
leaf_count=2286 3681 1313 20 2518 2486 2915 1209 398 196 2329 1066 1890 211 665 4755 7454 3214 10930 818 6875 436 704 1936 2897 375 391 537 22 742 707
internal_value=-0.000418872 -0.0487062 0.0536748 0.0940341 -0.222987 0.230528 -0.304899 0.671983 1.04252 0.120274 -0.854665 0.523149 -1.07502 0.0504437 0.291998 -0.00894973 -0.536798 -0.112571 -0.745105 -0.042048 -0.367994 0.893931 0.653899 -0.445398 -0.742429 -1.0582 -0.458518 1.88378 -0.784878 0.694696
internal_weight=65976 60405 43158 41330 12437 28893 17247 5774 3256 23119 1828 5571 2497 20790 8377 9940 9163 12413 1483 8084 6922 3060 2356 6486 3272 2241 928 420 1808 3622
internal_count=65976 60405 43158 41330 12437 28893 17247 5774 3256 23119 1828 5571 2497 20790 8377 9940 9163 12413 1483 8084 6922 3060 2356 6486 3272 2241 928 420 1808 3622
cat_boundaries=0 1
cat_threshold=1
is_linear=0
shrinkage=0.05


Tree=91
num_leaves=31
num_cat=1
split_feature=0 68 73 72 1 73 33 1 66 1 72 68 4 72 2 13 75 73 1 1 35 66 62 21 64 32 61 73 73 1
split_gain=635063 573760 326535 286928 403597 378227 295300 274493 264815 309820 440673 260282 257151 231028 399412 227236 222298 220532 211331 191709 208721 187296 187236 185487 171397 181923 170158 212031 166192 307216
threshold=2020.5000000000002 30.537500000000009 -8.4249999999999972 0.31666666666666671 3.5000000000000004 0.79999999999999771 23.500000000000004 1.5000000000000002 3.7250000000000005 7.5000000000000009 23.541666666666671 5.8625000000000016 3.5000000000000004 8.7750000000000021 30.500000000000004 0 636.57875193327425 -0.91666666666666619 7.5000000000000009 4.5000000000000009 64.500000000000014 3.5750000000000006 1260.6324579930304 1.0000000180025095e-35 1.0000000180025095e-35 95.500000000000014 1193.2795000000003 -1.9916666666666669 -2.9999999999999982 10.500000000000002
decision_type=2 2 2 2 2 2 2 2 2 2 2 2 2 2 2 9 2 2 2 2 2 2 2 2 2 2 2 2 2 2
left_child=16 2 -2 6 5 7 11 22 -6 10 -10 -4 15 14 -11 -3 -1 -12 -14 20 21 -18 -5 -9 25 -8 -15 -28 29 -21
right_child=1 12 3 4 8 -7 24 23 9 13 17 -13 18 26 -16 -17 19 -19 -20 28 -22 -23 -24 -25 -26 -27 27 -29 -30 -31
leaf_value=-1.7838675977072656 2.2884937058524653 1.5043059596747259 0.47749316184895685 0.057655352223739922 0.96969030323108218 -0.71328942783963356 1.2257242142470097 -0.48309572990573901 0.068544775668880051 0.48628464283376327 -0.039827451977134727 -1.0922452199556258 0.80321814266135849 -0.37777571364085016 -3.6491564929485323 -0.77550161184044564 -0.11532747386782016 0.9107134635957812 -0.32001825092589714 -1.4871896479240649 -0.077295908675614255 -0.79963935620371718 1.0367960801114964 0.52065168447899735 0.30257638745921123 3.1487681816526725 -0.9350461998852353 0.14136446458393057 -0.053220893939686653 0.53464682798278373
leaf_weight=218 165 1201 1468 1297 883 3150 403 2673 8577 2172 766 322 1128 5453 60 118 1429 3000 666 537 3313 3330 783 556 278 177 511 4369 16684 289
leaf_count=218 165 1201 1468 1297 883 3150 403 2673 8577 2172 766 322 1128 5453 60 118 1429 3000 666 537 3313 3330 783 556 278 177 511 4369 16684 289
internal_value=-0.000397928 0.123914 0.0691528 0.0592284 0.0204595 -0.279242 0.560677 -0.021707 0.118756 0.0885902 0.266511 0.195116 0.775891 -0.0861868 0.375117 1.30588 -0.193977 0.717375 0.386231 -0.180429 -0.382022 -0.594159 0.426245 -0.310261 1.32333 1.81258 -0.185832 0.0286502 -0.0874954 -0.779792
internal_weight=65976 40176 37063 36898 34250 8459 2648 5309 25791 24908 12343 1790 3113 12565 2232 1319 25800 3766 1794 25582 8072 4759 2080 3229 858 580 10333 4880 17510 826
internal_count=65976 40176 37063 36898 34250 8459 2648 5309 25791 24908 12343 1790 3113 12565 2232 1319 25800 3766 1794 25582 8072 4759 2080 3229 858 580 10333 4880 17510 826
cat_boundaries=0 1
cat_threshold=1
is_linear=0
shrinkage=0.05


Tree=92
num_leaves=31
num_cat=1
split_feature=0 13 1 1 66 2 73 73 69 7 28 4 3 4 75 72 60 72 1 71 65 4 72 3 40 75 2 73 27 72
split_gain=585346 447506 440758 449695 665986 493980 429922 371913 317961 332064 299370 297096 288747 268670 268186 254686 244212 346017 220000 205204 201448 199527 190429 186789 181201 173226 243741 169417 196634 236940
threshold=2023.5000000000002 0 4.5000000000000009 8.5000000000000018 10.725000000000003 30.500000000000004 -1.9499999999999982 -1.2666666666666664 246.48999999999995 1.0000000180025095e-35 4.5000000000000009 6.5000000000000009 18.500000000000004 6.5000000000000009 1505.7172646649269 6.7916666666666687 1077.0421816130354 10.09166666666667 11.500000000000002 29.441666666666674 1.0000000180025095e-35 2.5000000000000004 7.5083333333333337 5.5000000000000009 61.500000000000007 2152.7256666666667 21.500000000000004 3.3333333333333357 1.0000000180025095e-35 7.9666666666666677
decision_type=2 9 2 2 2 2 2 2 2 2 2 2 2 2 2 2 2 2 2 2 2 2 2 2 2 2 2 2 2 2
left_child=1 2 6 7 5 15 22 -4 9 19 -9 14 -7 23 16 18 17 -3 21 27 -8 -5 24 -6 -1 -10 -27 28 -2 -30
right_child=8 11 3 4 13 12 20 10 25 -11 -12 -13 -14 -15 -16 -17 -18 -19 -20 -21 -22 -23 -24 -25 -26 26 -28 -29 29 -31
leaf_value=0.19279039804913381 0.16213309946330898 -4.7560275822693923 -0.31824336216595955 3.3094299197835584 -0.68194725178274018 -1.3421309624726956 -0.33185171589293727 0.52778218753247952 0.81203234827689208 -0.58079519445193095 0.05309393834281402 0.51714298342768517 -6.5184792627607067 -0.94937469922293438 -3.8638084177737655 0.096082657665575139 -0.22189470089487506 -1.2589145590888344 0.52073218697447066 0.92311266406968739 -1.0955764581591489 1.0473681025299884 -0.31685878732389994 -0.14106219422175101 1.1625167427696439 -0.015759642685160918 5.5671587322069254 -0.82182958583467292 1.5502600165816089 0.19801919664575585
leaf_weight=1350 8120 81 2532 140 2027 117 12592 8423 1650 1231 5484 288 35 1637 92 3815 494 558 1966 1131 927 321 942 7510 749 34 46 381 603 700
leaf_count=1350 8120 81 2532 140 2027 117 12592 8423 1650 1231 5484 288 35 1637 92 3815 494 558 1966 1131 927 321 942 7510 749 34 46 381 603 700
internal_value=-0.000372509 -0.077302 -0.0518423 0.0511582 -0.124724 0.282243 -0.263392 0.239119 0.287947 0.197756 0.340597 -0.921774 -2.53405 -0.357599 -1.26759 0.350823 -1.05678 -1.70221 0.75125 0.285401 -0.38422 1.73433 0.273762 -0.256022 0.538824 0.9222 3.19442 0.211834 0.253628 0.823807
internal_weight=65976 52080 50567 34007 17568 6394 16560 16439 13896 12166 13907 1513 152 11174 1225 6242 1133 639 2427 10935 13519 461 3041 9537 2099 1730 80 9804 9423 1303
internal_count=65976 52080 50567 34007 17568 6394 16560 16439 13896 12166 13907 1513 152 11174 1225 6242 1133 639 2427 10935 13519 461 3041 9537 2099 1730 80 9804 9423 1303
cat_boundaries=0 1
cat_threshold=9
is_linear=0
shrinkage=0.05


Tree=93
num_leaves=31
num_cat=1
split_feature=66 0 71 4 3 4 61 69 61 13 3 75 59 69 1 73 56 61 3 4 68 8 4 60 4 71 73 72 4 71
split_gain=548210 474236 349700 343356 425050 535703 309407 289938 276265 268133 257067 204979 212959 227815 295126 244743 211331 200815 194291 188947 255850 238552 173718 213539 172598 202639 170195 163901 154973 152777
threshold=31.850000000000005 2020.5000000000002 28.991666666666674 3.5000000000000004 8.5000000000000018 1.5000000000000002 973.17294921471012 70.700138888888873 1084.3310000000004 0 21.500000000000004 1711.0388333333337 1006.2064419446601 78.322500000000019 3.5000000000000004 -2.5166666666666644 1436.1335000000004 661.0208442166371 11.500000000000002 1.5000000000000002 1.3625000000000005 1.0000000180025095e-35 6.5000000000000009 2174.6465000000003 2.5000000000000004 24.041666666666671 0.56666666666666787 24.291666666666671 1.5000000000000002 9.7750000000000021
decision_type=2 2 2 2 2 2 2 2 2 9 2 2 2 2 2 2 2 2 2 2 2 2 2 2 2 2 2 2 2 2
left_child=1 17 3 4 5 8 29 18 -3 10 19 12 -5 14 16 -15 -14 -1 -8 20 -9 -21 23 28 25 -7 -4 -22 -2 -6
right_child=22 2 26 11 6 24 7 9 -10 -11 -12 -13 13 15 -16 -17 -18 -19 -20 21 27 -23 -24 -25 -26 -27 -28 -29 -30 -31
leaf_value=-1.3038452809283045 2.1470249330267377 -0.48609532153532631 0.35478762335763608 -0.32888146870606688 6.7752933328801932 0.36114957709675877 0.75576015936625263 3.3732080369408615 -2.0020255549447508 -1.589938203895092 -0.18750621381166568 -0.95774852889831319 -0.80177937104208441 1.1233087899668091 -0.01608519198483772 0.15669383338439524 -5.4552944154739382 -0.17457706831424147 -0.0090670629973536553 0.63173588282217485 1.0117118478590441 5.3588640424940328 -0.44440850338174243 3.748593364131283 -0.091395001194827061 1.8224498637812041 1.2065663359725223 3.6871304887240051 0.71494149632731097 2.1322090754797172
leaf_weight=400 224 1724 1727 5375 22 1811 1047 153 364 115 587 656 1012 751 7791 5115 25 24908 4013 2315 930 27 216 71 2078 273 888 61 1206 91
leaf_count=400 224 1724 1727 5375 22 1811 1047 153 364 115 587 656 1012 751 7791 5115 25 24908 4013 2315 930 27 216 71 2078 273 888 61 1206 91
internal_value=-0.000353883 -0.0239135 0.0855753 0.0453846 0.222479 -0.0968182 0.435663 0.403888 -0.750367 0.711618 0.778594 -0.0880111 -0.0595818 0.0389268 -0.121557 0.280446 -0.913966 -0.192425 0.149189 0.943507 1.4702 0.686233 0.881369 1.07215 0.231055 0.552577 0.644034 1.17639 0.939268 3.03617
internal_weight=65976 64259 38951 36336 15611 6250 9361 9248 2088 4188 4073 20725 20069 14694 8828 5866 1037 25308 5060 3486 1144 2342 1717 1501 4162 2084 2615 991 1430 113
internal_count=65976 64259 38951 36336 15611 6250 9361 9248 2088 4188 4073 20725 20069 14694 8828 5866 1037 25308 5060 3486 1144 2342 1717 1501 4162 2084 2615 991 1430 113
cat_boundaries=0 1
cat_threshold=17
is_linear=0
shrinkage=0.05


Tree=94
num_leaves=31
num_cat=1
split_feature=0 13 1 1 66 2 73 73 72 69 3 71 28 3 4 73 75 66 72 27 3 33 62 25 42 3 73 72 57 7
split_gain=503146 399647 396818 397199 597545 444308 376647 331018 326334 287233 274166 266635 266191 261292 240880 234699 230801 236059 224855 220195 237604 220104 213742 212251 167350 165364 164812 160662 184127 160620
threshold=2023.5000000000002 0 4.5000000000000009 8.5000000000000018 10.725000000000003 30.500000000000004 0.10000000000000232 -1.2666666666666664 7.3916666666666675 303.92111111111126 17.500000000000004 23.083333333333339 5.5000000000000009 18.500000000000004 6.5000000000000009 0.13333333333333511 1451.9410561069235 29.191666666666674 6.7916666666666687 0.15000000000000005 11.500000000000002 99.500000000000014 1901.7920000000001 1.0500000000000003 0.12500000000000003 5.5000000000000009 -4.3083333333333336 7.6916666666666682 1171.2598696079451 1.0000000180025095e-35
decision_type=2 9 2 2 2 2 2 2 2 2 2 2 2 2 2 2 2 2 2 2 2 2 2 2 2 2 2 2 2 2
left_child=1 2 6 7 5 18 8 -4 21 11 16 19 -9 -7 25 -13 17 27 23 29 -21 26 -11 -5 -25 -6 -1 28 -3 -2
right_child=9 10 3 4 14 13 -8 12 -10 22 -12 15 -14 -15 -16 -17 -18 -19 -20 20 -22 -23 -24 24 -26 -27 -28 -29 -30 -31
leaf_value=0.82782310790442204 0.084206984217819553 -2.1054436439292483 -0.29905773905233896 0.61069043738559281 -0.64033795839619423 -1.2667986122206747 -0.4788911336389774 0.49447606670016014 -0.41071543733213983 0.94175381165472527 0.29083918560513111 0.16326103012179902 0.044249049140103948 -6.1909146513257713 -0.89609879093584888 1.0318049659499715 -3.6645885667075286 1.1961317042225883 0.095994040450553611 -0.22209796495118195 1.3958967711911292 1.1481571992363164 4.6309405030273814 4.5417342380871855 0.54947738269964852 -0.13141717419893881 -0.0092913335789994791 -1.0652819129288564 -7.310433950878326 -0.5311561540373928
leaf_weight=700 7614 89 2532 2319 2027 117 8559 8595 3030 926 378 1519 5312 35 1637 1594 92 105 3815 362 608 597 41 63 45 7510 3674 828 21 1232
leaf_count=700 7614 89 2532 2319 2027 117 8559 8595 3030 926 378 1519 5312 35 1637 1594 92 105 3815 362 608 597 41 63 45 7510 3674 828 21 1232
internal_value=-0.000348239 -0.0716719 -0.0476126 0.0501192 -0.115178 0.270311 -0.24834 0.226769 -0.00170955 0.266961 -0.86971 0.204793 0.322505 -2.40064 -0.335764 0.607996 -1.26388 -1.05212 0.335352 0.0769227 0.792068 0.247594 1.09817 0.711597 2.87829 -0.239584 0.124678 -1.30379 -3.09912 -0.00149586
internal_weight=65976 52080 50567 34007 17568 6394 16560 16439 8001 13896 1513 12929 13907 152 11174 3113 1135 1043 6242 9816 970 4971 967 2427 108 9537 4374 938 110 8846
internal_count=65976 52080 50567 34007 17568 6394 16560 16439 8001 13896 1513 12929 13907 152 11174 3113 1135 1043 6242 9816 970 4971 967 2427 108 9537 4374 938 110 8846
cat_boundaries=0 1
cat_threshold=9
is_linear=0
shrinkage=0.05


Tree=95
num_leaves=31
num_cat=2
split_feature=4 3 4 57 13 71 67 59 72 51 4 13 41 72 3 3 74 57 4 58 56 9 32 71 61 71 4 4 57 0
split_gain=487517 703632 1.11568e+06 530787 489749 417248 389233 386715 310552 291474 454263 404617 364547 318135 316980 260657 285006 253519 244175 284258 241382 238161 231963 243831 207269 205255 200543 198691 197330 179921
threshold=3.5000000000000004 6.5000000000000009 1.5000000000000002 1451.2130000000002 0 2.1583333333333341 30.912500000000005 946.80500000000018 6.991666666666668 1.0000000180025095e-35 6.5000000000000009 1 99.500000000000014 21.108333333333341 8.5000000000000018 11.500000000000002 1.0833333333333377 963.41675124551409 2.5000000000000004 1181.2186623893301 725.1290073164281 1.0000000180025095e-35 94.500000000000014 8.2750000000000039 999.6592288047766 23.658333333333335 2.5000000000000004 1.5000000000000002 1112.1724736462604 2024.5000000000002
decision_type=2 2 2 2 9 2 2 2 2 2 2 9 2 2 2 2 2 2 2 2 2 2 2 2 2 2 2 2 2 2
left_child=1 2 3 17 6 -6 15 20 26 10 11 12 13 -9 -12 16 -3 -1 19 -4 -2 24 25 -24 -16 -17 -7 28 -18 -15
right_child=7 4 18 -5 5 8 -8 9 -10 -11 14 -13 -14 29 21 22 27 -19 -20 -21 -22 -23 23 -25 -26 -27 -28 -29 -30 -31
leaf_value=-0.64249176751911596 -1.4551596903411992 0.1886960288684647 0.33730923687306619 -5.7866738839396117 -7.2939109683036811 0.59384299663324203 1.4435328652008708 -0.27337151177469998 -0.91392630046477275 0.13111571861668342 1.1774044597341169 -2.9171706205109755 0.82155151415533079 0.23284315562422098 -0.40051520833314636 -0.021645715619972469 1.0370659310394232 -1.7120111034256524 -0.15406187979873645 1.9898716440878783 -0.34491443288413864 2.5969147368973378 1.3348080536412184 0.23350065244131188 -1.1956100745061653 0.49013148681708918 5.6794810499463768 0.63188764870632874 2.5219370537762864 1.6550694576418792
leaf_weight=1913 521 2348 2460 58 24 63 812 7174 854 14205 217 110 1209 2509 1463 7977 791 780 2751 291 8113 51 847 1236 1864 2597 28 2154 312 244
leaf_count=1913 521 2348 2460 58 24 63 812 7174 854 14205 217 110 1209 2509 1463 7977 791 780 2751 291 8113 51 847 1236 1864 2597 28 2154 312 244
internal_value=-0.000330827 0.156512 -0.232046 -1.05419 0.316507 -0.775393 0.372189 -0.118113 -0.618048 -0.030781 -0.18574 -0.0293377 0.00180594 -0.0980283 -0.675002 0.324756 0.608619 -0.952267 0.179027 0.512117 -0.41191 -0.793999 0.199051 0.68132 -0.845979 0.104048 2.15865 0.911345 1.45708 0.358896
internal_weight=65976 28296 8253 2751 20043 969 19074 37680 945 29046 14841 11246 11136 9927 3595 18262 5605 2693 5502 2751 8634 3378 12657 2083 3327 10574 91 3257 1103 2753
internal_count=65976 28296 8253 2751 20043 969 19074 37680 945 29046 14841 11246 11136 9927 3595 18262 5605 2693 5502 2751 8634 3378 12657 2083 3327 10574 91 3257 1103 2753
cat_boundaries=0 1 2
cat_threshold=1 11
is_linear=0
shrinkage=0.05


Tree=96
num_leaves=31
num_cat=2
split_feature=69 64 1 39 1 3 73 3 58 39 25 72 2 4 0 3 4 61 0 66 37 56 71 43 13 1 4 13 2 4
split_gain=470574 489951 463798 491742 450232 445760 443477 415271 376517 343299 341616 312022 319970 236337 218805 217568 474251 283374 211401 210730 206185 202627 201963 199159 198114 195532 189126 184178 181231 181213
threshold=145.00180555555556 1.0000000180025095e-35 4.5000000000000009 68.500000000000014 7.5000000000000009 9.5000000000000018 -1.2166666666666659 10.500000000000002 1109.2592256462601 2.5000000000000004 0.15000000000000005 8.4750000000000032 30.500000000000004 6.5000000000000009 2020.5000000000002 6.5000000000000009 1.5000000000000002 1039.9866716050353 2020.5000000000002 -3.4499999999999997 97.500000000000014 1499.594014846117 6.2583333333333337 1.0000000180025095e-35 0 3.5000000000000004 1.5000000000000002 1 1.5000000000000002 6.5000000000000009
decision_type=2 2 2 2 2 2 2 2 2 2 2 2 2 2 2 2 2 2 2 2 2 2 2 2 9 2 2 9 2 2
left_child=2 5 3 21 6 19 24 -5 22 14 -9 12 20 15 -8 16 17 -13 -10 -2 -6 28 -7 -15 -4 -21 -20 -16 -1 -30
right_child=1 -3 4 7 11 8 9 10 18 -11 -12 13 -14 23 27 -17 -18 -19 26 25 -22 -23 -24 -25 -26 -27 -28 -29 29 -31
leaf_value=-2.0337395121929824 0.88596469745073103 -0.46111521260149452 -0.17729932474140253 -0.62006998063654883 0.18097034766266132 2.7763689175713808 0.19215643259199827 0.096802865691319462 0.11807592061475505 0.056665299324252599 1.3752084856108411 -1.0208623250039588 -3.1274655688215387 -1.1595708694024907 0.88028076766280661 -0.013092261136023388 -0.19513965261828214 -3.2694018138476779 1.5741112633647951 -0.26257972683531128 1.1839398403671055 -4.4782448295284727 0.80796400962569637 -0.28246987294097931 -1.3848795494458073 0.30404627409238899 0.58018350277056219 -0.26469783924991569 -0.45226884719293231 -1.1909007345112042
leaf_weight=216 674 2251 2579 1696 2449 288 2390 2790 2408 5784 643 703 66 1131 4125 10313 4352 175 540 3936 648 34 238 1513 383 2483 4210 385 5598 975
leaf_count=216 674 2251 2579 1696 2449 288 2390 2790 2408 5784 643 703 66 1131 4125 10313 4352 175 540 3936 648 34 238 1513 383 2483 4210 385 5598 975
internal_value=-0.000336393 0.226064 -0.0790963 -0.349881 0.00838391 0.330743 0.212139 0.0200235 0.594587 0.340777 0.336248 -0.140935 0.317413 -0.220648 0.578936 -0.146309 -0.408998 -1.46903 0.499709 0.0449138 0.390826 -0.627946 1.88572 -0.657659 -0.338719 -0.0433972 0.693177 0.783904 -0.608664 -0.561833
internal_weight=65976 17028 48948 11952 36996 14777 15646 5129 7684 12684 3433 21350 3163 18187 6900 15543 5230 878 7158 7093 3097 6823 526 2644 2962 6419 4750 4510 6789 6573
internal_count=65976 17028 48948 11952 36996 14777 15646 5129 7684 12684 3433 21350 3163 18187 6900 15543 5230 878 7158 7093 3097 6823 526 2644 2962 6419 4750 4510 6789 6573
cat_boundaries=0 1 2
cat_threshold=1 9
is_linear=0
shrinkage=0.05


Tree=97
num_leaves=31
num_cat=1
split_feature=0 71 69 1 73 4 57 13 75 3 61 72 40 72 4 61 38 73 73 72 4 60 62 75 3 7 71 2 4 72
split_gain=441658 390316 348834 304515 237902 236222 291462 290056 283015 274455 318650 242691 295372 259589 235213 242792 217951 206313 200808 228697 195048 191335 187817 176485 174752 171637 167552 214055 165116 161137
threshold=2020.5000000000002 27.958333333333339 194.13777777777787 3.5000000000000004 -5.6416666666666657 6.5000000000000009 1620.4102215088403 0 1423.7755 8.5000000000000018 969.75564350800221 22.541666666666671 99.500000000000014 0.31666666666666671 1.5000000000000002 1108.7574114458153 1.0000000180025095e-35 0.75833333333333297 -1.5499999999999998 9.7750000000000021 2.5000000000000004 1309.8834824714502 1322.7616544286952 636.57875193327425 12.500000000000002 1.0000000180025095e-35 23.658333333333335 30.500000000000004 1.5000000000000002 -2.8083333333333331
decision_type=2 2 2 2 2 2 2 9 2 2 2 2 2 2 2 2 2 2 2 2 2 2 2 2 2 2 2 2 2 2
left_child=23 2 5 4 -4 7 -7 9 22 14 28 12 21 -14 15 -2 20 -3 19 -15 -16 25 -9 -1 -13 -12 27 -23 -11 -6
right_child=1 17 3 -5 29 6 -8 8 -10 10 11 24 13 18 16 -17 -18 -19 -20 -21 -22 26 -24 -25 -26 -27 -28 -29 -30 -31
leaf_value=-1.5783805201906678 -0.45298656152698663 0.35417380967249035 1.4526900267548448 0.86487514168479118 0.62677050567247661 -0.27114199624159341 -2.2303261095330345 -0.90806024511698169 -4.423472503671106 4.9685191838725196 0.2047379729151266 1.1782247557020835 3.2445536453194088 2.3696425218162509 1.0049128405457251 -2.2273554527139976 -0.28774348117149312 1.1847602802978161 0.27449220841868366 0.10885582907027321 0.067510982522987831 -0.49993387247494214 1.679860061674546 -0.14968840472674994 -0.12825751218479128 -0.40031392782565223 0.37463667824756502 -3.7188552165931128 1.3878870186906669 -0.10725748633707435
leaf_weight=218 1312 2498 326 2174 956 4121 199 693 53 37 7595 938 90 272 694 226 3959 1067 1849 190 2769 2023 78 25582 352 1386 587 53 248 3431
leaf_count=218 1312 2498 326 2174 956 4121 199 693 53 37 7595 938 90 272 694 226 3959 1067 1849 190 2769 2023 78 25582 352 1386 587 53 248 3431
internal_value=-0.000326748 0.103342 0.0547101 0.375346 0.149537 -0.0195806 -0.361391 0.038545 -0.878538 0.0696176 0.196186 0.165399 0.105117 0.610067 -0.150952 -0.71372 -0.0343343 0.602767 0.507469 1.43988 0.25537 0.000995876 -0.646247 -0.16176 0.821727 0.111363 -0.371218 -0.582113 1.85274 0.0526994
internal_weight=65976 40176 36611 6887 4713 29724 4320 25404 824 24580 15620 15335 14045 2401 8960 1538 7422 3565 2311 462 3463 11644 771 25800 1290 8981 2663 2076 285 4387
internal_count=65976 40176 36611 6887 4713 29724 4320 25404 824 24580 15620 15335 14045 2401 8960 1538 7422 3565 2311 462 3463 11644 771 25800 1290 8981 2663 2076 285 4387
cat_boundaries=0 1
cat_threshold=9
is_linear=0
shrinkage=0.05


Tree=98
num_leaves=31
num_cat=2
split_feature=4 3 4 57 13 71 74 67 72 72 4 13 45 3 74 0 0 61 57 4 58 61 73 72 1 27 4 4 57 3
split_gain=419659 573048 942427 486558 425735 371165 343595 322948 280097 279406 251281 343236 303235 238706 245891 230744 216539 265984 216393 215121 244762 202480 192747 353751 219169 208108 180087 177282 170000 166075
threshold=3.5000000000000004 6.5000000000000009 1.5000000000000002 1451.2130000000002 0 2.1583333333333341 -2.1333333333333355 30.912500000000005 23.925000000000008 6.991666666666668 6.5000000000000009 1 0.79166666650000017 11.500000000000002 1.0833333333333377 2024.5000000000002 2024.5000000000002 1081.6585000000002 963.41675124551409 2.5000000000000004 1183.6318198180202 1193.2795000000003 -0.066666666666666194 9.4750000000000032 4.5000000000000009 1.0000000180025095e-35 2.5000000000000004 1.5000000000000002 1077.0421816130354 9.5000000000000018
decision_type=2 2 2 2 9 2 2 2 2 2 2 9 2 2 2 2 2 2 2 2 2 2 2 2 2 2 2 2 2 2
left_child=1 2 3 18 7 -6 -2 13 10 26 11 22 21 14 -3 -10 -15 -18 -1 20 -4 -12 23 25 -24 -8 -7 28 -16 -27
right_child=6 4 19 -5 5 9 8 -9 15 -11 12 -13 -14 16 27 -17 17 -19 -20 -21 -22 -23 24 -25 -26 29 -28 -29 -30 -31
leaf_value=-0.57728257748700962 0.16395592940902856 0.17991411699608523 0.32436240959923879 -5.4920883987484315 -6.8763997673988344 0.57095096266222389 0.15051651195404822 1.3173831079786029 0.061632638454218625 -0.86062796232977612 -0.64044138845462251 -2.8235479649926023 -0.048618892467769903 0.12082945002419354 0.93901160265055106 1.4101363179976483 4.26279821193644 0.70427700255645065 -1.565392297706925 -0.14028106457775547 1.8696017904194087 -1.6132259002923264 -0.56914212544634324 -0.27254555193661573 -0.091576911488384483 -0.34827387153180606 5.390233620575497 0.58717184530751831 2.2676833661635158 1.2688781864847349
leaf_weight=1913 8799 2348 2465 58 24 63 2698 812 4379 854 3338 111 2058 11758 748 342 56 843 780 2751 286 637 4284 4496 5470 194 28 2154 355 874
leaf_count=1913 8799 2348 2465 58 24 63 2698 812 4379 854 3338 111 2058 11758 748 342 56 843 780 2751 286 637 4284 4496 5470 194 28 2154 355 874
internal_value=-0.00031041 0.145208 -0.205446 -0.961065 0.289595 -0.72841 -0.109588 0.341515 -0.192927 -0.579979 -0.261759 -0.168733 -0.541269 0.298311 0.569958 0.159321 0.178015 0.925942 -0.863478 0.172364 0.485009 -0.796332 -0.150725 0.0268898 -0.301326 0.384367 2.05381 0.851144 1.36664 0.975126
internal_weight=65976 28296 8253 2751 20043 969 37680 19074 28881 945 24160 18127 6033 18262 5605 4721 12657 899 2693 5502 2751 3975 18016 8262 9754 3766 91 3257 1103 1068
internal_count=65976 28296 8253 2751 20043 969 37680 19074 28881 945 24160 18127 6033 18262 5605 4721 12657 899 2693 5502 2751 3975 18016 8262 9754 3766 91 3257 1103 1068
cat_boundaries=0 1 2
cat_threshold=1 27
is_linear=0
shrinkage=0.05


Tree=99
num_leaves=31
num_cat=1
split_feature=69 64 1 39 1 73 3 3 58 31 25 72 13 2 73 62 1 66 37 2 51 29 70 2 73 56 59 0 1 59
split_gain=404035 430102 403095 431760 403349 377215 374552 346951 343125 298814 295266 283744 256990 236215 204079 261144 187769 186002 183708 182397 177752 190115 175890 172598 178861 213732 170544 164510 163186 161004
threshold=141.61000000000004 1.0000000180025095e-35 4.5000000000000009 68.500000000000014 7.5000000000000009 -1.183333333333336 9.5000000000000018 10.500000000000002 1109.2592256462601 1.0000000180025095e-35 0.15000000000000005 8.7750000000000021 0 30.500000000000004 -1.2666666666666664 1396.0509075000002 10.500000000000002 -3.4499999999999997 97.500000000000014 29.500000000000004 0.70833333350000005 7.5000000000000009 35.008333333333333 1.5000000000000002 0.76666666666667116 1491.4963333333337 1339.5015000000001 2020.5000000000002 3.5000000000000004 1331.0115000000003
decision_type=2 2 2 2 2 2 2 2 2 2 2 2 9 2 2 2 2 2 2 2 2 2 2 2 2 2 2 2 2 2
left_child=2 6 3 23 5 26 17 -5 20 12 -9 13 -7 18 16 -16 -13 -2 -6 22 21 -8 -10 -1 -25 -26 -4 -14 -19 -15
right_child=1 -3 4 7 11 9 8 10 19 -11 -12 14 27 29 15 -17 -18 28 -20 -21 -22 -23 -24 24 25 -27 -28 -29 -30 -31
leaf_value=-1.9861449899229893 0.83246985138739393 -0.43486156218180361 -0.093253739971691882 -0.57777860589440067 0.1556968672573458 -0.64816584415262257 0.98426886527356217 0.090041846054575631 0.45943822489716446 0.10038351359216842 1.3022629438313968 -0.77180227200006879 0.297209523340006 -1.0638277557431435 -0.25717741068282207 0.22999044130810284 0.12852017975631444 -0.23910610408079191 1.0758780512866581 -0.71554273550878777 0.5231104630976916 3.3346057921165122 1.9859754839816046 -0.30408227096161311 -0.79592854533237711 -5.9821311640739445 -0.97855522242775717 0.88580033157167604 0.271398965045614 -6.3873607444763181
leaf_weight=215 674 2280 2295 1630 2577 385 143 2762 6904 6932 614 2565 1813 49 10851 3685 748 4007 687 322 195 216 194 3507 2965 20 713 3439 2569 20
leaf_count=215 674 2280 2295 1630 2577 385 143 2762 6904 6932 614 2565 1813 49 10851 3685 748 4007 687 322 195 216 194 3507 2965 20 713 3439 2569 20
internal_value=-0.000316288 0.205587 -0.0746712 -0.330104 0.00672056 0.19986 0.301503 0.0212756 0.537982 0.320228 0.310511 -0.135312 0.590577 0.288174 -0.214391 -0.133676 -0.56853 0.0414083 0.349375 0.448361 1.73832 2.3984 0.501161 -0.592367 -0.546209 -0.830677 -0.303101 0.68132 -0.0396707 -2.60688
internal_weight=65976 17504 48472 11713 36759 15577 15224 5006 7974 12569 3376 21182 5637 3333 17849 14536 3313 7250 3264 7420 554 359 7098 6707 6492 2985 3008 5252 6576 69
internal_count=65976 17504 48472 11713 36759 15577 15224 5006 7974 12569 3376 21182 5637 3333 17849 14536 3313 7250 3264 7420 554 359 7098 6707 6492 2985 3008 5252 6576 69
cat_boundaries=0 1
cat_threshold=22
is_linear=0
shrinkage=0.05


Tree=100
num_leaves=31
num_cat=1
split_feature=0 13 1 1 69 73 31 69 4 74 7 0 21 71 62 4 3 61 2 2 2 65 37 0 4 3 4 57 61 73
split_gain=393066 283957 297992 316474 389793 297880 292828 238062 201846 201360 195934 192003 169888 169462 169304 167590 187725 220862 166359 218450 216843 153520 150407 138017 133011 308203 411075 303176 275919 161863
threshold=2023.5000000000002 0 4.5000000000000009 7.5000000000000009 50.055694444444427 -1.9916666666666669 1.0000000180025095e-35 303.92111111111126 2.5000000000000004 -0.99999999999999722 1.0000000180025095e-35 2020.5000000000002 0.8500000000000002 32.441666666666677 1901.7920000000001 1.5000000000000002 7.5000000000000009 1005.7265923351251 4.5000000000000009 25.500000000000004 18.500000000000004 1.0000000180025095e-35 55.500000000000007 2024.5000000000002 2.5000000000000004 8.5000000000000018 1.5000000000000002 1451.2130000000002 1018.6562404373551 3.4333333333333353
decision_type=2 9 2 2 2 2 2 2 2 2 2 2 2 2 2 2 2 2 2 2 2 2 2 2 2 2 2 2 2 2
left_child=1 2 5 6 -5 22 11 10 -6 -3 13 -4 -10 24 -9 16 -8 -18 -12 20 23 -7 -1 -20 25 26 27 -2 -27 -26
right_child=7 9 3 4 8 21 15 14 12 -11 18 -13 -14 -15 -16 -17 17 -19 19 -21 -22 -23 -24 -25 29 28 -28 -29 -30 -31
leaf_value=-0.17085313870864025 -0.77589199399983155 -0.12502934373684221 0.20567976745407501 -0.26562540210350966 0.51965714825890119 -0.26617054034542315 -0.54819366173496487 0.85347611834023551 -0.015567160069761899 -1.0552870276911805 -1.789152883576179 0.83405052213494335 1.6740944910794497 1.1462377367261236 4.1368416466364044 -0.050116909784975572 3.0324509394168855 0.67625550471707907 0.48214977491233085 -1.5101827285252512 1.3848447297916824 -0.93528602121316862 0.55046019064394813 -1.0105142278927588 0.13665440174158391 4.6478856741113868 0.76246118862964396 -5.1823410017149794 0.77037869054657604 -1.129478144069056
leaf_weight=1261 553 1129 2214 11464 2825 12566 237 926 6991 1200 185 2696 152 499 41 6031 120 581 288 240 266 920 1693 335 7682 47 607 42 1924 261
leaf_count=1261 553 1129 2214 11464 2825 12566 237 926 6991 1200 185 2696 152 499 41 6031 120 581 288 240 266 920 1693 335 7682 47 607 42 1924 261
internal_value=-0.000305385 -0.0633458 -0.0380127 0.0479461 -0.0667911 -0.212207 0.254954 0.23596 0.161884 -0.601754 0.179362 0.550708 0.0203881 0.24483 0.992688 0.0465808 0.668312 1.0796 -0.399339 -0.171602 0.18977 -0.311817 0.242547 -0.320487 0.204366 0.478017 -0.153006 -1.08694 0.862841 0.0950504
internal_weight=65976 52080 49751 33311 21432 16440 11879 13896 9968 2329 12929 4910 7143 11615 967 6969 938 701 1314 1129 889 13486 2954 623 11116 3173 1202 595 1971 7943
internal_count=65976 52080 49751 33311 21432 16440 11879 13896 9968 2329 12929 4910 7143 11615 967 6969 938 701 1314 1129 889 13486 2954 623 11116 3173 1202 595 1971 7943
cat_boundaries=0 1
cat_threshold=1
is_linear=0
shrinkage=0.05


Tree=101
num_leaves=31
num_cat=1
split_feature=0 71 69 1 60 1 2 1 73 73 72 1 7 13 0 72 31 75 2 72 1 0 5 3 4 2 71 2 4 33
split_gain=358925 304959 290212 243325 204708 210555 333017 220801 200150 182424 179813 170932 194928 229333 245129 241973 200421 197808 174884 156997 155850 179305 155811 152106 226684 138780 189045 182421 191444 178016
threshold=2020.5000000000002 27.958333333333339 194.13777777777787 3.5000000000000004 1650.9490000000003 3.5000000000000004 25.500000000000004 1.5000000000000002 -8.4249999999999972 0.56666666666666787 4.2583333333333346 7.5000000000000009 1.0000000180025095e-35 0 2024.5000000000002 8.2750000000000039 1.0000000180025095e-35 1451.9410561069235 6.5000000000000009 -0.97499999999999998 4.5000000000000009 2024.5000000000002 1.0000000180025095e-35 8.5000000000000018 6.5000000000000009 1.5000000000000002 7.2833333333333341 9.5000000000000018 2.5000000000000004 98.500000000000014
decision_type=2 2 2 2 2 2 2 2 2 2 2 2 2 9 2 2 2 2 2 2 2 2 2 2 2 2 2 2 2 2
left_child=22 2 4 8 5 6 7 10 -4 -3 -2 12 13 16 17 -16 20 -15 -17 -10 21 -7 -1 -13 -25 26 -12 28 29 -27
right_child=1 9 3 -5 -6 11 -8 -9 19 -11 25 23 -14 14 15 18 -18 -19 -20 -21 -22 -23 -24 24 -26 27 -28 -29 -30 -31
leaf_value=-0.12591108652679994 1.0820153727298554 0.26643087525554504 2.2684442125260831 0.78022500518088256 -0.90496696114881292 0.42113366195368118 -1.0501122425988569 -0.34213339031472179 0.53215663760652054 1.0116248908303882 -5.0595350177057332 -0.28819982677337519 -0.24597930507893273 -0.6107243245632451 5.2970971316099167 -1.7071710365322923 0.18462894843140915 -3.9303946840576831 2.4780961579332752 -0.10226563851291193 0.78826639259105324 -2.1538142572556223 -0.90417032741264203 0.19465572079150079 -0.61956605152709998 1.3545591067640406 0.30224694371223454 -0.43347047999674332 0.29258754023087113 5.5259018400737219
leaf_weight=25140 573 2282 108 2174 636 218 1093 3143 1402 1283 31 4566 1942 689 32 52 5069 48 48 3203 3096 98 660 6143 993 95 35 651 438 35
leaf_count=25140 573 2282 108 2174 636 218 1093 3143 1402 1283 31 4566 1942 689 32 52 5069 48 48 3203 3096 98 660 6143 993 95 35 651 438 35
internal_value=-0.000290116 0.0931655 0.0501791 0.342635 -0.0175825 0.00181991 -0.259487 -0.0866914 0.140785 0.534617 0.345415 0.0710731 0.209851 0.304527 -0.466172 1.51275 0.383593 -0.826931 0.301757 0.0908853 0.680307 -0.377426 -0.14582 -0.0628422 0.0813538 0.0169547 -2.21617 0.137862 0.792681 2.47761
internal_weight=65976 40176 36611 6887 29724 29088 6094 5001 4713 3565 1858 22994 11292 9350 869 132 8481 737 100 4605 3412 316 25800 11702 7136 1285 66 1219 568 130
internal_count=65976 40176 36611 6887 29724 29088 6094 5001 4713 3565 1858 22994 11292 9350 869 132 8481 737 100 4605 3412 316 25800 11702 7136 1285 66 1219 568 130
cat_boundaries=0 1
cat_threshold=9
is_linear=0
shrinkage=0.05


Tree=102
num_leaves=31
num_cat=2
split_feature=4 3 4 57 13 71 58 3 72 72 74 4 75 13 70 72 57 61 4 75 4 58 73 34 62 9 2 58 3 74
split_gain=345076 474606 824969 416168 362656 333880 306437 273268 261226 236003 234832 228916 287231 255182 214111 207986 200604 191828 279784 253678 189211 206608 175249 174731 162848 162036 153885 146038 144081 143091
threshold=3.5000000000000004 6.5000000000000009 1.5000000000000002 1451.2130000000002 0 2.1583333333333341 725.2505000000001 1.0000000180025095e-35 21.333333333333339 6.991666666666668 -2.1333333333333355 6.5000000000000009 1611.0641042860404 1 3.7250000000000005 26.850000000000005 957.32370500000013 1018.6562404373551 1.5000000000000002 1034.5871073707374 2.5000000000000004 1181.2186623893301 4.3333333333333357 1.0000000180025095e-35 1202.8060000000003 1.0000000180025095e-35 30.500000000000004 1049.8118674653251 7.5000000000000009 4.5500000000000007
decision_type=2 2 2 2 9 2 2 2 2 2 2 2 2 9 2 2 2 2 2 2 2 2 2 2 2 2 2 2 2 2
left_child=1 2 3 16 8 -6 -2 -8 14 24 -9 13 15 22 26 25 27 18 19 28 21 -4 29 -10 -7 -13 -3 -1 -16 -12
right_child=6 4 20 -5 5 9 7 10 23 -11 11 12 -14 -15 17 -17 -18 -19 -20 -21 -22 -23 -24 -25 -26 -27 -28 -29 -30 -31
leaf_value=-0.5819400805251469 -1.2193521317249523 0.76584931064733097 0.31022719606848026 -5.0848758934675882 -6.5073344270388294 0.011850979515150482 0.56432068424913295 0.12598023031700062 0.99067139051980679 -0.79346350366009766 -0.11186304291458982 -0.46024499409914799 -1.6480658766288294 -2.0319916944840606 -0.059912794926127444 0.53688496163099519 -1.4580744114573339 0.064043251787173891 0.14940372479962047 4.5230774156252549 -0.12716737207751797 1.719108583458101 -0.92487157821246557 0.31345903391738172 4.2733977007865906 2.7332675065472722 -1.4299209683415404 2.5907536841727592 1.6100673536335148 0.26415876684574141
leaf_weight=1839 601 2065 2460 58 24 51 1570 8142 2076 854 16851 5685 453 159 183 605 817 11211 1197 60 2751 291 597 1760 40 40 83 37 439 2977
leaf_count=1839 601 2065 2460 58 24 51 1570 8142 2076 854 16851 5685 453 159 183 605 817 11211 1197 60 2751 291 597 1760 40 40 83 37 439 2977
internal_value=-0.00027561 0.13168 -0.187437 -0.894402 0.263081 -0.676459 -0.0993682 -0.0812148 0.311003 -0.535532 -0.109757 -0.179891 -0.431803 -0.0968791 0.218327 -0.344763 -0.80415 0.142404 0.60994 1.41824 0.166045 0.459258 -0.0807806 0.679959 1.88506 -0.437932 0.681003 -0.519366 1.11874 -0.0554067
internal_weight=65976 28296 8253 2751 20043 969 37680 37079 19074 945 35509 27367 6783 20584 15238 6330 2693 13090 1879 682 5502 2751 20425 3836 91 5725 2148 1876 622 19828
internal_count=65976 28296 8253 2751 20043 969 37680 37079 19074 945 35509 27367 6783 20584 15238 6330 2693 13090 1879 682 5502 2751 20425 3836 91 5725 2148 1876 622 19828
cat_boundaries=0 1 2
cat_threshold=1 27
is_linear=0
shrinkage=0.05


Tree=103
num_leaves=31
num_cat=0
split_feature=69 64 1 29 3 58 72 5 1 72 41 38 1 73 4 2 68 56 65 73 2 66 51 29 70 75 68 72 30 3
split_gain=339465 376586 323808 351087 304196 310107 294236 250357 265176 302565 251142 230204 215913 223534 202157 192714 192375 225317 185166 176187 161676 156441 155724 168151 146772 146627 145697 144722 161841 215288
threshold=141.61000000000004 1.0000000180025095e-35 3.5000000000000004 52.500000000000007 9.5000000000000018 1109.2592256462601 8.0750000000000028 1.0000000180025095e-35 8.5000000000000018 8.7750000000000021 1.5000000000000002 98.500000000000014 4.5000000000000009 -1.5833333333333326 6.5000000000000009 30.500000000000004 11.512500000000005 1351.080666666667 1.0000000180025095e-35 -0.24999999999999989 29.500000000000004 -3.4499999999999997 0.70833333350000005 7.5000000000000009 35.008333333333333 1217.8528333333336 12.362500000000002 25.866666666666671 94.500000000000014 19.500000000000004
decision_type=2 2 2 2 2 2 2 2 2 2 2 2 2 2 2 2 2 2 2 2 2 2 2 2 2 2 2 2 2 2
left_child=2 4 3 16 21 22 26 8 10 11 12 15 -4 -14 -11 -10 -1 -18 -12 -20 24 -2 23 -6 27 -23 -5 28 -7 -30
right_child=1 -3 7 6 5 20 -8 -9 9 14 18 -13 13 -15 -16 -17 17 -19 19 -21 -22 25 -24 -25 -26 -27 -28 -29 29 -31
leaf_value=-0.52662688265437441 0.76929336427317141 -0.41082390508714561 -0.35113181109032521 0.45450899246213966 0.92033375225492287 0.2804506119941888 -0.69786759326536429 -0.79789209232162683 0.1547359877717201 -0.17056865312868266 0.094851895038588582 1.1781150102054678 -0.32086749472680992 0.43694487102422103 -0.71360541508628295 -2.644236783896174 -1.2440780866032717 -5.7240152687862 -0.67473298414229477 -0.024336490231364086 -0.68967776316802332 0.030335235548764113 0.49502421640432798 3.1307427286739564 1.812187163892788 -0.94614670428924441 -0.54507271770936705 1.5914570141186122 1.7673929329106963 0.14207481353096765
leaf_weight=2305 674 2280 1209 1957 143 5829 1172 1000 2578 11802 8060 593 1090 9074 2005 63 872 29 1878 2337 322 6166 195 216 194 410 448 253 449 373
leaf_count=2305 674 2280 1209 1957 143 5829 1172 1000 2578 11802 8060 593 1090 9074 2005 63 872 29 1878 2337 322 6166 195 216 194 410 448 253 449 373
internal_value=-0.000277229 0.188457 -0.0684322 -0.388814 0.278208 0.491322 -0.0482581 -0.0163045 0.00290427 -0.147461 0.111259 0.287862 0.280539 0.355676 -0.249426 0.0879676 -0.76878 -1.38827 -0.0455818 -0.314122 0.406122 0.0438111 1.63245 2.25027 0.455833 -0.0305464 0.268308 0.41772 0.373072 1.02987
internal_weight=65976 17504 48472 6783 15224 7974 3577 41689 40689 17041 23648 3234 11373 10164 13807 2641 3206 901 12275 4215 7420 7250 554 359 7098 6576 2405 6904 6651 822
internal_count=65976 17504 48472 6783 15224 7974 3577 41689 40689 17041 23648 3234 11373 10164 13807 2641 3206 901 12275 4215 7420 7250 554 359 7098 6576 2405 6904 6651 822
is_linear=0
shrinkage=0.05


Tree=104
num_leaves=31
num_cat=1
split_feature=0 64 69 1 73 1 13 69 72 25 2 31 4 72 35 3 66 58 1 3 58 3 33 73 1 14 62 24 4 3
split_gain=328780 238712 275740 229119 231795 216520 219739 201952 188081 264499 210587 179429 170361 167401 169697 310758 244158 218013 185935 158311 216561 164657 246181 157987 155121 152478 147751 147117 140682 310152
threshold=2023.5000000000002 1.0000000180025095e-35 145.00180555555556 4.5000000000000009 -4.8666666666666636 8.5000000000000018 0 303.92111111111126 6.9000000000000012 1.0500000000000003 30.500000000000004 1.0000000180025095e-35 6.5000000000000009 24.833333333333339 45.500000000000007 10.500000000000002 10.84166666666667 1250.5615 4.5000000000000009 9.5000000000000018 1235.1515117414253 17.500000000000004 64.500000000000014 1.2666666666666666 10.500000000000002 1.9500000000000002 1491.0266734689051 0.45000000000000007 1.5000000000000002 9.5000000000000018
decision_type=2 2 2 2 2 2 9 2 2 2 2 2 2 2 2 2 2 2 2 2 2 2 2 2 2 2 2 2 2 2
left_child=1 2 3 27 24 6 11 13 9 10 -7 -6 -10 14 18 -16 17 -17 23 -4 21 22 -21 -2 -5 -3 -9 -1 29 -15
right_child=7 25 19 4 5 8 -8 26 12 -11 -12 -13 -14 28 15 16 -18 -19 -20 20 -22 -23 -24 -25 -26 -27 -28 -29 -30 -31
leaf_value=-0.38944661243968759 -0.14437896792780611 -0.46011764721863058 -0.0083462126716396454 -1.8425288579700625 0.36895746616620484 0.27284665361180049 -0.44779796200678085 0.63656859872215632 -0.14708166638501105 2.856024961203945 -3.3566512642837156 0.0071600188989064109 -0.65407308843312262 -1.3583420781865101 -0.21216711848683012 2.0886018724945932 0.18396079266151888 0.69573857550458484 0.13760581544869815 0.84428473530129355 0.18227538054058295 0.42900924654507017 2.9662847684839599 -0.98480731653012199 1.1624153039034677 -2.3914748452534185 2.2956528503332083 0.54128026091286707 0.69070517514578322 2.0258520318472639
leaf_weight=7516 1749 2275 5488 272 6362 1583 1575 806 11155 98 41 7428 1946 242 1625 426 1260 825 3796 457 4207 874 195 822 51 107 161 450 2090 94
leaf_count=7516 1749 2275 5488 272 6362 1583 1575 806 11155 98 41 7428 1946 242 1625 426 1260 825 3796 457 4207 874 195 822 51 107 161 450 2090 94
internal_value=-0.000263368 -0.0579187 -0.0344833 -0.0980844 -0.0357409 -0.0214856 0.110038 0.21582 -0.157818 0.33344 0.181215 0.173949 -0.222389 0.16369 0.0772226 0.326583 0.675237 1.17005 -0.0847619 0.183606 0.367356 0.8776 1.47893 -0.413081 -1.36806 -0.546875 0.912797 -0.33687 0.53804 -0.411573
internal_weight=65976 52080 49698 38477 30511 30188 15365 13896 14823 1722 1624 13790 13101 12929 10503 4136 2511 1251 6367 11221 5733 1526 652 2571 323 2382 967 7966 2426 336
internal_count=65976 52080 49698 38477 30511 30188 15365 13896 14823 1722 1624 13790 13101 12929 10503 4136 2511 1251 6367 11221 5733 1526 652 2571 323 2382 967 7966 2426 336
cat_boundaries=0 1
cat_threshold=1
is_linear=0
shrinkage=0.05


Tree=105
num_leaves=31
num_cat=0
split_feature=0 69 1 68 73 4 73 72 27 3 40 73 1 72 1 3 75 9 17 60 37 9 73 73 2 4 60 3 16 61
split_gain=306508 247149 270414 209839 246232 183703 177640 286146 240651 248542 186643 177194 166571 148684 219923 148464 139924 128294 124138 122008 161840 118318 117741 116923 112015 111660 138902 146050 147761 154304
threshold=2020.5000000000002 189.52111111111117 5.5000000000000009 21.162500000000005 -0.34999999999999937 1.5000000000000002 0.96666666666666534 11.775000000000002 1.0000000180025095e-35 11.500000000000002 95.500000000000014 -0.48333333333332534 4.5000000000000009 18.858333333333338 7.5000000000000009 18.500000000000004 636.57875193327425 1.0000000180025095e-35 1.0000000180025095e-35 1266.6040000000003 10.500000000000002 1.0000000180025095e-35 -8.4249999999999972 4.708333333333333 30.500000000000004 4.5000000000000009 1183.62583442869 6.5000000000000009 1.0000000180025095e-35 999.6592288047766
decision_type=2 2 2 2 2 2 2 2 2 2 2 2 2 2 2 2 2 2 2 2 2 2 2 2 2 2 2 2 2 2
left_child=16 3 11 6 19 -4 7 8 -2 -10 -11 22 -8 -6 17 -12 -1 -15 24 -5 21 -21 -3 25 -14 26 27 -18 29 -29
right_child=1 2 5 4 13 -7 12 -9 9 10 15 -13 18 14 -16 -17 23 -19 -20 20 -22 -23 -24 -25 -26 -27 -28 28 -30 -31
leaf_value=-1.396114279507497 0.072722535461825416 2.0064923303137565 1.9055706696631387 0.29154348367381006 0.019509505849405098 0.61547206506806251 -0.51739240652569696 -0.18431431398342954 -0.20701219229123799 0.50857815749138524 2.0083717092537863 -0.13485047461016084 0.15399024668286029 0.90330483274695905 0.13978145023409347 0.37392004427207459 -0.18917575704678113 -0.23411825949892459 -0.68357132335533266 0.094801777104928875 -0.80821567575601261 -2.0081241660032956 0.3744600637456259 -0.96364083817952284 -2.3075874192917598 -0.23233860619883717 -0.27145358599562663 0.55350524702245085 0.78351507630978368 -0.030321224451545309
leaf_weight=218 5173 116 320 1212 2104 2004 3473 7431 552 824 558 2712 2770 2698 2206 185 3468 273 592 1504 1016 70 2336 408 47 10752 3965 1510 961 4518
leaf_count=218 5173 116 320 1212 2104 2004 3473 7431 552 824 558 2712 2770 2698 2206 185 3468 273 592 1504 1016 70 2336 408 47 10752 3965 1510 961 4518
internal_value=-0.000253593 0.0861088 0.345214 0.0267542 0.203629 0.79311 -0.0639798 0.0340419 0.25656 0.705354 1.02675 0.143644 -0.273682 0.373933 0.517976 1.60141 -0.134738 0.798789 -0.0253968 -0.12251 -0.316268 0.00127902 0.451669 -0.123989 0.11292 -0.110381 -0.0194575 0.0760924 0.207721 0.115926
internal_weight=65976 40176 7488 32688 11083 2324 21605 14723 7292 2119 1567 5164 6882 7281 5177 743 25800 2971 3409 3802 2590 1574 2452 25582 2817 25174 14422 10457 6989 6028
internal_count=65976 40176 7488 32688 11083 2324 21605 14723 7292 2119 1567 5164 6882 7281 5177 743 25800 2971 3409 3802 2590 1574 2452 25582 2817 25174 14422 10457 6989 6028
is_linear=0
shrinkage=0.05


Tree=106
num_leaves=31
num_cat=2
split_feature=71 4 3 4 62 13 71 4 61 3 57 3 4 72 69 0 2 59 62 16 59 19 3 4 75 13 74 75 57 68
split_gain=289187 292114 398247 562701 394380 344266 294226 280829 462586 284640 416098 280321 265855 247034 238798 227421 470319 211311 192803 192331 170496 169173 166155 227175 303202 259882 169444 151051 148470 145638
threshold=32.441666666666677 4.5000000000000009 7.5000000000000009 1.5000000000000002 1159.5585000000003 0 2.1583333333333341 1.5000000000000002 999.6592288047766 17.500000000000004 1037.8024960080004 1.0000000180025095e-35 2.5000000000000004 30.341666666666669 231.04000000000008 2024.5000000000002 2.5000000000000004 717.10275140001852 1151.6340000000002 0.65000000000000002 1173.6808537755603 0.15000000000000005 17.500000000000004 6.5000000000000009 1296.1510000000003 1 4.7333333333333316 1256.7432454458101 912.28400796193557 4.3375000000000012
decision_type=2 2 2 2 2 9 2 2 2 2 2 2 2 2 2 2 2 2 2 2 2 2 2 2 2 9 2 2 2 2
left_child=1 2 3 4 28 7 -7 8 18 10 21 -3 20 17 -12 -9 -17 -13 -4 -18 -5 -10 23 25 -25 26 -19 -27 -1 -8
right_child=-2 11 5 12 -6 6 29 15 9 -11 14 13 -14 -15 -16 16 19 22 -20 -21 -22 -23 -24 24 -26 27 -28 -29 -30 -31
leaf_value=-0.32987287035058022 0.74308906861193291 0.62355374513005934 1.784510375169164 0.26756679614881212 -2.8573272715888773 -6.4889288425445564 3.3826342371377081 0.080036235885004386 0.056729337263406156 -0.073356646163016556 1.065431033137737 -1.3428710227571428 -0.14627735676779408 0.55763662161113436 2.9340084386594367 4.5793001818029504 0.43326432722738623 -0.18762668234500671 5.9957054532807454 4.5530619933687406 1.3241171605064628 1.63320060657694 0.03249417096123746 -0.32265151512967916 -1.1692459951686485 -0.83838471820162352 0.32450470033263928 -3.617973558568373 -1.0818575511208157 -0.73862464604276179
leaf_weight=1944 1283 1159 433 2690 204 22 22 16299 1795 2000 1253 400 6277 1115 198 76 1225 10256 29 29 445 188 6524 4806 1356 121 1917 82 991 837
leaf_count=1944 1283 1159 433 2690 204 22 22 16299 1795 2000 1253 400 6277 1115 198 76 1225 10256 29 29 445 188 6524 4806 1356 121 1917 82 991 837
internal_value=-0.000240914 -0.0149827 0.0770603 -0.151819 -0.731535 0.194764 -0.770558 0.231144 0.52996 0.400824 0.676992 -0.137626 0.0415219 -0.17082 1.32041 0.131336 0.760011 -0.20272 2.04885 0.528539 0.41754 0.206188 -0.184523 -0.260897 -0.508952 -0.13739 -0.106889 -1.8691 -0.58378 -0.633074
internal_weight=65976 64693 36957 12551 3139 24406 881 23525 5896 5434 3434 27736 9412 26577 1451 17629 1330 25462 462 1254 3135 1983 25062 18538 6162 12376 12173 203 2935 859
internal_count=65976 64693 36957 12551 3139 24406 881 23525 5896 5434 3434 27736 9412 26577 1451 17629 1330 25462 462 1254 3135 1983 25062 18538 6162 12376 12173 203 2935 859
cat_boundaries=0 1 2
cat_threshold=17 25
is_linear=0
shrinkage=0.05


Tree=107
num_leaves=31
num_cat=0
split_feature=69 64 1 29 72 3 59 5 1 72 10 38 71 28 73 3 73 1 62 68 56 72 2 0 63 41 73 2 1 66
split_gain=274466 305497 277510 299661 251326 234895 293410 210292 222488 210490 208776 197527 193091 181657 180655 179914 171559 184665 170807 170110 199026 163285 156943 141756 147598 154206 135271 135123 414733 134021
threshold=141.61000000000004 1.0000000180025095e-35 3.5000000000000004 52.500000000000007 8.0750000000000028 10.500000000000002 1155.4947291415303 1.0000000180025095e-35 7.5000000000000009 8.7750000000000021 1.0000000180025095e-35 98.500000000000014 5.5833333333333348 3.5000000000000004 -1.9916666666666669 5.5000000000000009 -1.2166666666666659 4.5000000000000009 1396.0509075000002 11.512500000000005 1351.080666666667 11.075000000000001 30.500000000000004 2024.5000000000002 1818.6935000000001 1.0000000180025095e-35 0.8833333333333383 30.500000000000004 11.500000000000002 -3.4499999999999997
decision_type=2 2 2 2 2 2 2 2 2 2 2 2 2 2 2 2 2 2 2 2 2 2 2 2 2 2 2 2 2 2
left_child=2 5 3 19 -5 10 12 8 13 11 29 22 -7 16 21 -12 -4 -18 -16 -1 -21 -11 -10 27 -25 -26 -20 -8 -29 -2
right_child=1 -3 7 4 -6 6 23 -9 9 14 15 -13 -14 -15 18 -17 17 -19 26 20 -22 -23 -24 24 25 -27 -28 28 -30 -31
leaf_value=-0.48143483220997574 0.73325335640832268 -0.37028408281934011 -0.19111986628849631 0.24909346239304406 -0.64385501851181504 2.3262009445554281 0.29744996269214619 -0.72957890575784257 0.13753958552291123 0.78928362837992405 -0.45921221901973097 1.0871000862363915 0.7091542377228941 -0.02343891056912345 -0.21835920586954477 -6.2672937115033474 -0.20460899059915813 0.47469467582353464 0.0056289746610613915 -1.1561635834372115 -5.3666310672102311 -0.8209365915825384 -2.388347103482201 0.69342276365406086 3.959211056664782 0.12379444181919097 0.70787070015588149 0.23944316979112298 -6.8541291590090161 0.012705836810018873
leaf_weight=2305 711 2280 1605 2405 1172 316 5861 1000 2578 175 30 593 444 10037 12004 24 1172 6835 3184 872 29 1569 63 620 76 40 874 87 27 6988
leaf_count=2305 711 2280 1605 2405 1172 316 5861 1000 2578 175 30 593 444 10037 12004 24 1172 6835 3184 872 29 1569 63 620 76 40 874 87 27 6988
internal_value=-0.000228868 0.169478 -0.0615125 -0.358107 -0.0434801 0.250314 0.450387 -0.0132551 0.00434975 -0.108638 0.0575184 0.262449 1.38151 0.125336 -0.176037 -3.04058 0.28069 0.375264 -0.123558 -0.709144 -1.29168 -0.659361 0.0772856 0.344941 0.999693 2.63665 0.156876 0.264289 -1.44061 0.0792482
internal_weight=65976 17504 48472 6783 3577 15224 7471 41689 40689 21040 7753 3234 760 19649 17806 54 9612 8007 16062 3206 901 1744 2641 6711 736 116 4058 5975 114 7699
internal_count=65976 17504 48472 6783 3577 15224 7471 41689 40689 21040 7753 3234 760 19649 17806 54 9612 8007 16062 3206 901 1744 2641 6711 736 116 4058 5975 114 7699
is_linear=0
shrinkage=0.05


Tree=108
num_leaves=31
num_cat=1
split_feature=0 70 4 3 4 57 61 66 3 13 52 69 62 57 3 70 58 29 2 1 61 72 9 3 14 0 75 4 0 69
split_gain=269277 213113 194104 262668 487652 408279 228163 190032 177692 168595 182534 167778 156703 154154 149681 149221 144700 142236 141017 201115 157464 128789 135118 128093 123190 121057 120880 120706 118306 116960
threshold=2020.5000000000002 34.291666666666679 2.5000000000000004 8.5000000000000018 1.5000000000000002 1451.2130000000002 973.17294921471012 20.675000000000008 1.0000000180025095e-35 0 0.29166666650000006 152.52250000000001 1054.8867896123152 912.28400796193557 19.500000000000004 7.2833333333333341 987.06500000000017 70.500000000000014 25.500000000000004 3.5000000000000004 1645.0385000000003 20.191666666666674 1.0000000180025095e-35 11.500000000000002 2.0500000000000003 2021.5000000000002 636.57875193327425 1.5000000000000002 2024.5000000000002 80.700277777777799
decision_type=2 2 2 2 2 2 2 2 2 9 2 2 2 2 2 2 2 2 2 2 2 2 2 2 2 2 2 2 2 2
left_child=26 2 3 4 5 13 -5 -6 -4 18 12 21 -11 16 17 -14 -2 27 29 24 -21 -8 23 -23 -20 -24 -1 -13 -22 -10
right_child=1 -3 8 6 7 -7 11 -9 9 10 -12 14 15 -15 -16 -17 -18 -19 19 20 28 22 25 -25 -26 -27 -28 -29 -30 -31
leaf_value=-1.2986713096437097 -0.20434688583019744 1.2719280041273564 0.59598209661817325 3.2926466337148699 0.25945096345815938 -4.6981710115068802 0.15562359565176129 1.5254596451554501 -0.062134272761027634 -0.78030019548240603 0.15840180759698574 1.4940995167772106 -7.4151589802333291 -0.95759314604254797 0.050724200157439295 -2.5932788077522728 2.7516274100126221 2.3778385847366503 -0.73513163854782826 0.063697886782491261 -1.2553513305511936 1.7205797064469797 -4.0234069035603452 0.53010382972699543 -4.0334076926626015 0.11696882231668992 -0.11627881073553292 0.31415412901379947 0.88400722749821559 0.16909490696148871
leaf_weight=218 1113 372 1197 69 1796 59 4413 355 12339 91 142 436 21 936 398 68 43 203 1190 3050 402 331 26 712 29 55 25582 431 77 9822
leaf_count=218 1113 372 1197 69 1796 59 4413 355 12339 91 142 436 21 936 398 68 43 203 1190 3050 402 331 26 712 29 55 25582 431 77 9822
internal_value=-0.000217424 0.08073 0.0695973 0.24414 -0.0639482 -0.596289 0.431502 0.468392 -0.000249374 -0.0264581 -1.14631 0.40332 -2.23927 -0.480605 0.878554 -3.73103 -0.0943928 1.18648 -0.0126269 -0.259916 -0.0686608 0.277323 0.755134 0.907906 -0.813598 -1.21204 -0.12627 0.907529 -0.911446 0.0403491
internal_weight=65976 40176 39804 11376 4302 2151 7074 2151 28428 27231 322 7005 180 2092 1468 89 1156 1070 26909 4748 3529 5537 1124 1043 1219 81 25800 867 479 22161
internal_count=65976 40176 39804 11376 4302 2151 7074 2151 28428 27231 322 7005 180 2092 1468 89 1156 1070 26909 4748 3529 5537 1124 1043 1219 81 25800 867 479 22161
cat_boundaries=0 1
cat_threshold=27
is_linear=0
shrinkage=0.05


Tree=109
num_leaves=31
num_cat=3
split_feature=57 4 3 4 57 13 71 3 0 74 4 3 69 4 4 75 13 61 57 72 3 20 72 13 73 75 51 72 1 61
split_gain=255056 246681 274347 647931 306865 294182 228297 221216 204585 190609 172469 251962 240287 170540 169657 270217 202014 167451 163566 162559 161930 158173 185453 151978 140088 134062 127598 133013 132961 127137
threshold=725.2505000000001 3.5000000000000004 5.5000000000000009 1.5000000000000002 1459.1675849689052 0 2.1583333333333341 1.0000000180025095e-35 2024.5000000000002 -2.1333333333333355 1.5000000000000002 17.500000000000004 45.450138888888901 2.5000000000000004 6.5000000000000009 1611.0641042860404 1 1015.3567807755601 957.32370500000013 26.850000000000005 7.5000000000000009 0.25000000000000006 18.058333333333341 2 4.3333333333333357 1611.0641042860404 1.0000000180025095e-35 5.0083333333333355 3.5000000000000004 1039.9866716050353
decision_type=2 2 2 2 2 9 2 2 2 2 2 2 2 2 2 2 9 2 2 2 2 2 2 9 2 2 2 2 2 2
left_child=-1 2 3 4 18 8 -7 -3 10 -9 11 12 17 -5 16 19 24 20 -2 23 -4 22 -10 -16 -11 -8 28 -28 29 -25
right_child=1 7 5 13 -6 6 25 9 21 14 -12 -13 -14 -15 15 -17 -18 -19 -20 -21 -22 -23 -24 26 -26 -27 27 -29 -30 -31
leaf_value=-0.583890373108929 -0.4327760382643816 0.51454091192759954 0.12136042129196641 0.56908833143140714 -4.4745174621280874 -5.3260229266606842 -0.35608526340493279 0.1195149016012145 0.33958334110832172 -0.04772469108317353 0.10344194560922138 -0.015424280773296994 0.98541061415952902 -0.078684953816764436 1.4692272993492652 -1.5526846696665846 -1.8064847070547427 -0.10477467331626203 -1.3499256320160085 0.49158408663340458 2.1088737324033029 2.8932326434732438 1.6022800404288136 -0.72791087090391571 -0.8244522723072617 -2.6053611598194464 0.82461608858963698 -0.27068502601680888 -0.39763063591292752 -1.9813107429349675
leaf_weight=1820 1375 1564 216 1842 57 26 716 8131 1058 19839 12371 2088 2353 2266 101 453 159 1202 752 604 195 86 401 716 598 73 326 1851 2455 282
leaf_count=1820 1375 1564 216 1842 57 26 716 8131 1058 19839 12371 2088 2353 2266 101 453 159 1202 752 604 195 86 401 716 598 73 326 1851 2455 282
internal_value=-0.000206553 0.0163516 0.131083 -0.158185 -0.854056 0.21865 -0.707424 -0.0674313 0.25667 -0.0930601 0.210456 0.429133 0.663181 0.211772 -0.156179 -0.372963 -0.0847314 0.193122 -0.757034 -0.288604 1.06434 0.809457 0.68663 -0.37083 -0.0704178 -0.564193 -0.405729 -0.106667 -0.595452 -1.08208
internal_weight=65976 64156 27077 6292 2184 20785 815 37079 19970 35515 18425 6054 3966 4108 27384 6788 20596 1613 2127 6335 411 1545 1459 5731 20437 789 5630 2177 3453 998
internal_count=65976 64156 27077 6292 2184 20785 815 37079 19970 35515 18425 6054 3966 4108 27384 6788 20596 1613 2127 6335 411 1545 1459 5731 20437 789 5630 2177 3453 998
cat_boundaries=0 1 2 3
cat_threshold=17 27 50
is_linear=0
shrinkage=0.05


Tree=110
num_leaves=31
num_cat=1
split_feature=0 64 69 69 13 4 51 74 3 57 61 74 72 34 72 3 3 14 58 26 1 57 68 57 70 62 75 68 1 2
split_gain=246077 199886 214242 168241 162990 162323 197829 158864 309762 153195 195355 148061 135811 138544 267900 191582 159648 130846 128627 211060 126836 244914 157699 159755 145318 118133 111363 110076 134260 110734
threshold=2023.5000000000002 1.0000000180025095e-35 172.04694444444453 303.92111111111126 0 6.5000000000000009 1.0000000180025095e-35 3.8833333333333355 11.500000000000002 1015.9665000000001 1008.9520926897652 -1.6416666666666673 25.558333333333337 66.500000000000014 0.56666666666666676 9.5000000000000018 18.500000000000004 1.9500000000000002 1129.6665000000003 1.0000000180025095e-35 4.5000000000000009 1294.3065000000004 10.637500000000005 1533.5072713709903 9.0750000000000028 1901.7920000000001 1409.3499015020986 -5.5374999999999988 4.5000000000000009 30.500000000000004
decision_type=2 2 2 2 9 2 2 2 2 2 2 2 2 2 2 2 2 2 2 2 2 2 2 2 2 2 2 2 2 2
left_child=1 2 4 12 5 7 9 -1 -9 -7 -11 -6 13 16 -15 -16 20 -3 19 -17 21 24 23 -23 -2 -5 -13 -4 -29 -30
right_child=3 17 27 25 11 6 -8 8 -10 10 -12 26 -14 14 15 18 -18 -19 -20 -21 -22 22 -24 -25 -26 -27 -28 28 29 -31
leaf_value=-0.055137789444168139 0.14766328014934588 -0.41713982362435253 1.1430804857009109 0.70660613519265314 0.018341577261979901 -1.2736165233172794 0.0039448185479118774 0.56035558088258697 -0.28292834938543815 0.051575188888506596 -0.87819785346645662 -0.70430592989499041 0.49791478772436426 2.4942463468896214 -0.23928558857872329 0.70611622007734598 0.37090554541812965 -2.2062579847663364 0.29876830016006245 3.1660007778657686 0.010983357762703417 -0.86638159520391911 -4.0219631863267802 -4.7409493935519249 -0.74421721826481291 3.4492614280886773 -2.441442692041397 0.00043870288780625545 0.46211641616538146 -1.2612766872625798
leaf_weight=28653 1077 2275 298 926 826 637 2738 3033 1699 1174 1089 1192 2191 137 1285 436 1677 107 1470 109 3346 322 57 29 793 41 100 4958 3205 96
leaf_count=28653 1077 2275 298 926 826 637 2738 3033 1699 1174 1089 1192 2191 137 1285 436 1677 107 1470 109 3346 322 57 29 793 41 100 4958 3205 96
internal_value=-0.000198782 -0.0500783 -0.0286332 0.186742 -0.0759784 -0.0527067 -0.300869 -0.0108132 0.257579 -0.588656 -0.39585 -0.502127 0.139162 0.0659614 0.327722 0.237778 -0.0572643 -0.497507 0.54201 1.19809 -0.184939 -0.472715 -1.58263 -1.1865 -0.230551 0.822892 -0.838759 0.198997 0.164932 0.411997
internal_weight=65976 52080 49698 13896 41141 39023 5638 33385 4732 2900 2263 2118 12929 10738 3437 3300 7301 2382 2015 545 5624 2278 408 351 1870 967 1292 8557 8259 3301
internal_count=65976 52080 49698 13896 41141 39023 5638 33385 4732 2900 2263 2118 12929 10738 3437 3300 7301 2382 2015 545 5624 2278 408 351 1870 967 1292 8557 8259 3301
cat_boundaries=0 1
cat_threshold=1
is_linear=0
shrinkage=0.05


Tree=111
num_leaves=31
num_cat=0
split_feature=71 69 1 35 72 5 1 68 2 68 3 73 1 72 73 2 4 4 3 4 0 72 59 24 73 61 75 45 62 58
split_gain=235588 234975 219631 356530 330993 209525 195714 265316 219897 190791 187268 180056 166449 176578 157641 154382 158184 153920 157861 258460 150433 149278 148846 145458 140010 139687 138240 134751 138542 129939
threshold=31.850000000000005 207.3600000000001 3.5000000000000004 52.500000000000007 6.7916666666666687 1.0000000180025095e-35 7.5000000000000009 9.9625000000000039 30.500000000000004 11.387500000000005 9.5000000000000018 -1.1166666666666656 3.5000000000000004 -1.3333333333333328 -4.8666666666666636 30.500000000000004 2.5000000000000004 6.5000000000000009 5.5000000000000009 1.5000000000000002 2021.5000000000002 0.31666666666666671 1207.2195685722152 0.55000000000000016 -2.7499999999999982 1118.8380000000002 1672.5867764930301 0.95833333350000005 1113.7223933573803 1367.9399029939002
decision_type=2 2 2 2 2 2 2 2 2 2 2 2 2 2 2 2 2 2 2 2 2 2 2 2 2 2 2 2 2 2
left_child=1 2 3 9 11 6 20 8 10 -1 -8 -5 13 -3 -9 16 -14 18 19 25 24 -13 -10 -12 -4 -16 -19 28 -25 -11
right_child=-2 12 5 4 -6 -7 7 14 22 29 23 21 15 -15 17 -17 -18 26 -20 -21 -22 -23 -24 27 -26 -27 -28 -29 -30 -31
leaf_value=-0.42156002288542399 0.57782168352501018 0.50450518610820516 -0.75452877962421228 0.99332481550788077 -0.43157105432875059 -0.71428873612694588 -0.0082717285850018221 -1.7750563722732779 -0.5526183281859306 -1.1166910385079525 0.47400188270789823 1.3290139557352161 1.2085019599899409 -0.087287466813848053 -1.0005692052513362 -1.6280690159376077 0.36624459316832436 -0.42437309513380639 -0.017333312311966945 -0.20700548500076052 0.25599381240024127 -0.0074195119365429779 -4.2608900125636611 5.4892047364371166 0.031404436848769764 -3.039205560825839 -1.8367558146303988 0.24110078638090809 1.8567853459857759 -4.8424987196922302
leaf_weight=3808 1717 1710 603 803 2411 1024 2707 154 73 938 2107 232 736 4795 500 82 2298 2356 11500 2995 10339 2103 43 35 9405 101 187 85 105 24
leaf_count=3808 1717 1710 603 803 2411 1024 2707 154 73 938 2107 232 736 4795 500 82 2298 2356 11500 2995 10339 2103 43 35 9405 101 187 85 105 24
internal_value=-0.000188842 -0.0156333 -0.0557547 -0.263507 0.0089836 -0.0073828 0.00933672 -0.0907645 0.225092 -0.580498 0.27464 0.347472 0.212218 0.0682799 -0.182275 0.512704 0.570563 -0.168369 -0.107748 -0.396893 0.122234 0.125365 -1.92724 0.603045 -0.0159495 -1.34317 -0.528233 1.81146 2.76489 -1.20964
internal_weight=65976 64259 54638 10319 5549 44319 43295 22948 5155 4770 5039 3138 9621 6505 17793 3116 3034 17639 15096 3596 20347 2335 116 2332 10008 601 2543 225 140 962
internal_count=65976 64259 54638 10319 5549 44319 43295 22948 5155 4770 5039 3138 9621 6505 17793 3116 3034 17639 15096 3596 20347 2335 116 2332 10008 601 2543 225 140 962
is_linear=0
shrinkage=0.05


Tree=112
num_leaves=31
num_cat=1
split_feature=0 70 73 4 3 4 57 61 71 1 72 3 13 52 61 57 2 71 70 2 1 61 19 3 72 37 66 1 56 4
split_gain=221857 176881 162950 157389 208732 388293 336147 202820 170889 159738 159739 149131 136793 160420 132505 125612 121996 132924 121377 117451 170204 145537 121345 267208 174106 142366 145866 236200 134760 114911
threshold=2020.5000000000002 34.291666666666679 -8.4249999999999972 2.5000000000000004 8.5000000000000018 1.5000000000000002 1408.5852685000002 973.17294921471012 24.041666666666671 1.5000000000000002 20.675000000000008 1.0000000180025095e-35 0 0.29166666650000006 1129.0797418168052 1514.9985000000004 22.500000000000004 0.31666666666666671 7.2833333333333341 25.500000000000004 3.5000000000000004 1645.0385000000003 1.0000000180025095e-35 10.500000000000002 1.0000000180025095e-35 8.5000000000000018 20.075000000000006 7.5000000000000009 1069.669257778982 6.5000000000000009
decision_type=2 2 2 2 2 2 2 2 2 2 2 2 9 2 2 2 2 2 2 2 2 2 2 2 2 2 2 2 2 2
left_child=-1 2 -2 4 5 6 -4 -6 -7 15 -11 29 19 14 -14 16 17 -9 -16 22 -21 -22 25 -24 -25 26 -13 -28 -26 -5
right_child=1 -3 3 11 7 8 -8 9 -10 10 -12 12 13 -15 18 -17 -18 -19 -20 20 21 -23 23 24 28 -27 27 -29 -30 -31
leaf_value=-0.11459540714359258 1.6311777656079469 1.1585190911486904 -0.41373437931922458 0.2956810531452439 3.0785662419554116 0.22083568440628271 -3.7170257264375688 4.4384717033022927 1.4429731757149977 0.14019981360619388 0.73992435450780047 -0.035691230521518201 -0.90307416864312617 0.1849893119960079 -6.9932604455947889 -1.0951626384258271 0.23017502655684197 1.4757822541966259 -2.4555618741682599 -0.75528778349464487 0.058942534747731978 -0.87854217891357766 -0.31096119103773368 3.0708179940070428 3.077570368741688 -0.13296845029057397 0.74229699487298983 -0.018398018165775503 0.58135418864188593 1.5237579015400575
leaf_weight=25800 165 372 2064 954 69 1802 80 42 340 4884 1437 5442 104 142 20 60 185 384 56 1211 3050 479 787 84 57 10535 2029 2053 1051 238
leaf_count=25800 165 372 2064 954 69 1802 80 42 340 4884 1437 5442 104 142 20 60 185 384 56 1211 3050 479 787 84 57 10535 2029 2053 1051 238
internal_value=-0.0001794 0.0732956 0.0631534 0.0566264 0.213948 -0.061305 -0.536992 0.381025 0.414826 0.354404 0.27654 -0.0064701 -0.0305456 -1.03924 -2.06276 1.08791 1.30229 1.76788 -3.64969 -0.0180214 -0.243819 -0.0683046 0.0305355 0.404066 0.876152 -0.00631661 0.13378 0.359713 0.70977 0.540884
internal_weight=65976 40176 39804 39639 11347 4286 2144 7061 2142 6992 6321 28292 27100 322 180 671 611 426 76 26778 4740 3529 22038 1979 1192 20059 9524 4082 1108 1192
internal_count=65976 40176 39804 39639 11347 4286 2144 7061 2142 6992 6321 28292 27100 322 180 671 611 426 76 26778 4740 3529 22038 1979 1192 20059 9524 4082 1108 1192
cat_boundaries=0 1
cat_threshold=27
is_linear=0
shrinkage=0.05


Tree=113
num_leaves=31
num_cat=3
split_feature=57 4 3 4 13 57 70 51 4 13 13 72 41 3 63 72 0 4 66 3 4 69 61 3 57 66 1 20 72 3
split_gain=216120 207476 202919 533351 262756 252696 199970 192416 216342 281181 211646 200914 197639 308814 186451 179780 168525 161537 151405 150443 191339 179989 165204 259965 145658 137744 152259 136693 158450 134999
threshold=744.82950000000017 3.5000000000000004 5.5000000000000009 1.5000000000000002 0 1459.1675849689052 2.5250000000000008 0.29166666650000006 6.5000000000000009 1 2 27.400000000000002 99.500000000000014 9.5000000000000018 1616.1680000000003 21.108333333333341 2024.5000000000002 2.5000000000000004 10.84166666666667 21.500000000000004 1.5000000000000002 219.04000000000011 1018.6562404373551 8.5000000000000018 957.32370500000013 22.100000000000005 10.500000000000002 0.25000000000000006 17.658333333333339 16.500000000000004
decision_type=2 2 2 2 9 2 2 2 2 9 9 2 2 2 2 2 2 2 2 2 2 2 2 2 2 2 2 2 2 2
left_child=-1 2 3 5 16 24 -6 8 9 12 -10 14 15 -14 29 -3 19 -5 -15 20 21 22 23 -4 -2 26 -24 28 -18 -12
right_child=1 7 4 17 6 -7 -8 -9 10 -11 11 -13 13 18 -16 -17 27 -19 -20 -21 -22 -23 25 -25 -26 -27 -28 -29 -30 -31
leaf_value=-0.44695762599368866 -0.359411689202351 -0.2296441211041147 0.34666177416109173 0.58704984127444348 -5.1849453029533237 -4.0612358302400819 -0.55143199463463044 0.05861949719494839 1.5920071279857217 -2.3027574914693836 -0.65430735944906704 1.2440085717882867 -0.90669061093591152 1.3752845254118049 -2.390704498850349 0.20188800526313219 0.29560163679778212 -0.064966456951013607 0.27275129407928167 -0.20714867615529231 0.1249082786750734 1.3533183302600211 -0.18004128870628183 2.3641235548858499 -1.2372004685445412 0.66673594444428108 0.67526482400221077 2.6737701999933225 1.4531039344200325 0.080317944685259102
leaf_weight=2600 1272 9247 419 1661 24 57 782 17936 113 130 3509 156 320 635 138 3266 1047 2219 611 2083 10905 544 1890 258 752 1425 718 86 412 761
leaf_count=2600 1272 9247 419 1661 24 57 782 17936 113 130 3509 156 320 635 138 3266 1047 2219 611 2083 10905 544 1890 258 752 1425 718 86 412 761
internal_value=-0.000170431 0.018159 0.124691 -0.132211 0.199056 -0.778009 -0.680954 -0.0586661 -0.170052 -0.0729624 -0.465016 -0.518298 -0.0507018 0.47881 -0.581842 -0.117011 0.235127 0.214157 0.834636 0.19278 0.244334 0.492208 0.392751 1.1155 -0.685547 0.271426 0.0554303 0.736646 0.622463 -0.523382
internal_weight=65976 63376 26554 5961 20593 2081 806 36822 18886 14209 4677 4564 14079 1566 4408 12513 19787 3880 1246 18242 16159 5254 4710 677 2024 4033 2608 1545 1459 4270
internal_count=65976 63376 26554 5961 20593 2081 806 36822 18886 14209 4677 4564 14079 1566 4408 12513 19787 3880 1246 18242 16159 5254 4710 677 2024 4033 2608 1545 1459 4270
cat_boundaries=0 1 2 3
cat_threshold=17 27 50
is_linear=0
shrinkage=0.05


Tree=114
num_leaves=31
num_cat=0
split_feature=69 64 1 30 72 3 59 73 72 39 71 15 60 73 56 73 71 10 68 73 3 4 3 5 72 57 67 0 33 3
split_gain=202831 232579 222145 238820 223096 174910 269398 169652 530049 270514 196383 185883 168351 183217 165017 161877 161677 159856 145023 144422 133947 125932 410262 124569 123789 121651 121476 119234 125055 159915
threshold=136.50027777777785 1.0000000180025095e-35 3.5000000000000004 70.500000000000014 8.0750000000000028 10.500000000000002 1158.1815658573803 -0.89999999999999802 10.608333333333336 96.500000000000014 17.408333333333339 0.15000000000000005 1273.3567990000001 -2.5999999999999988 1499.594014846117 0.75833333333333297 6.1416666666666675 1.0000000180025095e-35 11.512500000000005 1.916666666666665 5.5000000000000009 5.5000000000000009 6.5000000000000009 1.0000000180025095e-35 4.5250000000000012 1250.5615 23.487500000000008 2024.5000000000002 62.500000000000007 19.500000000000004
decision_type=2 2 2 2 2 2 2 2 2 2 2 2 2 2 2 2 2 2 2 2 2 2 2 2 2 2 2 2 2 2
left_child=2 5 3 14 19 17 16 8 9 -4 23 -11 26 -14 18 -12 -7 21 -1 -5 -19 24 -23 -9 -2 -24 -10 28 -8 -30
right_child=1 -3 7 4 -6 6 27 10 12 11 15 -13 13 -15 -16 -17 -18 20 -20 -21 -22 22 25 -25 -26 -27 -28 -29 29 -31
leaf_value=-0.36929971465035005 0.60549213283378778 -0.32721028804427138 0.2485310548339863 0.51330653591426056 -0.59773258673613883 1.9886910571620384 0.10294134480669248 -0.063897061863221291 -0.28220197236265371 0.71590734713448534 0.039593159725649585 2.8078703475871474 -1.4720286054385676 -0.45920619792577871 -4.8348274790722394 0.35649090407489598 0.60451141016903909 -0.43863496676087382 -1.0798007690209044 -0.52746943946040814 -5.450131741166115 0.23561660969871223 -0.80168853754912073 -0.86619811518084389 0.058951577541496249 -2.2123557375824969 0.52073241465661713 0.8628905259723979 1.337018409681878 0.1023460083770223
leaf_weight=2362 1362 2311 1402 1615 1054 377 5231 13352 5520 229 10575 198 592 1817 23 6511 479 30 1032 420 24 1505 584 502 4329 207 515 768 509 541
leaf_count=2362 1362 2311 1402 1615 1054 377 5231 13352 5520 229 10575 198 592 1817 23 6511 479 30 1032 420 24 1505 584 502 4329 207 515 768 509 541
internal_value=-0.000167295 0.141567 -0.054394 -0.325914 -0.00730245 0.209505 0.376521 -0.0115311 -0.187584 0.584112 0.0469239 1.68595 -0.354737 -0.708102 -0.613942 0.160354 1.21413 0.0453151 -0.585339 0.298503 -2.66597 0.063646 -0.248929 -0.0929685 0.189753 -1.17085 -0.213683 0.274805 0.202897 0.700868
internal_weight=65976 18257 47719 6506 3089 15946 7905 41213 10273 1829 30940 427 8444 2409 3417 17086 856 8041 3394 2035 54 7987 2296 13854 5691 791 6035 7049 6281 1050
internal_count=65976 18257 47719 6506 3089 15946 7905 41213 10273 1829 30940 427 8444 2409 3417 17086 856 8041 3394 2035 54 7987 2296 13854 5691 791 6035 7049 6281 1050
is_linear=0
shrinkage=0.05


Tree=115
num_leaves=31
num_cat=1
split_feature=0 1 73 69 73 72 1 13 75 31 1 68 2 69 3 72 25 3 33 42 0 2 73 72 3 29 72 8 51 3
split_gain=199713 176696 196048 176360 198113 170932 157701 193698 182703 177279 151657 145519 177359 144221 138127 136586 158939 135868 135651 120602 117598 113571 238306 130412 146009 270725 172246 153890 114113 124742
threshold=2023.5000000000002 4.5000000000000009 0.21666666666666948 189.52111111111117 -4.8666666666666636 4.3916666666666684 7.5000000000000009 0 1473.7218785020984 1.0000000180025095e-35 10.500000000000002 9.9625000000000039 30.500000000000004 303.92111111111126 18.500000000000004 6.9000000000000012 1.0500000000000003 9.5000000000000018 99.500000000000014 0.12500000000000003 2020.5000000000002 25.500000000000004 2.9500000000000028 25.558333333333337 9.5000000000000018 38.500000000000007 0.31666666666666671 1.0000000180025095e-35 0.29166666650000006 12.500000000000002
decision_type=2 2 2 2 2 2 2 9 2 2 2 2 2 2 2 2 2 2 2 2 2 2 2 2 2 2 2 2 2 2
left_child=1 2 5 4 10 18 7 8 17 20 -3 12 15 21 -14 16 -8 -6 -1 -18 -9 23 -23 24 -2 28 -27 -28 29 -26
right_child=13 3 -4 -5 6 -7 11 9 -10 -11 -12 -13 14 -15 -16 -17 19 -19 -20 -21 -22 22 -24 -25 25 26 27 -29 -30 -31
leaf_value=0.17815389364513473 -0.17336880509422747 -1.7001676561219712 -0.35099447469614886 0.41744827870323076 -1.1408674846678597 -0.18038059599417552 0.48555909277374054 0.15404656659280216 -3.083375270026071 0.027588026866549528 0.85314517141613244 -0.15664730265975385 -0.90958030912238108 0.75724220053767632 -5.443877172470093 0.020277636460246971 3.9406714709078678 0.29486684654104084 1.3016423346920047 0.29131464136557444 0.6512452183102625 -0.082043666476932398 -2.488393663780557 0.58048319314398722 0.37337313068308992 2.8011306470318846 0.56735007838535334 4.3009947836399078 0.42697815555018476 -0.38129248767790075
leaf_weight=2817 2950 286 8320 2568 318 5366 1255 2199 70 6951 73 15747 71 967 22 2691 61 342 297 36 2590 2173 108 1802 764 95 1924 28 1152 1933
leaf_count=2817 2950 286 8320 2568 318 5366 1255 2199 70 6951 73 15747 71 967 22 2691 61 342 297 36 2590 2173 108 1802 764 95 1924 28 1152 1933
internal_value=-0.00015893 -0.0450944 -0.178556 0.0184589 -0.0128631 -0.00937205 9.86529e-05 0.139491 -0.645659 0.188701 -1.18097 -0.0873238 0.176612 0.168252 -1.98221 0.226271 0.636276 -0.396896 0.285307 2.58627 0.422943 0.1242 -0.195979 0.192788 0.113811 0.257499 0.722089 0.620906 0.0104176 -0.167513
internal_weight=65976 52080 16800 35280 32712 8480 32353 12470 730 11740 359 19883 4136 13896 93 4043 1352 660 3114 97 4789 12929 2281 10648 8846 5896 2047 1952 3849 2697
internal_count=65976 52080 16800 35280 32712 8480 32353 12470 730 11740 359 19883 4136 13896 93 4043 1352 660 3114 97 4789 12929 2281 10648 8846 5896 2047 1952 3849 2697
cat_boundaries=0 1
cat_threshold=22
is_linear=0
shrinkage=0.05


Tree=116
num_leaves=31
num_cat=0
split_feature=71 69 1 35 72 5 1 66 73 48 57 2 1 73 0 73 72 9 75 28 1 0 2 72 3 39 45 24 61 57
split_gain=192889 184133 179259 289126 268714 171005 164390 215008 200547 152315 191925 171958 149143 149035 147047 157083 133476 132809 207870 156934 142388 133031 132044 171480 147798 140186 208415 127888 124227 123694
threshold=32.441666666666677 207.3600000000001 3.5000000000000004 52.500000000000007 6.7916666666666687 1.0000000180025095e-35 7.5000000000000009 11.41666666666667 -3.4333333333333318 0.45833333350000005 1481.5155988893302 1.5000000000000002 11.500000000000002 -1.1166666666666656 2022.5000000000002 -4.8666666666666636 -0.97499999999999998 1.0000000180025095e-35 1473.7218785020984 1.0000000180025095e-35 4.5000000000000009 2020.5000000000002 30.500000000000004 9.7750000000000021 10.500000000000002 98.500000000000014 0.95833333350000005 0.35000000000000003 1433.0150000000001 1191.3041741805052
decision_type=2 2 2 2 2 2 2 2 2 2 2 2 2 2 2 2 2 2 2 2 2 2 2 2 2 2 2 2 2 2
left_child=1 2 3 9 13 6 17 22 -9 10 11 29 -10 -5 -3 -16 -15 19 28 20 -4 -22 24 -24 -8 -26 27 -27 -19 -1
right_child=-2 14 5 4 -6 -7 7 8 12 -11 -12 -13 -14 16 15 -17 -18 18 -20 -21 21 -23 23 -25 25 26 -28 -29 -30 -31
leaf_value=-1.0673476048878261 0.60692861673902343 0.039396226721009897 -0.16274115487861837 0.90263202029860568 -0.38689272982782108 -0.64252640077767031 -0.02603317029940852 -1.3183145281332558 -0.12885345685688462 -0.18870295598160028 -3.9638795033745149 -0.62700629872342939 -1.175389417362916 1.8464989970596333 1.6737941249004327 0.35448081385968222 0.030536059249892746 -0.59551875793941456 -2.6277652506277249 0.019525107511790877 0.095709586686174963 0.56027230448863541 -2.7466032322157514 0.49568052176190047 0.26855906195069817 1.1708215094230197 0.13337256907929781 3.1178889486719581 1.3477940782904625 -4.4888630094528201
leaf_weight=56 1283 6056 1358 803 2411 1025 3554 377 15659 2003 46 2615 348 106 242 3333 2229 393 106 11863 2367 4416 88 76 2345 222 306 136 104 50
leaf_count=56 1283 6056 1358 803 2411 1025 3554 377 15659 2003 46 2615 348 106 242 3333 2229 393 106 11863 2367 4416 88 76 2345 222 306 136 104 50
internal_value=-0.000150984 -0.0121907 -0.0474697 -0.235327 0.0100575 -0.00414454 0.0108228 -0.0807308 -0.178452 -0.520785 -0.761176 -0.707033 -0.151606 0.315044 0.189505 0.443788 0.112974 0.113501 -0.617598 0.135539 0.304595 0.398158 0.157275 -1.24408 0.192293 0.450162 1.09152 1.91049 -0.18887 -2.68127
internal_weight=65976 64693 55062 10319 5549 44743 43718 23111 16384 4770 2767 2721 16007 3138 9631 3575 2335 20607 603 20004 8141 6783 6727 164 6563 3009 664 358 497 106
internal_count=65976 64693 55062 10319 5549 44743 43718 23111 16384 4770 2767 2721 16007 3138 9631 3575 2335 20607 603 20004 8141 6783 6727 164 6563 3009 664 358 497 106
is_linear=0
shrinkage=0.05


Tree=117
num_leaves=31
num_cat=0
split_feature=57 2 0 64 69 20 1 73 1 2 73 1 2 2 3 33 54 14 1 61 63 73 73 70 72 72 14 50 58 2
split_gain=182620 173930 172091 186527 159599 172115 154181 195755 186595 140905 219373 134598 165732 134519 131789 172735 134636 131046 125093 123357 203897 125462 111144 108761 105567 128302 179693 136195 131861 159349
threshold=725.2505000000001 1.5000000000000002 2023.5000000000002 1.0000000180025095e-35 75.980277777777815 1.0000000180025095e-35 4.5000000000000009 -4.8666666666666636 7.5000000000000009 25.500000000000004 3.1000000000000014 1.5000000000000002 23.500000000000004 23.500000000000004 9.5000000000000018 54.500000000000007 0.95833333350000005 1.9500000000000002 3.5000000000000004 1005.7265923351251 995.11001149747608 -0.38333333333333236 -8.4249999999999972 34.291666666666679 25.558333333333337 7.7833333333333341 1.0000000180025095e-35 0.79166666650000017 1109.2592256462601 8.5000000000000018
decision_type=2 2 2 2 2 2 2 2 2 2 2 2 2 2 2 2 2 2 2 2 2 2 2 2 2 2 2 2 2 2
left_child=-1 -2 3 4 6 -6 11 -8 19 13 -11 -3 -13 22 -7 -16 -17 -5 -14 20 -9 -21 -4 -15 25 26 27 -24 29 -28
right_child=1 2 9 17 5 14 7 8 -10 10 -12 12 18 23 15 16 -18 -19 -20 21 -22 -23 24 -25 -26 -27 28 -29 -30 -31
leaf_value=-0.49403762965831544 -0.42856848295393057 0.87409896144028498 2.9113667312421296 -0.37882011551521666 0.060151225847606363 0.0012119175373258705 -1.4897833621501924 0.24881926701357485 -0.1264431927822402 -0.055148982657624968 -2.4235398785156366 -0.65292920299084156 -0.6686470338264674 0.75521238959922532 0.27637871436334349 1.7888779149974436 0.38496845078143632 -2.2398272115549056 0.43637975718794569 -0.32080343356741198 1.3902340380798772 0.18465680726569489 -0.12182393870806436 4.0992561359405526 0.57365105430051189 -0.012187081384160555 3.951053588037138 0.67118344918224548 0.73899087079830705 0.70620668807499853
leaf_weight=1820 2147 209 38 2126 16938 835 225 3532 13545 2359 102 2575 384 887 829 509 257 99 769 1886 440 3517 1359 25 1603 5444 81 900 465 71
leaf_count=1820 2147 209 38 2126 16938 835 225 3532 13545 2359 102 2575 384 887 829 509 257 99 769 1886 440 3517 1359 25 1603 5444 81 900 465 71
internal_value=-0.000143435 0.0138675 0.0291864 -0.0144098 0.00701222 0.116607 -0.0713658 -0.022162 -0.0077547 0.188332 -0.153311 -0.360627 -0.429849 0.26566 0.510126 0.776548 1.31785 -0.461624 0.068357 0.163726 0.37526 0.00821816 0.212445 0.84688 0.202109 0.130525 0.400665 0.194115 1.1569 2.43537
internal_weight=65976 64156 62009 48675 46450 19368 27082 23145 22920 13334 2461 3937 3728 10873 2430 1595 766 2225 1153 9375 3972 5403 9961 912 9923 8320 2876 2259 617 152
internal_count=65976 64156 62009 48675 46450 19368 27082 23145 22920 13334 2461 3937 3728 10873 2430 1595 766 2225 1153 9375 3972 5403 9961 912 9923 8320 2876 2259 617 152
is_linear=0
shrinkage=0.05


Tree=118
num_leaves=31
num_cat=2
split_feature=4 3 4 61 61 4 13 72 3 58 71 62 4 57 74 3 69 68 57 71 60 4 75 13 74 73 21 72 9 2
split_gain=173530 235472 439073 296151 233232 299167 253471 194157 192008 169805 166975 148815 147063 142973 141263 140541 195202 136230 134277 129224 119805 115549 236782 138686 130292 164862 132755 120780 123819 101477
threshold=3.5000000000000004 7.5000000000000009 1.5000000000000002 1066.0376582755603 1005.7265923351251 1.5000000000000002 0 23.208333333333339 1.0000000180025095e-35 725.2505000000001 2.1583333333333341 1151.6340000000002 2.5000000000000004 1651.2740000000001 -2.1333333333333355 21.500000000000004 126.37513888888887 4.762500000000002 765.14344850800205 25.275000000000006 1212.6650000000002 6.5000000000000009 1611.0641042860404 1 4.5500000000000007 3.2500000000000031 0.65000000000000002 26.850000000000005 1.0000000180025095e-35 30.500000000000004
decision_type=2 2 2 2 2 2 9 2 2 2 2 2 2 2 2 2 2 2 2 2 2 2 2 9 2 2 2 2 2 2
left_child=1 2 3 -1 5 11 7 15 -2 -10 -8 -3 19 -5 -11 16 18 -12 -6 -4 -20 23 27 24 25 26 -16 28 -23 -18
right_child=8 4 12 13 6 -7 10 -9 9 14 17 -13 -14 -15 21 -17 29 -19 20 -21 -22 22 -24 -25 -26 -27 -28 -29 -30 -31
leaf_value=-0.41252300998538555 0.47071368900180471 1.5328066138814578 0.25739604745794231 -1.6704910303985709 -2.0319977062089101 0.26568784819083646 -5.1087428905747156 0.6195985330451288 -0.92807337450111904 0.10298178800967886 3.0997895302979845 4.9526565776151772 -0.11112429401802484 -6.013193821907044 -0.1016560676567196 -0.35577991341738868 0.5270141517021204 -0.8202699294549296 0.17431560512368685 1.2653104812819977 -0.22602371340917735 -0.32470246269945102 -1.4175239345638564 -1.5018779445858397 0.23442871912501057 -0.72205360583404155 0.77211284305925343 0.43765639490580233 2.4669142664968966 -0.93974614992096539
leaf_weight=2762 1571 494 2785 362 77 940 22 2204 600 8142 23 34 3144 20 15809 1424 3526 609 6814 359 2575 5685 453 159 3112 1057 447 605 40 122
leaf_count=2762 1571 494 2785 362 77 940 22 2204 600 8142 23 34 3144 20 15809 1424 3526 609 6814 359 2575 5685 453 159 3112 1057 447 605 40 122
internal_value=-0.000136263 0.0934383 -0.110544 -0.592993 0.195429 0.800643 0.144357 0.18218 -0.0704066 -0.0939492 -0.814219 1.75302 0.130681 -1.89786 -0.0798549 0.115991 0.167219 -0.67761 0.0474658 0.372486 0.0645197 -0.134251 -0.313226 -0.0752736 -0.0634018 -0.116973 -0.0776296 -0.234198 -0.305198 0.477961
internal_weight=65976 28296 9432 3144 18864 1468 17396 16742 37680 36109 654 528 6288 382 35509 14538 13114 632 9466 3144 9389 27367 6783 20584 20425 17313 16256 6330 5725 3648
internal_count=65976 28296 9432 3144 18864 1468 17396 16742 37680 36109 654 528 6288 382 35509 14538 13114 632 9466 3144 9389 27367 6783 20584 20425 17313 16256 6330 5725 3648
cat_boundaries=0 1 2
cat_threshold=17 27
is_linear=0
shrinkage=0.05


Tree=119
num_leaves=31
num_cat=0
split_feature=0 70 72 33 1 1 1 72 73 1 2 55 4 2 2 1 57 75 73 60 35 70 2 71 1 65 1 69 75 70
split_gain=171339 140342 135442 199162 192129 225019 167402 158743 151690 129930 125963 124459 148145 122283 117798 122067 185665 232213 116798 110418 155052 153091 108111 153448 107053 249638 114981 129608 106799 101725
threshold=2020.5000000000002 34.291666666666679 2.9833333333333338 28.500000000000004 3.5000000000000004 1.5000000000000002 7.5000000000000009 21.991666666666671 -2.9999999999999982 2.5000000000000004 11.500000000000002 0.62500000000000011 1.5000000000000002 25.500000000000004 18.500000000000004 1.5000000000000002 1223.8824897040702 1204.2676173544435 -0.13333333333333239 1290.3870000000002 55.500000000000007 27.566666666666674 1.5000000000000002 7.5083333333333337 5.5000000000000009 1.0000000180025095e-35 6.5000000000000009 31.173611111111132 1880.3816666666669 -0.97499999999999998
decision_type=2 2 2 2 2 2 2 2 2 2 2 2 2 2 2 2 2 2 2 2 2 2 2 2 2 2 2 2 2 2
left_child=19 2 3 8 5 10 7 28 -2 -7 22 12 29 -11 15 16 17 -5 -9 21 -21 24 23 -4 25 -1 -26 -28 -6 -10
right_child=1 -3 4 14 6 9 -8 18 11 13 -12 -13 -14 -15 -16 -17 -18 -19 -20 20 -22 -23 -24 -25 26 -27 27 -29 -30 -31
leaf_value=-0.07517659923961971 0.93609926403596477 1.0310846889251344 -2.5865219329794247 1.8588864796089404 0.094550497665317826 -0.74927556282100083 -0.04392732568087291 0.1211126858846836 2.4342450285303423 -0.024566436265761684 -0.15622632249943644 0.34049597964359857 -0.54311962235373079 -0.85330648680444787 0.29185719697794937 0.82849588562091692 1.2300978212003355 8.2474065399169927 0.60183500099564979 -0.22885125546406024 -1.2032178052078821 0.94921495832163272 0.71155950719488825 1.5793159336703164 0.39505313379788171 -0.72934423594715136 -0.22321129589454572 0.14646626174805646 -1.1782968107921383 0.13748052305541933
leaf_weight=8113 435 372 60 33 8651 1831 13878 2060 69 2084 1347 1101 1388 566 777 710 135 25 3268 3762 458 373 1023 35 1832 1778 4723 4761 168 160
leaf_count=8113 435 372 60 33 8651 1831 13878 2060 69 2084 1347 1101 1388 566 777 710 135 25 3268 3762 458 373 1023 35 1832 1778 4723 4761 168 160
internal_value=-0.000140832 0.0644292 0.0553951 0.303496 0.0211075 -0.214299 0.0794529 0.200487 0.0692036 -0.425372 0.169401 -0.069538 -0.348726 -0.201573 0.743212 1.13159 2.24659 4.61256 0.41597 -0.10069 -0.3346 -0.0549485 0.561726 -1.05174 -0.0726102 -0.192769 0.0324175 -0.0376319 0.070303 0.829519
internal_weight=65976 40176 39804 4833 34971 6946 28025 14147 3153 4481 2465 2718 1617 2650 1680 903 193 58 5328 25800 4220 21580 1118 95 21207 9891 11316 9484 8819 229
internal_count=65976 40176 39804 4833 34971 6946 28025 14147 3153 4481 2465 2718 1617 2650 1680 903 193 58 5328 25800 4220 21580 1118 95 21207 9891 11316 9484 8819 229
is_linear=0
shrinkage=0.05


Tree=120
num_leaves=31
num_cat=0
split_feature=71 72 1 73 69 72 40 57 60 73 57 37 61 43 2 3 62 68 72 63 4 71 73 3 57 4 9 5 75 59
split_gain=159917 164247 157531 262665 215551 202981 205112 170703 148220 303403 191593 178133 148825 145422 136027 377304 135975 129762 129247 118934 118905 142307 115245 114970 152062 112088 139206 104688 104471 114511
threshold=31.850000000000005 -3.4499999999999997 3.5000000000000004 1.2166666666666657 141.61000000000004 6.1416666666666675 80.500000000000014 1256.7745000000002 1287.1553612814253 -2.5999999999999988 1100.0090000000002 8.5000000000000018 999.6592288047766 0.37500000000000006 30.500000000000004 18.500000000000004 1452.0795000000003 8.9375000000000018 0.31666666666666671 1616.1680000000003 1.5000000000000002 24.833333333333339 0.76666666666667116 8.5000000000000018 1451.2130000000002 2.5000000000000004 1.0000000180025095e-35 1.0000000180025095e-35 1639.1330000000003 983.90350000000012
decision_type=2 2 2 2 2 2 2 2 2 2 2 2 2 2 2 2 2 2 2 2 2 2 2 2 2 2 2 2 2 2
left_child=1 -1 3 5 8 6 -3 -5 10 -10 27 20 -12 17 25 19 -14 -9 -8 -16 23 -22 -2 24 -11 26 -6 -4 29 -27
right_child=22 2 4 7 14 -7 18 13 9 11 12 -13 16 -15 15 -17 -18 -19 -20 -21 21 -23 -24 -25 -26 28 -28 -29 -30 -31
leaf_value=0.52894371158250875 0.21980677563470685 -0.040732072962654159 -0.045419480552666536 -0.29793868864251077 0.72382000743997654 -0.27536055027346429 1.7471239053067706 -1.0362565178801733 -1.3248169000237497 -0.83403289872322162 0.78563428869451246 -0.42259713701578661 0.066804146960420807 -0.3353258490175009 -1.1957162640690804 -7.5822246170043943 0.59812897078513838 -2.5629580307790905 0.43723720960546769 1.948823728672294 -0.28754149200558621 0.32338674477948903 1.1308422391574762 0.22462804053710506 -4.0958651013490632 -0.057743589887293084 -1.6860012271231222 -0.61286293973653194 -0.19692385248166044 0.53006937703093404
leaf_weight=1369 1234 4138 18581 3531 1793 4677 210 513 566 278 945 3162 9791 500 100 20 1373 191 1824 43 1364 3165 483 224 41 1273 62 850 1302 2373
leaf_count=1369 1234 4138 18581 3531 1793 4677 210 513 566 278 945 3162 9791 500 100 20 1373 191 1824 43 1364 3165 483 224 41 1273 62 850 1302 2373
internal_value=-0.00013379 -0.0128584 -0.0246524 -0.162526 0.0207672 -0.0269144 0.161352 -0.473244 -0.0235845 -0.20503 0.0270406 -0.128056 0.183148 -0.987365 0.277607 -1.1498 0.132149 -1.45046 0.572476 -0.250155 0.0555673 0.139393 0.476085 -0.6436 -1.25327 0.311808 0.643276 -0.070242 0.187541 0.324835
internal_weight=65976 64259 62890 15584 47306 10849 6172 4735 40340 8800 31540 8234 12109 1204 6966 163 11164 704 2034 143 5072 4529 1717 543 319 6803 1855 19431 4948 3646
internal_count=65976 64259 62890 15584 47306 10849 6172 4735 40340 8800 31540 8234 12109 1204 6966 163 11164 704 2034 143 5072 4529 1717 543 319 6803 1855 19431 4948 3646
is_linear=0
shrinkage=0.05


Tree=121
num_leaves=31
num_cat=0
split_feature=0 69 1 73 71 60 62 73 73 37 60 70 35 1 1 65 1 69 37 54 16 61 68 75 0 0 72 2 67 73
split_gain=155958 125573 154744 120018 114249 212977 178676 137095 123775 113607 101299 136502 135607 99604.5 96241.7 216911 110818 117296 94810.3 117452 133679 97870.4 113879 94425.4 92054.7 149166 105790 91951.3 91807.7 106165
threshold=2020.5000000000002 194.13777777777787 3.5000000000000004 -0.33333333333333254 26.850000000000005 1415.6740000000002 1491.0266734689051 -3.5666666666666687 1.0166666666666704 14.500000000000002 1290.3870000000002 29.441666666666674 55.500000000000007 1.5000000000000002 5.5000000000000009 1.0000000180025095e-35 6.5000000000000009 31.173611111111132 95.500000000000014 0.12500000000000003 1.0000000180025095e-35 1131.6137817799302 10.187500000000002 1173.1058283625568 2021.5000000000002 2022.5000000000002 -0.62499999999999967 18.500000000000004 -0.12499999999999985 -4.8666666666666636
decision_type=2 2 2 2 2 2 2 2 2 2 2 2 2 2 2 2 2 2 2 2 2 2 2 2 2 2 2 2 2 2
left_child=10 4 3 24 5 6 -2 -7 9 -6 11 14 -12 27 15 18 -16 -18 21 20 -20 -1 -23 -22 26 -26 -3 -5 -17 -30
right_child=1 2 -4 13 8 7 -8 -9 -10 -11 12 -13 -14 -15 16 28 17 -19 19 -21 23 22 -24 -25 25 -27 -28 -29 29 -31
leaf_value=-0.045322719792162514 -0.0068287527655428969 2.197373318253085 0.56852509814952568 0.99831057399813394 0.30840989822623266 -2.3870331339622761 0.51508135665830934 -0.37909118242107337 0.8037876743631579 -0.36617834882540889 -0.22120478018174558 1.3345278871923008 -1.1324285476891462 -0.38277884258417366 0.38333506789359895 0.84619903182412726 -0.21161651992649283 0.13845232243264685 0.23656474130474173 -0.15721855810331031 2.0825270740073867 -0.25828382665866256 -1.266120551578902 -0.14520296039151365 -0.4188104868742234 0.50754944591377071 0.48956647044904172 -0.15692635510767838 -2.9199229112538427 -0.68680041505703249
leaf_weight=5013 24604 128 2499 296 2304 88 1757 2500 855 856 3762 176 458 1652 1904 94 4725 4848 530 785 216 1156 370 61 667 1247 311 412 55 1647
leaf_count=5013 24604 128 2499 296 2304 88 1757 2500 855 856 3762 176 458 1652 1904 94 4725 4848 530 785 216 1156 370 61 667 1247 311 412 55 1647
internal_value=-0.000127101 0.0614767 0.250461 0.0818125 0.0201299 -0.014536 0.0279573 -0.447367 0.270079 0.125673 -0.0960572 -0.0522451 -0.320101 -0.170129 -0.0636482 -0.177649 0.0349568 -0.0343331 -0.0678037 0.278223 0.701794 -0.152048 -0.502648 1.59194 0.334503 0.184727 0.987515 0.326054 -0.674952 -0.758964
internal_weight=65976 40176 7212 4713 32964 28949 26361 2588 4015 3160 25800 21580 4220 2360 21404 9927 11477 9573 8131 1592 807 6539 1526 277 2353 1914 439 708 1796 1702
internal_count=65976 40176 7212 4713 32964 28949 26361 2588 4015 3160 25800 21580 4220 2360 21404 9927 11477 9573 8131 1592 807 6539 1526 277 2353 1914 439 708 1796 1702
is_linear=0
shrinkage=0.05


Tree=122
num_leaves=31
num_cat=2
split_feature=4 3 4 57 13 3 70 3 4 61 75 3 57 68 3 72 4 13 75 72 0 57 58 4 3 75 71 38 5 57
split_gain=149388 202461 439822 216992 208752 173934 168710 149264 146241 230837 210345 182785 203905 160493 158212 139266 191934 227448 185025 134713 118537 118215 119146 112568 120083 112255 107288 105919 101203 124230
threshold=3.5000000000000004 6.5000000000000009 1.5000000000000002 1451.2130000000002 0 1.0000000180025095e-35 2.5250000000000008 17.500000000000004 1.5000000000000002 1015.3567807755601 1952.7410000000002 18.500000000000004 957.32370500000013 1.7875000000000005 8.5000000000000018 25.408333333333335 6.5000000000000009 1 1296.1510000000003 6.991666666666668 2022.5000000000002 963.41675124551409 1058.6665000000003 2.5000000000000004 1.0000000180025095e-35 1075.6993333333337 3.4250000000000003 94.500000000000014 1.0000000180025095e-35 1263.4405000000002
decision_type=2 2 2 2 9 2 2 2 2 2 2 2 2 2 2 2 2 9 2 2 2 2 2 2 2 2 2 2 2 2
left_child=1 2 3 21 8 -2 -6 15 9 14 11 12 -11 -14 20 16 17 28 -18 -8 -3 22 -1 24 -4 -16 -9 -13 -7 -30
right_child=5 4 23 -5 6 7 19 26 -10 10 -12 27 13 -15 25 -17 18 -19 -20 -21 -22 -23 -24 -25 -26 -27 -28 -29 29 -31
leaf_value=-0.41739819303652903 0.44970217984440047 1.1531803174293997 1.1717070266879319 -3.6638010664232845 -4.9784578209831603 -0.075220265986896018 1.3490173900222526 0.90305540198533185 0.11111491786555108 -0.063189895309220728 3.0682554124006587 -0.004642866796000374 2.3188480314375757 0.6140360037875453 1.6262243566791217 0.1299001661847724 -0.29817946800935902 -2.2116264215204864 -0.99406066984429209 -0.64526193225861261 -0.47708355119865803 -1.0915536893768547 2.4105722621867534 -0.089786593954819249 0.22767165273422432 4.6266206236446612 0.048655188001442924 -1.0723307058161347 -0.5866438093690951 -3.6448726058006287
leaf_weight=1875 1571 293 393 58 21 16559 94 383 12716 1278 67 1439 147 2268 375 3854 4481 118 1214 854 180 780 38 2751 2358 34 9036 277 428 36
leaf_count=1875 1571 293 393 58 21 16559 94 383 12716 1278 67 1439 147 2268 375 3854 4481 118 1214 854 180 780 38 2751 2358 34 9036 277 428 36
internal_value=-0.000120746 0.0867009 -0.121726 -0.637925 0.172524 -0.0653199 -0.540137 -0.0877271 0.208902 0.404805 0.283894 0.249405 0.447535 0.717807 1.15549 -0.148118 -0.195038 -0.111485 -0.44652 -0.447517 0.532784 -0.572756 -0.361223 0.136374 0.362534 1.87565 0.0833972 -0.176991 -0.0955716 -0.82392
internal_weight=65976 28296 8253 2751 20043 37680 969 36109 19074 6358 5476 5409 3693 2415 882 26690 22836 17141 5695 948 473 2693 1913 5502 2751 409 9419 1716 17023 464
internal_count=65976 28296 8253 2751 20043 37680 969 36109 19074 6358 5476 5409 3693 2415 882 26690 22836 17141 5695 948 473 2693 1913 5502 2751 409 9419 1716 17023 464
cat_boundaries=0 1 2
cat_threshold=1 27
is_linear=0
shrinkage=0.05


Tree=123
num_leaves=31
num_cat=1
split_feature=57 2 0 64 69 20 73 1 1 13 2 73 2 37 14 3 33 54 1 2 1 73 68 70 70 72 5 4 72 72
split_gain=144283 149483 143959 164422 136098 148032 122276 135539 151076 128435 120611 185163 117189 117138 115349 111053 109875 104297 101064 133338 101937 95094.6 93058.2 92205 90852.9 87656.1 85258.9 134137 84899.1 111163
threshold=732.09150000000011 1.5000000000000002 2023.5000000000002 1.0000000180025095e-35 80.700277777777799 0.15000000000000005 -4.8666666666666636 4.5000000000000009 7.5000000000000009 0 25.500000000000004 3.1000000000000014 23.500000000000004 13.500000000000002 1.9500000000000002 9.5000000000000018 50.500000000000007 0.95833333350000005 1.5000000000000002 23.500000000000004 3.5000000000000004 -8.4249999999999972 -5.5374999999999988 34.291666666666679 15.325000000000001 24.158333333333342 1.0000000180025095e-35 6.5000000000000009 25.558333333333337 7.9666666666666677
decision_type=2 2 2 2 2 2 2 2 2 9 2 2 2 2 2 2 2 2 2 2 2 2 2 2 2 2 2 2 2 2
left_child=-1 25 3 4 6 22 24 18 9 -9 12 -12 21 -11 -5 -7 -17 -18 -8 26 -21 -4 -6 -14 -3 -2 -20 -28 29 -23
right_child=1 2 10 14 5 15 7 8 -10 13 11 -13 23 -15 -16 16 17 -19 19 20 -22 28 -24 -25 -26 -27 27 -29 -30 -31
leaf_value=-0.40994787780012792 -0.54360390032983597 0.011574802832677962 2.6913404784704511 -0.35595511601138669 0.97453690355909728 -0.0015632151547397511 0.64278477099976805 -1.1062171000689269 -0.11069838801453276 0.34901962669334657 -0.05287898938640781 -2.2287804901599886 0.70266417814883941 -0.0067354444382419056 -2.1191341334550651 0.33624479897954712 1.8677723562545581 0.33813438085110292 -0.53271907234323901 -0.57214639258988365 0.40382959290540649 0.36481339127634016 0.055413206198395806 3.7816861655712133 -1.9289441107723275 0.30739122559019838 -4.7516481069723771 0.38847975134849549 0.51845925001686655 -0.016186178862062046
leaf_weight=2080 1770 100 38 2122 280 521 258 190 13858 4744 2359 102 887 4517 97 458 362 161 2664 410 770 2992 16723 25 152 365 30 22 1603 5316
leaf_count=2080 1770 100 38 2122 280 521 258 190 13858 4744 2359 102 887 4517 97 458 362 161 2664 410 770 2992 16723 25 152 365 30 22 1603 5316
internal_value=-0.00013147 0.0132092 0.0274283 -0.0126049 0.00757954 0.112581 -0.0625285 -0.0524683 -0.00557624 0.148564 0.172989 -0.143063 0.244604 0.175313 -0.43303 0.588388 0.901706 1.39689 -0.31559 -0.379055 0.0647193 0.194878 0.070549 0.787067 -1.1589 -0.398118 -0.571858 -2.57698 0.185306 0.121025
internal_weight=65976 63896 61761 48439 46220 18505 27715 27463 23309 9451 13322 2461 10861 9261 2219 1502 981 523 4154 3896 1180 9949 17003 912 252 2135 2716 52 9911 8308
internal_count=65976 63896 61761 48439 46220 18505 27715 27463 23309 9451 13322 2461 10861 9261 2219 1502 981 523 4154 3896 1180 9949 17003 912 252 2135 2716 52 9911 8308
cat_boundaries=0 1
cat_threshold=2
is_linear=0
shrinkage=0.05


Tree=124
num_leaves=31
num_cat=1
split_feature=70 69 1 35 3 1 3 68 33 61 72 2 69 73 1 19 72 3 68 73 1 13 72 75 34 0 4 62 2 63
split_gain=136954 141108 146454 221668 240875 184033 167536 206297 157796 155396 144803 404615 255588 232074 219436 263537 215628 214296 173341 152873 148994 140453 132535 181526 118718 108606 134461 106251 98209.4 96165.1
threshold=32.808333333333344 445.56180555555562 3.5000000000000004 52.500000000000007 10.500000000000002 1.5000000000000002 20.500000000000004 12.612500000000002 30.500000000000004 996.54229427993107 8.3750000000000018 30.500000000000004 43.780277777777755 -0.83333333333333115 11.500000000000002 1.0000000180025095e-35 12.008333333333336 19.500000000000004 16.337500000000006 -4.3083333333333336 7.5000000000000009 0 0.31666666666666671 1151.2804193333334 87.500000000000014 2022.5000000000002 1.5000000000000002 1283.8911622795451 2.5000000000000004 1056.6762209786452
decision_type=2 2 2 2 2 2 2 2 2 2 2 2 2 2 2 2 2 2 2 2 2 9 2 2 2 2 2 2 2 2
left_child=1 2 3 5 -5 -1 7 8 -6 -7 11 12 -4 16 15 25 -12 -13 -15 -18 -20 -21 -10 28 -17 -14 -27 -16 -24 -11
right_child=-2 -3 10 4 6 9 -8 -9 22 29 13 17 14 18 27 24 19 -19 20 21 -22 -23 23 -25 -26 26 -28 -29 -30 -31
leaf_value=0.03670680663091562 0.56334822359235914 0.47013912235459365 -0.23907431288298173 -0.29011331137924351 -0.010230705957046622 -0.12615696976821703 -0.32027724601194396 -0.48415646690853759 1.6889918843129887 -1.4301567552759671 0.26629425039724508 -1.5224920493949738 0.28142670834299527 -0.12568411539090604 0.052262149575049904 0.89955639779567731 -1.1129466655883673 -6.642356034278869 0.25793570983561825 -1.2569757260645138 -0.0092581968302600515 -0.21778405641952714 3.597684527552405 0.25384219303451688 2.7586134786575531 2.8735335696884929 0.80904595050504635 0.75087682265136391 1.1294294593629437 -0.59863022920536235
leaf_weight=2272 1061 1499 1721 3253 788 1864 928 519 362 389 1955 112 989 8945 2446 135 560 25 11531 330 9529 8147 43 1136 236 94 490 700 642 3275
leaf_count=2272 1061 1499 1721 3253 788 1864 928 519 362 389 1955 112 989 8945 2446 135 560 25 11531 330 9529 8147 43 1136 236 94 490 700 642 3275
internal_value=-0.000133279 -0.00934307 -0.0206769 -0.154439 0.0364071 -0.342129 0.276826 0.435597 0.596268 -0.49783 0.0224858 0.233559 0.287674 -0.0132861 0.465775 0.88341 -0.209833 -2.45677 0.0587166 -0.312835 0.137039 -0.259978 0.815196 0.641493 2.08214 0.600684 1.14134 0.207707 1.28437 -0.686912
internal_weight=65976 64915 63416 15471 7671 7800 4418 3490 2971 5528 47945 6948 6811 40997 5090 1944 10992 137 30005 9037 21060 8477 2183 1821 371 1573 584 3146 685 3664
internal_count=65976 64915 63416 15471 7671 7800 4418 3490 2971 5528 47945 6948 6811 40997 5090 1944 10992 137 30005 9037 21060 8477 2183 1821 371 1573 584 3146 685 3664
cat_boundaries=0 1
cat_threshold=22
is_linear=0
shrinkage=0.05


Tree=125
num_leaves=31
num_cat=0
split_feature=0 70 73 4 3 4 57 61 66 1 1 3 3 2 57 58 4 61 75 59 70 37 63 16 72 64 61 4 60 0
split_gain=134278 109738 106404 106096 134712 255909 232214 141435 126012 124198 119715 123985 112820 110325 102644 129677 101175 100323 112335 99017.3 117178 114633 94092.9 136379 126264 127316 95912.4 123181 175731 91509.1
threshold=2020.5000000000002 35.008333333333333 -8.4249999999999972 2.5000000000000004 8.5000000000000018 1.5000000000000002 1408.5852685000002 973.17294921471012 20.675000000000008 1.5000000000000002 5.5000000000000009 11.500000000000002 1.0000000180025095e-35 4.5000000000000009 912.28400796193557 987.06500000000017 6.5000000000000009 1108.7574114458153 1122.0046666666669 1256.7745000000002 28.141666666666669 35.500000000000007 927.47150000000011 1.0000000180025095e-35 6.6916666666666682 1.0000000180025095e-35 996.54229427993107 1.5000000000000002 942.85300000000007 2019.5000000000002
decision_type=2 2 2 2 2 2 2 2 2 2 2 2 2 2 2 2 2 2 2 2 2 2 2 2 2 2 2 2 2 2
left_child=19 2 -2 4 5 6 14 -6 -7 13 17 -12 16 -9 15 -4 -5 18 -11 20 22 29 -1 26 25 -25 27 28 -24 -21
right_child=1 -3 3 12 7 8 -8 9 -10 10 11 -13 -14 -15 -16 -17 -18 -19 -20 21 -22 -23 23 24 -26 -27 -28 -29 -30 -31
leaf_value=-0.18796750744038582 1.3184210103885694 1.2558140638107924 -0.12026809984376018 0.24044328442846954 2.5611347407048597 0.16915034651492122 -3.0757201117277146 2.4219094761141711 1.2005072749248695 0.33591207340716522 0.95592301014998116 0.25033086161785784 -0.02644274909374407 0.65723387648683873 -0.72530708050263715 2.6783860647401148 1.3927877115289204 -0.22145424158497976 3.0237739484934583 0.04677979468901431 1.1577453901272008 -0.68595225396177173 2.060385766101243 1.2300570289660901 0.039926931950971932 -0.46810069926527903 -0.11459319809171127 0.10523650132001837 -0.37493620290089463 -0.46218112877793094
leaf_weight=7883 165 190 1106 954 69 1787 80 105 355 522 780 3085 27232 566 915 43 238 1942 42 2336 202 1329 199 626 835 134 8315 2403 118 1420
leaf_count=7883 165 190 1106 954 69 1787 80 105 355 522 780 3085 27232 566 915 43 238 1942 42 2336 202 1329 199 626 835 134 8315 2403 118 1420
internal_value=-0.000137792 0.057024 0.0513278 0.0460775 0.174965 -0.0464554 -0.43263 0.308421 0.34008 0.286348 0.218203 0.392727 -0.00560169 0.933375 -0.330185 -0.0155317 0.470525 -0.0509655 0.536072 -0.0891507 -0.0406198 -0.286854 -0.0524206 0.0321809 0.464344 0.930645 -0.0302841 0.227448 1.15386 -0.145639
internal_weight=65976 40176 39986 39821 11397 4286 2144 7111 2142 7042 6371 3865 28424 671 2064 1149 1192 2506 564 25800 20715 5085 20513 12630 1595 760 11035 2720 317 3756
internal_count=65976 40176 39986 39821 11397 4286 2144 7111 2142 7042 6371 3865 28424 671 2064 1149 1192 2506 564 25800 20715 5085 20513 12630 1595 760 11035 2720 317 3756
is_linear=0
shrinkage=0.05


Tree=126
num_leaves=31
num_cat=1
split_feature=2 0 64 13 4 2 38 75 69 68 19 47 72 1 1 31 1 73 61 2 0 61 68 2 60 0 14 2 32 57
split_gain=129747 139738 135685 117169 198103 178599 121496 115577 112736 107050 106279 217817 168974 120080 135199 136544 112101 150420 130095 124650 112281 106272 105996 161041 144816 104640 101937 99998.5 98815.1 98111
threshold=1.5000000000000002 2023.5000000000002 1.0000000180025095e-35 0 6.5000000000000009 30.500000000000004 10.500000000000002 1514.6803333333337 327.91180555555565 -4.6624999999999988 0.15000000000000005 1.0000000180025095e-35 7.1000000000000005 4.5000000000000009 7.5000000000000009 1.0000000180025095e-35 1.5000000000000002 -5.6416666666666657 1144.7620000000004 9.5000000000000018 2019.5000000000002 1569.5295414689051 9.9625000000000039 30.500000000000004 1269.6915000000001 2020.5000000000002 1.9500000000000002 9.5000000000000018 30.500000000000004 1071.7740000000001
decision_type=2 2 2 9 2 2 2 2 2 2 2 2 2 2 2 2 2 2 2 2 2 2 2 2 2 2 2 2 2 2
left_child=-1 2 3 9 5 6 7 21 -3 -2 13 12 29 16 15 25 19 -18 -19 -11 -21 -5 23 -16 -25 -15 -4 -6 -20 -12
right_child=1 8 26 4 27 -7 -8 -9 -10 10 11 -13 -14 14 22 -17 17 18 28 20 -22 -23 -24 24 -26 -27 -28 -29 -30 -31
leaf_value=-0.37917119974118585 0.79636533257709641 0.12051877372083319 -0.33256320496094988 -0.38961472731010327 3.8875150387485826 -5.0274128437042238 -1.4882112755117909 -2.2053056718551951 0.74442652002386855 0.69134227202776133 2.2879301643030985 -0.099822301876471356 0.16521103884290606 0.10800682320775515 0.20702493389177576 0.017679622181482495 0.88212316186601925 -0.14446907071069848 -0.8584612982994555 -1.263892725496679 0.087698578161044746 1.3105490248718046 -0.11654770258590644 -0.67851061022158754 -4.7054826415818312 0.56993899241382695 -1.9581233709607977 0.48547124531361519 -0.24998668298433624 0.93611103709230936
leaf_weight=2183 424 12649 2137 559 24 24 315 73 768 764 175 1731 685 2220 4500 6764 300 7255 1328 185 907 110 14798 97 29 2738 101 216 1341 576
leaf_count=2183 424 12649 2137 559 24 24 315 73 768 764 175 1731 685 2220 4500 6764 300 7255 1328 185 907 110 14798 97 29 2738 101 216 1341 576
internal_value=-0.000130902 0.0128399 -0.0253507 -0.00765734 -0.470251 -0.762318 -0.665476 -0.316202 0.156232 0.00549458 -0.00173225 0.277854 0.733118 -0.0222165 0.0296834 0.163782 -0.15603 -0.220927 -0.254272 0.201459 -0.14128 -0.110066 -0.0512425 0.157661 -1.60535 0.363104 -0.405924 0.825676 -0.552742 1.25112
internal_weight=65976 63793 50376 48138 1321 1081 1057 742 13417 46817 46393 3167 1436 43226 31146 11722 12080 10224 9924 1856 1092 669 19424 4626 126 4958 2238 240 2669 751
internal_count=65976 63793 50376 48138 1321 1081 1057 742 13417 46817 46393 3167 1436 43226 31146 11722 12080 10224 9924 1856 1092 669 19424 4626 126 4958 2238 240 2669 751
cat_boundaries=0 1
cat_threshold=9
is_linear=0
shrinkage=0.05


Tree=127
num_leaves=31
num_cat=1
split_feature=71 60 69 62 73 73 4 60 13 57 75 71 3 61 60 4 7 61 4 57 69 68 0 75 75 61 3 71 73 57
split_gain=124692 174840 246361 227197 166322 165314 141271 198411 185373 241435 145104 135746 135453 215383 187061 172382 159839 169205 191100 135008 134980 133634 160562 130145 126374 143351 116823 106363 134720 103764
threshold=26.850000000000005 1358.5231436958902 162.56250000000009 1491.0266734689051 0.75833333333333297 -4.3083333333333336 5.5000000000000009 1009.5020000000001 0 1229.5090000000002 1296.1510000000003 8.4750000000000032 7.5000000000000009 996.54229427993107 1087.2760873573802 1.5000000000000002 1.0000000180025095e-35 999.6592288047766 1.5000000000000002 887.8075 110.95111111111113 10.412500000000003 2022.5000000000002 1383.6600000000003 850.21000000000015 825.58173095103655 11.500000000000002 15.741666666666669 0.66666666666666652 1326.7073570628352
decision_type=2 2 2 2 2 2 2 2 9 2 2 2 2 2 2 2 2 2 2 2 2 2 2 2 2 2 2 2 2 2
left_child=1 3 5 6 -2 -3 8 10 12 -10 -8 -12 13 15 16 -1 17 18 -14 -15 -9 22 -16 -22 25 -17 -25 28 -23 -7
right_child=4 2 -4 -5 -6 29 7 20 9 -11 11 -13 14 19 21 24 -18 -19 -20 -21 23 27 -24 26 -26 -27 -28 -29 -30 -31
leaf_value=-0.3444773280754187 0.047207031257564785 -2.6344979569807161 0.048689072951831516 0.50695763479457356 0.59081993070086036 -0.16229638048930287 -0.30809972580730643 -0.11866784908132633 -0.4933682880717461 -4.2957997904582461 -2.3487373341089008 -0.41815322888746898 1.8378897871360191 -2.0665304711420145 0.028638355967003912 0.2007798921259791 -0.20471476717877857 0.27130403460754032 0.50518687563522524 -0.4176627820365717 0.46327289913967129 -0.080665421209286825 0.77433176922714519 -1.4335140067082579 0.38276138174896129 -0.32600842524835694 0.4283858995933037 0.026720588669310638 -0.77792186896227944 -0.69707970248736628
leaf_weight=2453 5007 91 3558 2192 1957 1538 5348 6228 815 44 174 191 374 132 2892 3125 1462 8106 958 2086 2129 1573 962 186 3146 2201 154 3445 1238 2211
leaf_count=2453 5007 91 3558 2192 1957 1538 5348 6228 815 44 174 191 374 132 2892 3125 1462 8106 958 2086 2129 1573 962 186 3146 2201 154 3445 1238 2211
internal_value=-0.000124357 -0.0237376 -0.251062 0.00884554 0.199971 -0.528801 -0.0132471 -0.145016 0.0409855 -0.680219 -0.37393 -1.33849 0.0593067 -0.066573 0.13808 0.0246276 0.281765 0.357123 0.879384 -0.515792 0.00535615 -0.0168321 0.214771 0.318204 0.131499 -0.0169184 -0.590183 -0.159511 -0.387746 -0.477689
internal_weight=65976 59012 7398 51614 6964 3840 49422 14410 35012 859 5713 365 34153 13143 21010 10925 10900 9438 1332 2218 8697 10110 3854 2469 8472 5326 340 6256 2811 3749
internal_count=65976 59012 7398 51614 6964 3840 49422 14410 35012 859 5713 365 34153 13143 21010 10925 10900 9438 1332 2218 8697 10110 3854 2469 8472 5326 340 6256 2811 3749
cat_boundaries=0 1
cat_threshold=13
is_linear=0
shrinkage=0.05


Tree=128
num_leaves=31
num_cat=0
split_feature=72 1 73 0 57 53 34 75 75 68 69 73 1 0 60 73 74 62 72 1 69 2 35 2 66 16 1 4 54 17
split_gain=121657 151859 239147 175694 160702 168391 153553 143439 134008 133795 126619 175064 156236 114642 111252 169165 166206 137245 113989 120910 129286 106024 102322 157640 100185 95567.5 92933.9 90140.5 90029.3 123300
threshold=-3.4499999999999997 4.5000000000000009 0.10000000000000232 2024.5000000000002 1256.7745000000002 0.54166666650000017 93.500000000000014 1352.8733333333337 2152.7256666666667 8.7125000000000039 189.52111111111117 -4.3083333333333336 10.500000000000002 2024.5000000000002 1290.3870000000002 -1.2166666666666659 -1.9166666666666674 1452.0795000000003 6.1416666666666675 11.500000000000002 89.302500000000023 1.5000000000000002 5.5000000000000009 26.500000000000004 8.9750000000000032 1.0000000180025095e-35 1.5000000000000002 5.5000000000000009 1.0000000180025095e-35 1.0000000180025095e-35
decision_type=2 2 2 2 2 2 2 2 2 2 2 2 2 2 2 2 2 2 2 2 2 2 2 2 2 2 2 2 2 2
left_child=-1 2 6 10 7 9 21 -4 -5 27 11 12 -3 28 17 24 -17 18 -13 20 -20 -2 23 -10 -16 -15 -23 -6 29 -8
right_child=1 3 4 8 5 -7 13 -9 22 -11 -12 14 -14 25 15 16 -18 -19 19 -21 -22 26 -24 -25 -26 -27 -28 -29 -30 -31
leaf_value=0.46630957979073523 -1.0851773986682296 -1.2473788346904016 -0.20246022368760813 0.3859550054257756 -0.37607863554798993 -0.16647421566854292 -0.002718769066195819 3.2606976297249397 5.1647421819407775 -1.9364609080737623 0.31693732827939008 0.46445322370943209 0.75351576797786313 0.7374335443154294 0.70884392141231478 0.1712096284928056 -0.2666068748231748 0.52842875484959306 0.0054205897728961394 -0.37694174871742731 0.45210669128531883 0.27088683820517206 -1.1017392975091933 1.0358164470150786 -0.68478543671363523 2.6490205371663684 -0.14526842929689979 -1.5036174642106959 -0.061603805719371033 0.93476336485581468
leaf_weight=1369 250 487 8923 2118 548 884 640 30 41 329 3308 1454 122 295 140 4511 4173 1491 20085 1875 1762 1812 20 53 1635 84 5167 262 1332 776
leaf_count=1369 250 487 8923 2118 548 884 640 30 41 329 3308 1454 122 295 140 4511 4173 1491 20085 1875 1762 1812 20 53 1635 84 5167 262 1332 776
internal_value=-0.000118139 -0.0100016 -0.119184 0.043819 -0.281799 -0.68428 0.0531664 -0.190856 0.475838 -1.08616 0.0203249 -0.00567731 -0.846543 0.345904 0.00811591 -0.13009 -0.0391782 0.0623213 0.0347169 0.00837698 0.0414466 -0.073461 2.14577 2.83673 -0.574865 1.16111 -0.0372195 -0.740789 0.233472 0.511043
internal_weight=65976 64607 21332 43275 10976 2023 10356 8953 2232 1139 41043 37735 609 3127 37126 10459 8684 26667 25176 23722 21847 7229 114 94 1775 379 6979 810 2748 1416
internal_count=65976 64607 21332 43275 10976 2023 10356 8953 2232 1139 41043 37735 609 3127 37126 10459 8684 26667 25176 23722 21847 7229 114 94 1775 379 6979 810 2748 1416
is_linear=0
shrinkage=0.05


Tree=129
num_leaves=31
num_cat=1
split_feature=57 2 0 64 2 73 19 47 72 3 68 2 17 66 1 1 73 61 2 73 1 60 31 0 32 13 75 56 75 67
split_gain=119554 117551 108556 135512 106079 159554 105672 175607 160551 126674 121442 100112 94403.3 94352.6 84992.1 115527 127616 129885 115652 113617 187605 154420 122071 109577 96094.4 95464.9 175569 106725 112450 85229.3
threshold=725.2505000000001 1.5000000000000002 2023.5000000000002 1.0000000180025095e-35 25.500000000000004 2.9500000000000028 0.15000000000000005 1.0000000180025095e-35 10.958333333333337 12.500000000000002 7.0625000000000018 23.500000000000004 1.7500000000000002 -4.924999999999998 4.5000000000000009 1.5000000000000002 -5.6416666666666657 1144.7620000000004 9.5000000000000018 0.21666666666666948 8.5000000000000018 1322.6396222147102 7.5000000000000009 2019.5000000000002 30.500000000000004 0 1430.4056331687655 1145.2875000000001 975.95646082092696 25.587500000000006
decision_type=2 2 2 2 2 2 2 2 2 2 2 2 2 2 2 2 2 2 2 2 2 2 2 2 2 9 2 2 2 2
left_child=-1 -2 3 6 11 -6 13 8 9 -8 -11 -4 -5 -3 15 18 -17 -18 -15 21 -21 25 -23 -20 -19 26 27 28 -16 -27
right_child=1 2 4 12 5 -7 7 -9 -10 10 -12 -13 -14 14 19 16 17 24 23 20 -22 22 -24 -25 -26 29 -28 -29 -30 -31
leaf_value=-0.39972724998135067 -0.35250312378239645 0.72866682308189135 0.17140323230206506 -0.31630649076865602 -0.055864355768191556 -1.9401773255002703 0.39611747554561377 -0.062175277662147026 -0.39254780109904031 2.7609272685559358 1.0687176285278663 0.71872149941740204 -1.7934816382171814 0.71151210560970046 0.19635279157855473 0.88353933694822195 -0.11857452334217998 -0.83104628285056814 -1.2217270231255182 0.29245995128233376 -0.074848603956559553 -0.11479161061229998 -0.64880176922119392 0.12338573818935331 -0.23157090483095924 0.022157771422399476 -5.2882890701293945 0.85792621650077683 -1.7721026941301437 0.62237616377384863
leaf_weight=1820 2147 425 9961 2111 2343 118 546 1648 275 136 481 912 114 738 122 262 6766 1332 181 7776 6287 2909 1693 926 1342 11675 20 108 179 623
leaf_count=1820 2147 425 9961 2111 2343 118 546 1648 275 136 481 912 114 738 122 262 6766 1332 181 7776 6287 2909 1693 926 1342 11675 20 108 179 623
internal_value=-0.000112232 0.0112242 0.0238179 -0.0108078 0.150217 -0.146213 0.00745129 0.29015 0.693928 0.950834 1.44172 0.217311 -0.391991 -0.012667 -0.0200045 -0.135991 -0.204959 -0.235169 0.226677 0.0226592 0.128251 -0.0630319 -0.311245 -0.0965469 -0.530188 0.0267205 -0.697861 -0.490453 -0.974257 0.0525213
internal_weight=65976 64156 62009 48675 13334 2461 46450 3086 1438 1163 617 10873 2225 43364 42939 11547 9702 9440 1845 31392 14063 17329 4602 1107 2674 12727 429 409 301 12298
internal_count=65976 64156 62009 48675 13334 2461 46450 3086 1438 1163 617 10873 2225 43364 42939 11547 9702 9440 1845 31392 14063 17329 4602 1107 2674 12727 429 409 301 12298
cat_boundaries=0 1
cat_threshold=50
is_linear=0
shrinkage=0.05


Tree=130
num_leaves=31
num_cat=0
split_feature=69 64 1 40 72 3 59 10 3 71 29 72 4 68 2 70 4 34 60 73 3 19 72 74 4 3 73 57 61 14
split_gain=115027 136854 123514 179163 158139 123058 206226 121263 145516 109870 114978 107864 109395 107861 115976 112108 103357 103229 175556 176939 173389 150064 149661 107177 99519.5 359424 99155.9 97325.2 142351 90161.6
threshold=121.73444444444446 1.0000000180025095e-35 3.5000000000000004 40.500000000000007 8.0750000000000028 10.500000000000002 1280.0120000000002 1.0000000180025095e-35 6.5000000000000009 5.5833333333333348 10.500000000000002 25.275000000000006 6.5000000000000009 11.762500000000005 1.5000000000000002 8.1750000000000025 6.5000000000000009 1.5000000000000002 1290.3870000000002 -1.183333333333336 8.5000000000000018 0.15000000000000005 6.9000000000000012 -2.116666666666664 5.5000000000000009 6.5000000000000009 -2.25 1109.2592256462601 1015.3567807755601 4.3500000000000005
decision_type=2 2 2 2 2 2 2 2 2 2 2 2 2 2 2 2 2 2 2 2 2 2 2 2 2 2 2 2 2 2
left_child=2 5 3 16 13 7 9 24 -9 10 -7 -8 -13 14 15 -5 -1 26 20 -20 -19 -22 -23 -21 -2 -26 -4 -28 -29 -3
right_child=1 29 17 4 -6 6 11 8 -10 -11 -12 12 -14 -15 -16 -17 -18 18 19 23 21 22 -24 -25 25 -27 27 28 -30 -31
leaf_value=-0.45080336904414109 0.13386867526668886 -0.2227946894817579 -0.40616475958377124 -4.2052547991275793 -0.53972516618770872 0.39199400001653917 0.063368051759635224 -0.48947765312569091 -5.5672260443369552 0.39389776113583919 1.47695121988374 1.1772517415114361 -1.3117559819817544 -0.33363354909094639 0.51730695659417936 0.39474747699719892 -1.3611286461774457 -0.24213259277657073 -1.0165567489562697 0.095252691771726142 0.035101972464697269 1.7537846150935561 0.33508229386038524 -0.48296598562721532 0.20400489466013136 -1.0460725467306371 -0.018102661164427658 1.1541335612426189 0.17866077304662484 -3.2409883038997651
leaf_weight=2042 6366 2415 1004 26 1006 405 6010 43 21 1759 615 377 50 636 1527 27 368 5846 865 1513 11067 241 813 1704 1628 889 8152 392 8144 25
leaf_count=2042 6366 2415 1004 26 1006 405 6010 43 21 1759 615 377 50 636 1527 27 368 5846 865 1513 11067 241 813 1704 1628 889 8152 392 8144 25
internal_value=-0.000106621 0.0978675 -0.0445947 -0.263732 -0.019834 0.145099 0.273332 0.0130111 -2.15561 0.633303 1.04616 0.117924 0.885799 0.216182 0.4375 -1.86186 -0.589807 -0.0135391 -0.085724 -0.381719 -0.0184755 0.0893951 0.659472 -0.211022 0.0286355 -0.23752 0.0764228 0.105457 0.223458 -0.253719
internal_weight=65976 20603 45373 5632 3222 18163 9216 8947 64 2779 1020 6437 427 2216 1580 53 2410 39741 22049 4082 17967 12121 1054 3217 8883 2517 17692 16688 8536 2440
internal_count=65976 20603 45373 5632 3222 18163 9216 8947 64 2779 1020 6437 427 2216 1580 53 2410 39741 22049 4082 17967 12121 1054 3217 8883 2517 17692 16688 8536 2440
is_linear=0
shrinkage=0.05


Tree=131
num_leaves=31
num_cat=1
split_feature=0 2 1 13 52 1 1 21 69 37 1 67 73 2 61 1 75 0 1 56 72 2 17 72 57 69 56 37 71 0
split_gain=114397 95356.5 152151 114886 206467 138022 156558 200353 189890 161624 148997 125771 114455 113381 112652 111890 126982 105421 151646 105104 103855 195733 156415 101386 100356 95611.6 90714.7 121691 93266.1 116544
threshold=2020.5000000000002 25.500000000000004 3.5000000000000004 0 0.29166666650000006 1.5000000000000002 4.5000000000000009 1.0000000180025095e-35 133.4025 8.5000000000000018 7.5000000000000009 4.6125000000000016 -2.7499999999999982 18.500000000000004 1268.6025000000002 6.5000000000000009 1917.7038333333335 2024.5000000000002 3.5000000000000004 1785.3995000000002 2.8416666666666672 2.5000000000000004 1.0000000180025095e-35 18.458333333333339 1620.4102215088403 327.91180555555565 1257.4626666666668 47.500000000000007 19.958333333333339 2019.5000000000002
decision_type=2 2 2 9 2 2 2 2 2 2 2 2 2 2 2 2 2 2 2 2 2 2 2 2 2 2 2 2 2 2
left_child=26 3 -3 5 11 13 7 12 9 10 -8 -5 -7 20 23 16 -4 -9 -19 -10 21 -2 -23 -14 -11 -21 -1 28 -28 -30
right_child=1 2 15 4 -6 6 8 17 19 24 -12 -13 14 -15 -16 -17 -18 18 -20 25 -22 22 -24 -25 -26 -27 27 -29 29 -31
leaf_value=-0.036995806339280679 5.4014339782573559 -0.50701679327355309 0.40284592413693743 -5.2981445550918584 0.47309146112043265 0.37182872651496879 0.45404657443135737 0.31330488731071138 0.68266037079342112 -0.041275182976867247 0.046286907197262778 -1.4729484375590594 -0.10025339247536452 -0.060285859529283781 -0.60161027894127195 -0.14991287543520904 -1.8623855686280877 -0.47335670734183832 2.6588048644860587 -0.013825238397739635 0.42879988214708575 0.62668787796829584 3.1474432710889881 -1.2534418029616579 -0.77890010893858053 2.0875160949272025 -0.62525943957328955 -0.78259952492192786 0.19471683160269654 -0.45120813645513497
leaf_weight=20923 27 1824 1856 25 158 799 3898 884 2244 7823 5268 153 5098 840 1796 3408 64 57 120 1076 1548 392 73 198 490 57 826 955 2032 1064
leaf_count=20923 27 1824 1856 25 158 799 3898 884 2244 7823 5268 153 5098 840 1796 3408 64 57 120 1076 1548 392 73 198 490 57 826 955 2032 1064
internal_value=-0.000101289 0.0526595 -0.112865 0.0885072 -0.818111 0.0980466 0.0661407 -0.108762 0.141214 0.0748988 0.219694 -2.0102 -0.195498 0.428613 -0.259414 0.0220695 0.327338 0.536321 1.65014 0.484454 0.629924 1.26273 1.02242 -0.143367 -0.0847536 0.091891 -0.0822609 -0.276454 -0.153209 -0.0272677
internal_weight=65976 40176 7152 33024 336 32688 29808 8952 20856 17479 9166 178 7891 2880 7092 5328 1920 1061 177 3377 2040 492 465 5296 8313 1133 25800 4877 3922 3096
internal_count=65976 40176 7152 33024 336 32688 29808 8952 20856 17479 9166 178 7891 2880 7092 5328 1920 1061 177 3377 2040 492 465 5296 8313 1133 25800 4877 3922 3096
cat_boundaries=0 1
cat_threshold=27
is_linear=0
shrinkage=0.05


Tree=132
num_leaves=31
num_cat=1
split_feature=72 71 73 60 69 57 62 21 3 72 2 37 73 3 4 48 1 57 59 13 75 2 39 72 4 63 60 74 3 1
split_gain=114233 120287 212348 183744 195343 174776 162929 128177 247546 135721 130972 130618 113616 111590 102879 139333 179634 149207 131872 126108 188717 112893 101431 97140.8 96925.7 108172 91927.2 125003 141388 99162.2
threshold=-3.4499999999999997 24.833333333333339 0.73333333333333972 1331.0115000000003 110.95111111111113 1390.2300000000002 1491.0266734689051 1.0000000180025095e-35 10.500000000000002 12.875000000000004 1.5000000000000002 96.500000000000014 2.7500000000000018 18.500000000000004 5.5000000000000009 0.45833333350000005 4.5000000000000009 1256.7745000000002 960.62594211358271 0 1105.6700485080003 9.5000000000000018 63.500000000000007 9.4750000000000032 2.5000000000000004 917.4142640287771 1196.5395000000001 0.98333333333333173 11.500000000000002 1.5000000000000002
decision_type=2 2 2 2 2 2 2 2 2 2 2 2 2 2 2 2 2 2 2 9 2 2 2 2 2 2 2 2 2 2
left_child=-1 3 -3 6 5 -5 7 10 -9 11 -2 -10 -7 -13 19 16 17 18 -16 20 21 24 -20 -23 -12 -26 27 -21 -29 -30
right_child=1 2 -4 4 -6 12 -8 8 9 -11 14 13 -14 -15 15 -17 -18 -19 22 26 -22 23 -24 -25 25 -27 -28 28 29 -31
leaf_value=0.45187579694954394 -0.52459712949325532 0.0022710372022207333 0.50755003312877356 -0.33954406137300647 -0.085174850444952183 -1.0538034215698449 0.45036724733016942 -0.20340128001138208 0.30456051801838385 -0.24548130540621527 -0.75070386917914378 1.4506799999979882 -2.987430365085602 0.37916210767149267 -1.0310963322491389 0.022800047341969332 -0.11170969213592996 -1.686552893278467 -0.56353565153464602 -0.00090188637839663246 -2.9354284187157949 -3.8340682277312648 0.32871513459445617 -0.62640528638294202 -0.86292337858676904 3.0614493407435339 -0.16903593176985179 0.41648309045381771 1.4379091089790308 -0.15184217341790887
leaf_weight=1369 1412 7168 2929 1458 4057 715 1881 1866 979 436 59 739 85 362 764 5703 3993 308 796 16543 84 26 531 256 25 59 4740 4472 103 2058
leaf_count=1369 1412 7168 2929 1458 4057 715 1881 1866 979 436 59 739 85 362 764 5703 3993 308 796 16543 84 26 531 256 25 59 4740 4472 103 2058
internal_value=-9.62251e-05 -0.00967336 0.148845 -0.0390361 -0.292638 -0.665393 -0.00580659 -0.0243337 0.232975 0.556615 -0.0512231 0.724747 -1.25925 1.09837 -0.0347274 -0.156864 -0.317162 -0.659126 -0.507788 0.0172424 -0.75503 -0.341846 -0.206501 -0.922147 0.802524 1.89348 0.0315826 0.0726271 0.256012 -0.0760697
internal_weight=65976 64607 10097 54510 6315 2258 48195 46314 4382 2516 41932 2080 800 1101 40520 12095 6392 2399 2091 28425 509 425 1327 282 143 84 27916 23176 6633 2161
internal_count=65976 64607 10097 54510 6315 2258 48195 46314 4382 2516 41932 2080 800 1101 40520 12095 6392 2399 2091 28425 509 425 1327 282 143 84 27916 23176 6633 2161
cat_boundaries=0 1
cat_threshold=18
is_linear=0
shrinkage=0.05


Tree=133
num_leaves=31
num_cat=0
split_feature=69 1 32 72 40 48 0 19 1 14 68 2 75 62 2 72 9 73 72 5 4 61 2 1 72 73 15 73 67 63
split_gain=110048 125670 160553 174551 131639 101893 100512 198349 173218 130393 116661 113585 109082 146732 146209 129583 103453 97501.2 95453.3 97501.6 94095.8 103964 92817.4 90450.3 143546 207363 151281 125068 104960 108151
threshold=228.26180555555561 3.5000000000000004 27.500000000000004 3.5750000000000006 82.500000000000014 0.45833333350000005 2024.5000000000002 1.0000000180025095e-35 5.5000000000000009 1.0000000180025095e-35 11.862500000000002 6.5000000000000009 1611.0641042860404 1535.4945 24.500000000000004 22.541666666666671 1.0000000180025095e-35 -1.7666666666666657 3.7250000000000005 1.0000000180025095e-35 6.5000000000000009 1121.4590000000001 1.5000000000000002 11.500000000000002 10.958333333333337 -0.89999999999999802 0.75000000000000011 -0.71666666666666801 9.8625000000000025 792.99500000000012
decision_type=2 2 2 2 2 2 2 2 2 2 2 2 2 2 2 2 2 2 2 2 2 2 2 2 2 2 2 2 2 2
left_child=1 2 5 4 -4 20 12 8 9 -8 -11 16 13 18 15 -14 -10 -16 -3 23 22 -22 -1 24 26 -26 28 -25 -20 -30
right_child=-2 6 3 -5 -6 -7 7 -9 11 10 -12 -13 14 -15 17 -17 -18 -19 19 -21 21 -23 -24 27 25 -27 -28 -29 29 -31
leaf_value=-2.1441467619085888 0.17382217103164907 0.44161093083407305 -0.058475506640805454 -0.1688107020706846 0.82812066987624622 -0.1297297713573807 -0.45187721370391043 2.0359803133285963 0.13416090931828695 2.589830679212298 0.04760380586770576 0.83012488607491286 -0.55527985549502468 0.38999790454345395 -2.3676834510773728 0.18950138264335692 -2.3907737587889035 -0.67270048872582855 0.43412173508449964 -0.50081558306926655 -0.95852679041786149 -3.0733257167143364 -0.4354259740021667 0.20099096137851033 -0.26697536701231656 0.049714996525337694 1.3486570478237279 -0.47213307252434583 -2.5723699703449157 0.015448343308936517
leaf_weight=83 7994 1144 789 5614 892 1645 1041 156 262 70 127 1070 950 2462 97 1516 48 677 2338 1034 285 73 1871 1004 6895 20648 298 2207 41 2645
leaf_count=83 7994 1144 789 5614 892 1645 1041 156 262 70 127 1070 950 2462 97 1516 48 677 2338 1034 285 73 1871 1004 6895 20648 298 2207 41 2645
internal_value=-9.14141e-05 -0.0240689 -0.174079 -0.0349769 0.411985 -0.430524 0.0120517 0.303954 0.200747 -0.228651 0.950933 0.585961 -0.00636986 0.0158493 -0.285591 -0.0974176 -0.256797 -0.885121 -0.00823059 -0.022098 -0.644541 -1.38976 -0.508007 -0.00837711 0.0163697 -0.029564 0.254091 -0.261664 0.189166 -0.024053
internal_weight=65976 57982 11252 7295 1681 3957 46730 2774 2618 1238 197 1380 43956 40716 3240 2466 310 774 38254 37110 2312 358 1954 36076 32865 27543 5322 3211 5024 2686
internal_count=65976 57982 11252 7295 1681 3957 46730 2774 2618 1238 197 1380 43956 40716 3240 2466 310 774 38254 37110 2312 358 1954 36076 32865 27543 5322 3211 5024 2686
is_linear=0
shrinkage=0.05


Tree=134
num_leaves=31
num_cat=1
split_feature=74 4 13 54 4 4 69 75 3 41 70 68 56 68 0 72 75 66 60 68 60 60 1 70 19 68 57 61 60 33
split_gain=105609 143668 199818 222909 304641 236552 183271 166609 158416 373515 162936 159006 149451 192375 160378 149267 168113 192067 148229 171958 130124 124795 167397 116446 115882 113506 165753 106169 104133 104105
threshold=-2.5166666666666648 5.5000000000000009 0 0.95833333350000005 1.5000000000000002 1.5000000000000002 225.25013888888881 1451.9410561069235 12.500000000000002 99.500000000000014 29.866666666666671 11.762500000000005 1244.7708792620285 10.412500000000003 2024.5000000000002 30.116666666666671 1445.0857697511119 28.141666666666669 1009.5020000000001 6.2375000000000016 1379.0815000000002 950.00128827555864 2.5000000000000004 24.291666666666671 0.35000000000000003 14.687500000000005 1256.7745000000002 738.99900000000014 838.7528228573816 36.500000000000007
decision_type=2 2 9 2 2 2 2 2 2 2 2 2 2 2 2 2 2 2 2 2 2 2 2 2 2 2 2 2 2 2
left_child=-1 2 3 5 20 6 -2 21 -7 10 12 29 13 14 -10 16 17 18 25 -20 -5 22 -4 24 -14 26 28 -6 -3 -11
right_child=1 15 7 4 27 8 -8 -9 9 11 -12 -13 23 -15 -16 -17 -18 -19 19 -21 -22 -23 -24 -25 -26 -27 -28 -29 -30 -31
leaf_value=0.13539755828173081 0.36527885900489365 -0.74478908380486164 -4.4189437960424733 -0.45631814605587107 0.81209908771059158 0.20038527819276264 1.4746700688504357 -1.922615501220162 0.52299009295944676 -0.2328823066138207 0.38253866692854926 0.14739599048474591 -0.96633146559895255 -0.2775878670017799 5.0697176313400272 0.54903357874418446 -0.62944018100626042 1.3793621585847669 0.44835474133361225 -0.13635808553835743 -1.5438153081245023 0.075019706942039535 -0.66106935602461958 -0.21621471778862178 1.4348772977407163 -0.031474963007043125 -2.0024435900026858 -0.023391680874024195 -0.18160297890928867 1.5779342536949645
leaf_weight=11809 4146 1518 31 2505 394 9773 409 185 641 94 959 601 1489 3153 20 710 1920 208 1619 5630 309 844 673 1125 52 1799 179 10884 1787 510
leaf_count=11809 4146 1518 31 2505 394 9773 409 185 641 94 959 601 1489 3153 20 710 1920 208 1619 5630 309 844 673 1125 52 1799 179 10884 1787 510
internal_value=-8.68435e-05 -0.0296239 0.0216292 0.0462158 -0.110328 0.142267 0.464893 -0.50158 0.0624728 -0.0934526 -0.225735 0.723187 -0.315756 -0.114998 0.660561 -0.158997 -0.193288 -0.127557 -0.152568 -0.00576765 -0.575734 -0.334994 -0.826544 -0.602962 -0.885304 -0.353999 -0.520537 0.00579642 -0.440277 1.29612
internal_weight=65976 54167 38797 37064 14092 22972 4555 1733 18417 8644 7439 1205 6480 3814 661 15370 14660 12740 12532 7249 2814 1548 704 2666 1541 5283 3484 11278 3305 604
internal_count=65976 54167 38797 37064 14092 22972 4555 1733 18417 8644 7439 1205 6480 3814 661 15370 14660 12740 12532 7249 2814 1548 704 2666 1541 5283 3484 11278 3305 604
cat_boundaries=0 1
cat_threshold=1
is_linear=0
shrinkage=0.05


Tree=135
num_leaves=31
num_cat=0
split_feature=0 72 33 1 1 1 61 28 63 75 2 75 2 57 55 70 63 9 75 2 2 59 70 73 1 2 70 71 0 2
split_gain=106470 90116.2 149752 120542 154565 130214 113750 111757 126557 135730 142917 107127 117235 106021 129516 115318 101562 110699 108340 97203 92643.9 83880.8 90413.2 82898.3 82238.5 85501.3 79883 79123.2 122481 85237.5
threshold=2020.5000000000002 2.9833333333333338 28.500000000000004 3.5000000000000004 1.5000000000000002 7.5000000000000009 928.74282987135609 3.5000000000000004 1818.6935000000001 1917.7038333333335 26.500000000000004 2152.7256666666667 28.500000000000004 1235.1515117414253 0.45833333350000005 -4.924999999999998 1225.9455000000003 1.0000000180025095e-35 1451.9410561069235 11.500000000000002 29.500000000000004 1235.1515117414253 25.558333333333337 -6.2416666666666654 2.5000000000000004 25.500000000000004 4.3916666666666684 26.191666666666674 2019.5000000000002 4.5000000000000009
decision_type=2 2 2 2 2 2 2 2 2 2 2 2 2 2 2 2 2 2 2 2 2 2 2 2 2 2 2 2 2 2
left_child=21 2 13 4 19 7 -6 8 9 16 -11 -10 -13 -2 15 -15 -5 -18 -19 -3 -4 22 -1 -16 -8 -26 -21 -23 -29 -30
right_child=1 3 20 5 6 -7 24 -9 11 10 -12 12 -14 14 23 -17 17 18 -20 26 -22 27 -24 -25 25 -27 -28 28 29 -31
leaf_value=-0.048463775657734076 0.41904879838044135 0.49906702150885612 0.734790688588987 0.19774482062656812 0.11127211159364991 -0.040026328132690463 -0.76597789588013743 0.03078670268419581 0.6725341598535407 0.02424928958838185 -2.1009827611620646 4.5503290906865548 0.62669109478592877 0.47080081009711972 3.0322857324861818 -0.77358208566057607 0.72027854562614768 0.40472632251590135 -2.441300200990268 0.3383634829477109 -0.74154340073204883 -0.40813861629637133 0.62652198144889759 0.21404198307155645 -0.087413266332991749 -0.86744958625772906 -0.44707957336808524 0.23290835356226017 0.6748221785357601 -0.72544901484830515
leaf_weight=19599 1204 1118 1566 4824 1070 13968 1445 7000 145 240 118 47 32 234 27 911 1884 83 56 541 114 3289 509 777 1508 458 806 1555 128 720
leaf_count=19599 1204 1118 1566 4824 1070 13968 1445 7000 145 240 118 47 32 234 27 911 1884 83 56 541 114 3289 509 777 1508 458 806 1555 128 720
internal_value=-8.25012e-05 0.0508174 0.25332 0.023126 -0.163579 0.0687948 -0.338516 0.174139 0.309213 0.272826 -0.676246 1.47963 2.96101 0.050159 -0.177724 -0.519272 0.322449 0.619814 -0.741874 0.154428 0.634611 -0.0793443 -0.0313777 0.308684 -0.47961 -0.269131 -0.13162 -0.248795 -0.0307006 -0.514087
internal_weight=65976 40176 4833 35343 6946 28397 4481 14429 7429 7205 358 224 79 3153 1949 1145 6847 2023 139 2465 1680 25800 20108 804 3411 1966 1347 5692 2403 848
internal_count=65976 40176 4833 35343 6946 28397 4481 14429 7429 7205 358 224 79 3153 1949 1145 6847 2023 139 2465 1680 25800 20108 804 3411 1966 1347 5692 2403 848
is_linear=0
shrinkage=0.05


Tree=136
num_leaves=31
num_cat=0
split_feature=57 3 69 3 56 57 4 60 33 1 40 72 72 75 68 56 68 60 73 4 71 3 73 37 3 56 1 3 27 0
split_gain=100042 103676 98727.4 143198 244959 117895 144198 121707 108239 99147.2 164204 99049.5 96209.9 94575.5 94559.5 91505.5 88736.4 83416.9 188793 119940 172315 141598 119737 116342 94969.5 84819.4 82431.6 90459.4 82202.4 81909.8
threshold=744.82950000000017 22.500000000000004 115.56250000000004 10.500000000000002 1164.7234744456484 1232.2350000000004 5.5000000000000009 1215.4795000000001 99.500000000000014 3.5000000000000004 40.500000000000007 8.0750000000000028 25.275000000000006 1324.714666666667 1.1125000000000007 1482.8375000000003 11.762500000000005 1232.2350000000004 -2.4333333333333358 1.5000000000000002 24.425000000000001 1.0000000180025095e-35 0.8833333333333383 11.500000000000002 1.0000000180025095e-35 1587.5725533558787 6.5000000000000009 8.5000000000000018 3.8500000000000001 2024.5000000000002
decision_type=2 2 2 2 2 2 2 2 2 2 2 2 2 2 2 2 2 2 2 2 2 2 2 2 2 2 2 2 2 2
left_child=-1 2 9 5 14 13 -7 -8 12 10 15 16 29 28 -5 -2 -12 -11 -19 21 -21 25 23 -22 -24 -20 -23 -28 -4 -6
right_child=1 -3 3 4 8 6 7 -9 -10 17 11 -13 -14 -15 -16 -17 -18 18 19 20 22 26 24 -25 -26 -27 27 -29 -30 -31
leaf_value=-0.30405826194663177 -0.51811523509876589 -0.28867885519295816 0.046257593285466851 2.9094667757508059 0.018734861159323858 -0.12625366679055638 -1.6991737800443669 0.66482004676804396 0.784402679692218 0.06041343439548829 0.42958123161513423 -0.44428836654394516 0.81315944176488397 2.7206425897099757 0.83669996392163193 -3.8344550609588626 -0.2826251739441854 -0.87683638882233839 -1.5545999657649261 -0.26082356141823865 0.23011291377833554 0.91693687433595061 1.9958081267191017 -0.35578200853361819 0.483845427842922 -4.9718346812508329 -1.1852270164345573 -0.023135184929059055 -3.1629859936237334 0.55889320886754867
leaf_weight=2600 2187 2736 8584 58 7085 931 311 66 648 24982 1415 808 464 33 1072 21 633 741 104 3586 2924 111 115 1193 1072 22 308 367 20 779
leaf_count=2600 2187 2736 8584 58 7085 931 311 66 648 24982 1415 808 464 33 1072 21 633 741 104 3586 2924 111 115 1193 1072 22 308 367 20 779
internal_value=-7.83761e-05 0.0123924 0.0259764 0.116747 0.249298 -0.0179498 -0.460327 -1.28532 0.161956 -0.0188644 -0.225843 0.0244995 0.113523 0.0490444 0.94309 -0.549657 0.209451 0.0106399 -0.1073 -0.0491257 0.00689417 -0.595197 0.187896 0.0603357 0.630329 -2.15126 -0.345751 -0.553393 0.0387977 0.0722424
internal_weight=65976 63376 60640 20051 10106 9945 1308 377 8976 40589 5064 2856 8328 8637 1130 2208 2048 35525 10543 9802 8890 912 5304 4117 1187 126 786 675 8604 7864
internal_count=65976 63376 60640 20051 10106 9945 1308 377 8976 40589 5064 2856 8328 8637 1130 2208 2048 35525 10543 9802 8890 912 5304 4117 1187 126 786 675 8604 7864
is_linear=0
shrinkage=0.05


Tree=137
num_leaves=31
num_cat=1
split_feature=73 72 71 3 13 44 67 75 69 4 51 3 4 57 61 4 3 4 75 59 39 68 15 1 7 2 72 33 60 71
split_gain=97552.5 104710 93516.1 98965.2 100874 146144 178700 107944 138265 99302.4 204944 179195 284276 184804 156762 166116 183288 147990 140338 198111 229761 143126 139429 123416 113878 98636.7 98083.8 157814 120846 155206
threshold=4.0166666666666693 -3.4499999999999997 32.441666666666677 22.500000000000004 0 0.37500000000000006 2.2375000000000012 1473.7218785020984 124.69444444444453 5.5000000000000009 0.70833333350000005 6.5000000000000009 1.5000000000000002 966.78131060503767 1005.7265923351251 1.5000000000000002 8.5000000000000018 2.5000000000000004 1320.6728333333338 960.62594211358271 98.500000000000014 11.987500000000002 1.0000000180025095e-35 4.5000000000000009 1.0000000180025095e-35 26.500000000000004 19.958333333333339 37.500000000000007 1256.7745000000002 19.841666666666672
decision_type=2 2 2 2 9 2 2 2 2 2 2 2 2 2 2 2 2 2 2 2 2 2 2 2 2 2 2 2 2 2
left_child=1 -1 3 4 9 6 -6 8 -8 11 18 12 13 -3 15 16 -13 -14 19 21 -21 -11 -22 -20 -17 -4 27 28 -16 -30
right_child=-2 2 25 -5 5 -7 7 -9 -10 10 -12 14 17 -15 26 24 -18 -19 23 20 22 -23 -24 -25 -26 -27 -28 -29 29 -31
leaf_value=0.47226815729850619 -0.36753879793783478 -0.29486917924873052 0.61374272401013452 -0.31136003712985794 -4.3446363702416422 0.16961723370766982 -0.607973893559417 -1.5123329037403475 0.88822137702674786 -0.95281620559384184 0.11557987545876008 0.470583518919234 0.35518274192615568 -1.2315428308939964 0.0097365699520161383 0.41179527627761303 2.0736044263223423 -0.085392241394086882 -1.369475319102178 -0.074170503234733828 0.39532601425889879 -0.14294570426981779 1.9188751918077469 -0.40709726984846617 -0.49472063439673236 -0.58753271571043975 0.26487096292323725 0.21164659398771188 -0.67201974756436655 0.076780166134391203
leaf_weight=1202 1758 1826 1080 2570 32 901 886 244 187 981 7114 444 2532 740 8370 2123 298 7710 391 3659 416 1229 235 2251 414 203 5954 7361 1696 1169
leaf_count=1202 1758 1826 1080 2570 32 901 886 244 187 981 7114 444 2532 740 8370 2123 298 7710 391 3659 416 1229 235 2251 414 203 5954 7361 1696 1169
internal_value=-7.44572e-05 0.00998506 0.00116724 -0.00761373 0.0055808 -0.322027 -0.652784 -0.56308 -0.34722 0.0185858 -0.0857703 0.0603872 -0.0943804 -0.564993 0.131617 0.456328 1.11438 0.0235255 -0.242112 -0.117545 0.0798147 -0.50244 0.945302 -0.549523 0.263866 0.423673 0.0882476 0.0316969 -0.0862033 -0.366488
internal_weight=65976 64218 63016 61733 59163 2250 1349 1317 1073 56913 16276 40637 12808 2566 27829 3279 742 10242 9162 6520 4310 2210 651 2642 2537 1283 24550 18596 11235 2865
internal_count=65976 64218 63016 61733 59163 2250 1349 1317 1073 56913 16276 40637 12808 2566 27829 3279 742 10242 9162 6520 4310 2210 651 2642 2537 1283 24550 18596 11235 2865
cat_boundaries=0 1
cat_threshold=17
is_linear=0
shrinkage=0.05


Tree=138
num_leaves=31
num_cat=0
split_feature=0 3 61 40 66 3 69 58 67 4 60 0 4 4 74 2 33 4 40 56 71 73 3 73 72 37 4 4 75 57
split_gain=99731.5 82607.1 158519 201015 193213 148667 139413 187663 176284 111912 111860 110822 117705 110805 105080 103261 143040 102973 97514.7 127968 96363.5 100345 95033.5 95019.1 93326.6 86749.6 85965.3 81974 187064 149209
threshold=2020.5000000000002 9.5000000000000018 999.6592288047766 1.0000000180025095e-35 20.191666666666674 1.0000000180025095e-35 71.68444444444448 1132.1244176462603 -0.49999999999999983 1.5000000000000002 1055.8321415208702 2024.5000000000002 2.5000000000000004 5.5000000000000009 -2.6833333333333318 25.500000000000004 99.500000000000014 5.5000000000000009 94.500000000000014 1408.7805000000003 0.31666666666666671 -2.0999999999999921 8.5000000000000018 -1.6166666666666658 26.191666666666674 11.500000000000002 6.5000000000000009 1.5000000000000002 1639.1330000000003 973.72058939228521
decision_type=2 2 2 2 2 2 2 2 2 2 2 2 2 2 2 2 2 2 2 2 2 2 2 2 2 2 2 2 2 2
left_child=-1 2 4 27 -2 9 10 8 -8 -5 -3 -10 -13 22 -12 16 24 -14 26 23 -18 -22 -7 -20 -9 -26 -16 28 -4 -29
right_child=1 6 3 5 -6 13 7 15 11 -11 14 12 17 -15 18 -17 20 -19 19 -21 21 -23 -24 -25 25 -27 -28 29 -30 -31
leaf_value=-0.076783330151237061 0.055434016799438129 0.25926420482666596 -0.35179637288417037 -2.2640009708182758 1.2693148941256327 -0.7637434406642547 2.7567328749490638 0.13268057742212344 0.46266016862812159 0.38550725249522322 0.17796607576920626 0.70163133670136624 6.7211623418898814 -1.3358802745196496 -0.21624605233072569 -0.16874242157074359 2.3649731784666841 1.7696498416718982 1.1482618160487161 -1.832312025051368 2.165043817521358 0.44820255483205573 -0.014662674004536731 0.076507557529256573 1.2222132514816166 -0.41420947753179532 -0.79439690547395858 -1.1295363127417832 -4.6232070799227118 0.17768584200006396
leaf_weight=25800 9144 2968 506 43 340 1287 112 7127 805 545 2565 53 21 527 4434 1824 95 21 254 76 98 647 631 1113 366 104 752 233 27 3458
leaf_count=25800 9144 2968 506 43 340 1287 112 7127 805 545 2565 53 21 527 4434 1824 95 21 254 76 98 647 631 1113 366 104 752 233 27 3458
internal_value=-7.07342e-05 0.0491921 -0.0356355 -0.211524 0.0989515 -0.522074 0.109789 0.236459 0.886056 0.191751 -0.007621 0.653261 2.26835 -0.693742 -0.0937767 0.172392 0.246142 4.24541 -0.198924 0.164626 0.865278 0.674042 -0.517304 0.275648 0.177684 0.860111 -0.300081 0.0114631 -0.568172 0.0951655
internal_weight=65976 40176 16741 7257 9484 3033 23435 11273 1012 588 12162 900 95 2445 9194 10261 8437 42 6629 1443 840 745 1918 1367 7597 470 5186 4224 533 3691
internal_count=65976 40176 16741 7257 9484 3033 23435 11273 1012 588 12162 900 95 2445 9194 10261 8437 42 6629 1443 840 745 1918 1367 7597 470 5186 4224 533 3691
is_linear=0
shrinkage=0.05


Tree=139
num_leaves=31
num_cat=0
split_feature=69 1 35 72 73 48 2 3 4 58 0 2 2 1 2 72 2 73 59 1 4 60 67 69 70 69 1 14 60 40
split_gain=94120.6 107262 198940 180681 171152 117902 178986 141786 128972 126968 117738 118809 165493 176381 197190 104937 317936 211497 178471 142452 139829 137056 128546 112455 99481.4 97651.9 95183.7 93932.7 93195.7 91456.1
threshold=445.56180555555562 4.5000000000000009 51.500000000000007 -0.62499999999999967 -1.1166666666666656 0.45833333350000005 1.5000000000000002 14.500000000000002 5.5000000000000009 1309.9140000000002 2024.5000000000002 19.500000000000004 26.500000000000004 6.5000000000000009 24.500000000000004 9.0750000000000028 30.500000000000004 -0.83333333333333115 1358.5231436958902 11.500000000000002 1.5000000000000002 1367.9363905008702 30.087500000000006 35.00694444444445 5.908333333333335 26.694444444444454 11.500000000000002 1.0000000180025095e-35 891.00562399302862 74.500000000000014
decision_type=2 2 2 2 2 2 2 2 2 2 2 2 2 2 2 2 2 2 2 2 2 2 2 2 2 2 2 2 2 2
left_child=1 2 5 27 28 6 -1 8 -8 -9 15 -12 13 -13 -15 16 19 21 -18 20 25 22 -17 -21 -11 -3 -19 -4 -5 -23
right_child=-2 10 3 4 -6 -7 7 9 -10 24 11 12 -14 14 -16 17 18 26 -20 23 -22 29 -24 -25 -26 -27 -28 -29 -30 -31
leaf_value=-1.9012292068838503 0.39160338599443578 0.37786632421341815 0.55306359847192654 -0.1784055264501353 -0.13184017412508889 -0.087023312662925789 0.020806789963670792 -0.57695431625081983 -0.65012098318076739 -1.0955153914153084 0.10626237562497283 0.770862457424491 -0.0002986525906072486 1.6716737191627424 5.4635664900143945 -0.13820478709781142 -1.144578069498559 0.075326112922372318 -5.3002819137139756 -1.2589489835600061 0.42789240772524784 -0.49297901385585335 1.8651106660748706 0.13877771207496967 -3.4970554471015931 2.2309545886827937 -0.45319887751527554 2.0250015755556525 0.49553621736310033 -1.9363170084904817
leaf_weight=195 1499 110 480 676 6746 5598 2475 1582 1008 121 1392 336 336 120 48 7014 119 24934 33 150 1811 2038 81 3541 67 201 882 140 2127 116
leaf_count=195 1499 110 480 676 6746 5598 2475 1582 1008 121 1392 336 336 120 48 7014 119 24934 33 150 1811 2038 81 3541 67 201 882 140 2127 116
internal_value=-6.71973e-05 -0.00917299 -0.101265 0.0583126 0.00460882 -0.248173 -0.41376 -0.358543 -0.173364 -0.722939 0.0359876 0.389641 0.85924 1.43227 2.75507 0.0167491 0.210621 -0.016231 -2.0468 0.269649 0.596089 -0.221386 -0.115334 0.0819749 -1.95138 1.57552 0.0572691 0.885437 0.333002 -0.570708
internal_weight=65976 64477 21215 10169 9549 11046 5448 5253 3483 1770 43262 2232 840 504 168 41030 5965 35065 152 5813 2122 9249 7095 3691 188 311 25816 620 2803 2154
internal_count=65976 64477 21215 10169 9549 11046 5448 5253 3483 1770 43262 2232 840 504 168 41030 5965 35065 152 5813 2122 9249 7095 3691 188 311 25816 620 2803 2154
is_linear=0
shrinkage=0.05


Tree=140
num_leaves=31
num_cat=0
split_feature=57 61 57 57 63 1 19 47 62 0 2 2 75 60 73 71 2 67 2 63 75 72 75 63 34 3 71 68 3 60
split_gain=92521.9 88376 207980 253787 178157 125000 137821 139008 109046 103468 125531 146983 151216 115016 115669 104644 171950 103863 146477 102925 136403 142120 107191 101218 98272.1 110593 93168.7 90657.3 132690 137263
threshold=717.10275140001852 999.6592288047766 1106.8703339874303 1263.4405000000002 1228.7154556123153 3.5000000000000004 0.15000000000000005 0.87500000000000011 1144.1030502147103 2024.5000000000002 19.500000000000004 26.500000000000004 2152.7256666666667 1373.4328669930303 0.30000000000000121 21.675000000000001 30.500000000000004 28.512500000000006 5.5000000000000009 873.60150640001859 930.26044845696072 18.858333333333338 840.06466666666677 792.99500000000012 99.500000000000014 10.500000000000002 10.958333333333337 11.762500000000005 11.500000000000002 1183.62583442869
decision_type=2 2 2 2 2 2 2 2 2 2 2 2 2 2 2 2 2 2 2 2 2 2 2 2 2 2 2 2 2 2
left_child=-1 2 19 8 5 27 -7 24 -4 13 -11 12 -12 17 -15 16 -16 -6 -19 20 -2 23 -21 -22 -8 -26 -27 28 -3 -30
right_child=1 4 3 -5 9 6 7 -9 -10 10 11 -13 -14 14 15 -17 -18 18 -20 22 21 -23 -24 -25 25 26 -28 -29 29 -31
leaf_value=-0.38054557334392886 0.01843397446789867 -0.56326240838420749 0.71687069203294662 -1.0427936310645862 0.10271872577436179 -0.098919898439615253 0.45666471075836795 -0.32836769217609696 2.0619191630981688 0.1047044731179545 1.1284329360271945 0.052519916193371902 4.2532808008648102 -0.27845526865378001 -0.2105468933002631 0.28956756576940734 -3.78861686949219 2.677184258581518 0.4143384188748227 -0.20740120738345685 -1.6213363577354281 0.17953687003833424 0.25406814509691861 -0.52099534259759028 -0.14531981623361981 2.8438301579356193 0.12797771937213839 -0.8559925503462662 0.39499215651614805 -0.31507885504937921
leaf_weight=1560 8201 2048 1216 195 11352 15719 490 359 172 1514 495 347 42 4550 826 2317 35 91 334 1524 293 519 7220 729 63 150 40 723 1122 1730
leaf_count=1560 8201 2048 1216 195 11352 15719 490 359 172 1514 495 347 42 4550 826 2317 35 91 334 1524 293 519 7220 729 63 150 40 723 1122 1730
internal_value=-6.38377e-05 0.00915051 0.0962087 0.646254 -0.0302472 -0.129248 -0.061025 0.47951 0.883548 0.0711993 0.381134 0.854566 1.37283 0.0330951 -0.11679 0.114668 -0.355997 0.131449 0.898854 0.049107 -0.0626669 -0.494275 0.173638 -0.836455 0.869858 1.67011 2.27207 -0.333336 -0.256218 -0.0357311
internal_weight=65976 64416 20069 1583 44347 22444 16821 1102 1388 21903 2398 884 537 19505 7728 3178 861 11777 425 18486 9742 1541 8744 1022 743 253 190 5623 4900 2852
internal_count=65976 64416 20069 1583 44347 22444 16821 1102 1388 21903 2398 884 537 19505 7728 3178 861 11777 425 18486 9742 1541 8744 1022 743 253 190 5623 4900 2852
is_linear=0
shrinkage=0.05


Tree=141
num_leaves=31
num_cat=0
split_feature=0 61 63 35 72 1 1 69 2 17 69 35 72 57 33 75 72 56 0 72 60 71 69 57 75 70 3 63 59 73
split_gain=89362.4 80515.4 95712.2 106389 88567.9 79173 178621 144455 135094 115870 108834 100452 95548.5 150900 99272.1 139351 89903.2 95695.8 115861 113751 106583 99230 97383.9 93524.6 88364.1 81983.5 80734 92376.7 85153.5 84483.3
threshold=2020.5000000000002 1142.1945000000003 931.21414199302865 98.500000000000014 7.5083333333333337 1.5000000000000002 2.5000000000000004 469.08347222222216 18.500000000000004 1.6500000000000001 91.521111111111139 1.0000000180025095e-35 5.0083333333333355 1256.7745000000002 49.500000000000007 1256.7432454458101 26.850000000000005 1785.3995000000002 2022.5000000000002 2.5250000000000008 1037.8024960080004 20.191666666666674 318.92013888888897 1384.5665000000001 1611.0641042860404 35.008333333333333 8.5000000000000018 1100.8963046050351 1266.6082571123152 -2.0416666666666692
decision_type=2 2 2 2 2 2 2 2 2 2 2 2 2 2 2 2 2 2 2 2 2 2 2 2 2 2 2 2 2 2
left_child=1 2 -1 -4 -5 8 7 -7 12 -10 11 -8 13 14 -2 -16 17 18 21 23 -21 -12 25 -20 -23 -19 27 -13 -28 -30
right_child=5 -3 3 4 -6 6 10 -9 9 -11 16 26 -14 -15 15 -17 -18 22 19 20 -22 24 -24 -25 -26 -27 28 -29 29 -31
leaf_value=-0.13268711048749277 1.0546045989239656 -0.19437108209812259 0.054164372857661895 1.2834519279067085 0.16266231975387982 -0.44631489279060654 0.12174450586325891 0.53553110779043822 0.0065358226389063386 -2.0472242324561294 -0.070165290990557169 -0.16821695722858923 0.24050818950161204 0.32132196781567623 1.7617768367506423 5.3257885465750832 1.0634576129416624 -0.38649176202373137 1.6846701259968566 -0.0068462518511918594 0.52589671472983757 1.1391941485963342 1.5767789299140373 0.29917029663784772 0.04473835457987213 0.83944073572064082 0.079914223009692031 -0.80194757692253504 -0.97835218183951 -0.1442488146356867
leaf_weight=8093 270 8902 8098 335 372 2955 9451 429 1488 72 3405 3025 1257 490 106 37 288 1408 298 1526 2440 354 75 206 385 151 6752 710 351 2247
leaf_count=8093 270 8902 8098 335 372 2955 9451 429 1488 72 3405 3025 1257 490 106 37 288 1408 298 1526 2440 354 75 206 385 151 6752 710 351 2247
internal_value=-6.06458e-05 -0.0726759 -0.00856592 0.105518 0.69373 0.046571 0.0241497 -0.321843 0.2663 -0.0882531 0.0595524 -0.00246626 0.522367 0.914722 1.61875 2.68393 0.192207 0.167723 0.234268 0.410828 0.320913 0.0438191 -0.183088 1.11837 0.569011 -0.267752 -0.0921809 -0.288685 -0.0136843 -0.256939
internal_weight=65976 25800 16898 8805 707 40176 36456 3384 3720 1560 33072 22536 2160 903 413 143 10536 10248 8614 4470 3966 4144 1634 504 739 1559 13085 3735 9350 2598
internal_count=65976 25800 16898 8805 707 40176 36456 3384 3720 1560 33072 22536 2160 903 413 143 10536 10248 8614 4470 3966 4144 1634 504 739 1559 13085 3735 9350 2598
is_linear=0
shrinkage=0.05


Tree=142
num_leaves=31
num_cat=0
split_feature=69 1 68 72 40 73 75 68 2 59 1 39 1 23 61 57 73 1 2 4 57 63 72 60 60 57 29 75 62 75
split_gain=85097.7 94697.6 128843 100234 157019 101302 82116.1 83517.3 161110 115560 123105 112585 107544 93420.7 91678.9 191423 132795 167230 119588 109559 86517.5 91473.2 119957 80011.4 79318.2 91348.7 77269.8 90949.4 117043 210060
threshold=228.26180555555561 3.5000000000000004 12.737500000000002 6.2583333333333337 40.500000000000007 -1.2333333333333367 636.57875193327425 8.7125000000000039 30.500000000000004 980.62958958715956 11.500000000000002 96.500000000000014 8.5000000000000018 0.55000000000000016 999.6592288047766 1009.5020000000001 0.96666666666666534 4.5000000000000009 23.500000000000004 2.5000000000000004 1287.1944950832053 785.42000000000019 15.608333333333336 1367.9363905008702 1256.7745000000002 1201.8315000000002 2.5000000000000004 1611.0641042860404 1525.9514599689053 1389.7760000000001
decision_type=2 2 2 2 2 2 2 2 2 2 2 2 2 2 2 2 2 2 2 2 2 2 2 2 2 2 2 2 2 2
left_child=1 2 3 4 24 -6 -3 8 9 -8 11 -11 14 -13 15 19 26 18 -18 -9 21 22 -17 -4 -1 -26 27 28 -16 -30
right_child=-2 6 23 -5 5 -7 7 12 -10 10 -12 13 -14 -15 16 20 17 -19 -20 -21 -22 -23 -24 -25 25 -27 -28 -29 29 -31
leaf_value=-0.054949089925034326 0.15287510122229389 -0.87589367613626212 -0.59346077583939727 -0.26745707302967636 0.86635899954092876 0.14566372709067935 -0.0073045385873566314 0.37996977270767507 -1.8476432098212996 0.61667908687056894 0.17520933760486149 1.5439405478209585 -0.11684396485611336 5.0659808840070459 0.014418104428981331 -2.5483160145580772 -0.69365772609391974 0.34426339766698311 0.77725839136843711 -0.087118997753737826 -1.4754456170061803 0.8049081082949302 0.49749575364168247 -3.5112406889597576 0.61230128026810016 -0.89272653777406308 -0.25943552083262056 -0.26253826356044802 2.3581267430078263 0.27241466742055781
leaf_weight=1725 7994 260 1118 4581 611 2414 2696 1816 95 999 1719 182 14913 21 5338 48 720 4109 171 4067 47 1640 99 24 119 660 4561 2444 149 636
leaf_count=1725 7994 260 1118 4581 611 2414 2696 1816 95 999 1719 182 14913 21 5338 48 720 4109 171 4067 47 1640 99 24 119 660 4561 2444 149 636
internal_value=-5.76137e-05 -0.0211425 -0.151362 -0.0944971 0.0488072 0.291232 0.0102127 0.0151705 0.194225 0.228759 0.446638 0.834813 -0.00992292 1.90829 0.0517723 0.196106 -0.00966971 0.209611 -0.411361 0.0570648 0.642114 0.697808 -0.497055 -0.65478 -0.244059 -0.662819 -0.0931862 -0.00467644 0.0982493 0.668301
internal_weight=65976 57982 11252 10110 5529 3025 46730 46470 5712 5617 2921 1202 40758 203 25845 7717 18128 5000 891 5883 1834 1787 147 1142 2504 779 13128 8567 6123 785
internal_count=65976 57982 11252 10110 5529 3025 46730 46470 5712 5617 2921 1202 40758 203 25845 7717 18128 5000 891 5883 1834 1787 147 1142 2504 779 13128 8567 6123 785
is_linear=0
shrinkage=0.05


Tree=143
num_leaves=31
num_cat=1
split_feature=0 74 72 14 71 61 62 3 4 57 4 3 73 58 63 41 57 48 66 75 13 71 3 40 57 60 15 4 47 72
split_gain=82130.4 74257.9 81746.4 133343 96403.3 129443 138065 120199 148454 146908 118085 131721 101103 97725.6 95128.1 93771.3 91311.4 108975 110632 95220.2 84800.7 87479.8 81162.9 94197.1 104861 100039 107642 92961.4 97514.8 88316.4
threshold=2020.5000000000002 5.2833333333333377 2.9833333333333338 1.0000000180025095e-35 26.850000000000005 999.6592288047766 1146.6166491135803 8.5000000000000018 6.5000000000000009 970.25650000000007 1.5000000000000002 1.0000000180025095e-35 4.5083333333333355 925.70963391709461 1616.1680000000003 2.5000000000000004 1294.3065000000004 0.45833333350000005 7.1000000000000005 1402.7821666666671 0 7.2833333333333341 21.500000000000004 99.500000000000014 1373.6210000000003 929.12634235738153 1.0000000180025095e-35 1.5000000000000002 0.20833333350000002 16.591666666666672
decision_type=2 2 2 2 2 2 2 2 2 2 2 2 2 2 2 2 2 2 2 2 9 2 2 2 2 2 2 2 2 2
left_child=-1 2 3 16 5 6 13 9 12 -7 -11 -12 20 -4 -10 -13 19 18 -18 -2 22 -22 23 27 25 -25 -27 29 -29 -9
right_child=1 -3 4 -5 -6 7 -8 8 14 10 11 15 -14 -15 -16 -17 17 -19 -20 -21 21 -23 -24 24 -26 26 -28 28 -30 -31
leaf_value=-0.069669660752923676 0.33179146034453844 0.26742720673298098 -0.041435618248011577 0.94457372620277558 0.21342374827007418 -1.0473599323319991 1.518946970596033 0.1399502580323882 -0.4471346393239537 -1.1457168245153813 0.49027544040954463 -0.085700542547610004 -1.4482742191371272 0.28411911934048556 -2.3041962688303972 -0.71403955334292168 -0.29155073964327088 0.25760724151734798 -1.956401497019189 3.3790522135221042 -4.0324740989641716 -0.66977290429174907 -0.27338469808508115 -0.13948480072865885 -0.48482247202911161 0.48978346404960782 1.5281849343476996 -0.15385932207968214 0.30342599920625141 0.99905612416690792
leaf_weight=25800 1831 3422 6093 562 4410 641 170 1065 1246 319 666 1776 118 3708 73 892 915 1014 112 26 22 160 1772 375 275 846 354 5411 1486 416
leaf_count=25800 1831 3422 6093 562 4410 641 170 1065 1246 319 666 1776 118 3708 73 892 915 1014 112 26 22 160 1772 375 275 846 354 5411 1486 416
internal_value=-5.47328e-05 0.0446502 0.0239084 0.224561 -0.00380298 -0.0381585 0.106235 -0.118533 -0.0458062 -0.349195 -0.226687 -0.138753 0.00825218 0.0817311 -0.549914 -0.295775 0.120753 -0.110079 -0.473112 0.374456 0.0223607 -1.0202 0.0389905 0.0931476 0.416055 0.573351 0.796112 0.0218444 -0.0553345 0.381266
internal_weight=65976 40176 36754 4460 32294 27884 9971 17913 13619 4294 3653 3334 12300 9801 1319 2668 3898 2041 1027 1857 12182 182 12000 10228 1850 1575 1200 8378 6897 1481
internal_count=65976 40176 36754 4460 32294 27884 9971 17913 13619 4294 3653 3334 12300 9801 1319 2668 3898 2041 1027 1857 12182 182 12000 10228 1850 1575 1200 8378 6897 1481
cat_boundaries=0 1
cat_threshold=25
is_linear=0
shrinkage=0.05


Tree=144
num_leaves=31
num_cat=1
split_feature=73 72 74 69 57 3 2 57 61 3 57 4 4 4 9 3 13 57 57 3 41 3 71 68 59 2 61 57 37 61
split_gain=78586.1 83815.4 81989.7 76181.7 114156 76164.3 77236.1 78734.6 74385 172719 168360 262381 192659 167732 202164 208667 193136 166200 230652 133322 122967 157084 159699 145114 146647 131468 127619 118560 107061 103239
threshold=4.0166666666666693 -3.4499999999999997 4.3500000000000032 45.450138888888901 1260.0750119663151 22.500000000000004 1.5000000000000002 744.82950000000017 999.6592288047766 8.5000000000000018 957.32370500000013 1.5000000000000002 2.5000000000000004 6.5000000000000009 1.0000000180025095e-35 17.500000000000004 0 1106.8703339874303 1263.4405000000002 1.0000000180025095e-35 99.500000000000014 11.500000000000002 21.891666666666669 11.512500000000005 1280.0120000000002 30.500000000000004 1094.4546671079452 1651.2740000000001 1.0000000180025095e-35 1736.9840000000002
decision_type=2 2 2 2 2 2 2 2 2 2 2 2 2 2 2 2 9 2 2 2 2 2 2 2 2 2 2 2 2 2
left_child=1 -1 3 4 -2 6 -3 -8 17 10 -10 27 -13 16 15 29 20 -9 -19 -14 21 -11 23 24 -23 -26 -22 -12 -21 -15
right_child=2 5 -4 -5 -6 -7 7 8 9 13 11 12 19 14 -16 -17 -18 18 -20 28 26 22 -24 -25 25 -27 -28 -29 -30 -31
leaf_value=0.42257323536073504 -0.83487255229004509 -0.29241580282890911 0.3292328881580503 -0.30036774942341538 -3.749386431041517 -0.26054932776210665 -0.25430606254205412 0.075426927348083442 -0.91141269670503799 0.30905550438335144 -1.0202482932773911 0.6680857885561452 0.3251197566771038 -0.68119372188861238 2.3748321420040681 0.072859048091096071 -0.62105843576654385 0.87400059647068551 -1.1374238501794591 -0.074001089158423794 1.1222511969536424 0.28992092370882377 0.2018317183333608 -0.25342812191837227 -0.1944127621904615 -2.6153796340884838 0.2622447086376638 -4.9384321403503426 -0.60965214041665017 -2.905399509491744
leaf_weight=1202 290 2006 372 1058 38 2664 2450 15862 794 5285 557 828 1117 1541 69 1446 926 1242 161 2257 502 3358 6421 7051 1691 58 3066 20 1590 54
leaf_count=1202 290 2006 372 1058 38 2664 2450 15862 794 5285 557 828 1117 1541 69 1446 926 1242 161 2257 502 3358 6421 7051 1691 58 3066 20 1590 54
internal_value=-5.19962e-05 0.00897682 -0.329866 -0.506767 -1.17253 0.00108767 0.0126366 0.0231246 0.0352848 -0.00327523 -0.22487 -0.139281 -0.0379892 0.0471659 -0.301413 -0.362136 0.0853943 0.121564 0.643181 -0.155763 0.109428 0.0685346 0.000115735 -0.106416 0.0965558 -0.274696 0.383243 -1.15606 -0.295391 -0.756496
internal_weight=65976 64218 1758 1386 328 63016 60352 58346 55896 38631 7163 6369 5792 31468 3110 3041 28358 17265 1403 4964 27432 23864 18579 12158 5107 1749 3568 577 3847 1595
internal_count=65976 64218 1758 1386 328 63016 60352 58346 55896 38631 7163 6369 5792 31468 3110 3041 28358 17265 1403 4964 27432 23864 18579 12158 5107 1749 3568 577 3847 1595
cat_boundaries=0 1
cat_threshold=17
is_linear=0
shrinkage=0.05


Tree=145
num_leaves=31
num_cat=0
split_feature=0 64 69 20 1 2 73 72 1 1 73 15 14 3 61 1 69 75 31 1 5 4 0 7 71 75 0 75 62 2
split_gain=79338.4 86240.6 74261.5 86845.6 85881.2 115161 106318 176140 103376 92952.2 79743.5 75601.8 71666.3 71399 77146.2 69344.4 68210.4 66843.8 65460.6 61622.9 61577.5 114044 59436.3 59955.8 58709.5 120364 104697 115714 104127 96236.1
threshold=2023.5000000000002 1.0000000180025095e-35 75.980277777777815 0.15000000000000005 4.5000000000000009 23.500000000000004 -0.89999999999999802 12.008333333333336 1.5000000000000002 8.5000000000000018 -3.4333333333333318 0.15000000000000005 1.9500000000000002 9.5000000000000018 1066.0376582755603 3.5000000000000004 445.56180555555562 2055.8465000000006 7.5000000000000009 6.5000000000000009 1.0000000180025095e-35 6.5000000000000009 2019.5000000000002 1.0000000180025095e-35 20.191666666666674 1358.0430000000003 2020.5000000000002 1611.0641042860404 1535.4945 4.5000000000000009
decision_type=2 2 2 2 2 2 2 2 2 2 2 2 2 2 2 2 2 2 2 2 2 2 2 2 2 2 2 2 2 2
left_child=1 2 4 17 5 8 7 11 -1 18 -9 -6 -3 -5 -15 -7 -2 24 22 -20 -10 -22 -8 -24 -4 28 -27 -28 29 -26
right_child=16 12 3 13 6 15 9 10 20 -11 -12 -13 -14 14 -16 -17 -18 -19 19 -21 21 -23 23 -25 25 26 27 -29 -30 -31
leaf_value=0.5849424031665672 0.088977329828089785 -0.26279104095153194 -0.015015213208080939 -0.041868001947793748 0.25318720594251187 -0.42422090120401806 0.46931813429560076 -0.87229360790730548 -0.48723072361561892 -0.08959229827672395 -0.25079108403827793 1.5540290937279211 -1.5868753938474389 1.5998600451889651 0.45994787131778048 0.38230583138467972 0.82306156542359121 -2.1867424936855544 0.053700540311468085 -0.52088528938796541 -4.1855854555964473 -0.1093969763130755 0.17475986106788743 -0.68809928379531182 1.876839225120702 -0.19090958249173062 0.97715165463444742 0.110741982518408 2.3131979886044576 0.16002854800769983
leaf_weight=227 13572 2275 14774 567 726 387 1882 580 2710 8744 4686 132 107 179 869 856 324 34 3245 545 32 37 3997 212 106 1739 525 1449 103 355
leaf_count=227 13572 2275 14774 567 726 387 1882 580 2710 8744 4686 132 107 179 869 856 324 34 3245 545 32 37 3997 212 106 1739 525 1449 103 355
internal_value=-5.41032e-05 -0.0283764 -0.0142902 0.0580502 -0.0659299 -0.273598 -0.0302766 -0.211005 -0.440985 0.0291477 -0.319244 0.453317 -0.322269 0.410112 0.654647 0.131199 0.106093 0.0282582 0.134224 -0.0289246 -0.524787 -1.9998 0.23574 0.131299 0.0322113 0.195345 0.0919682 0.34117 0.875912 0.554783
internal_weight=65976 52080 49698 20700 28998 4249 24749 6124 3006 18625 5266 858 2382 1615 1048 1243 13896 19085 9881 3790 2779 69 6091 4209 19051 4277 3713 1974 564 461
internal_count=65976 52080 49698 20700 28998 4249 24749 6124 3006 18625 5266 858 2382 1615 1048 1243 13896 19085 9881 3790 2779 69 6091 4209 19051 4277 3713 1974 564 461
is_linear=0
shrinkage=0.05


Tree=146
num_leaves=31
num_cat=1
split_feature=68 74 4 60 13 74 75 60 72 68 57 61 1 2 51 69 73 72 48 1 72 35 69 75 59 57 72 73 57 4
split_gain=75015.2 76943.5 101335 157137 138813 170101 137012 120966 105181 103305 168201 102366 89243.6 304079 83915.1 81390.5 94562.6 79438 79332.8 145612 73816.3 77312.5 75331.7 71165.3 71108.5 89607.2 68237.8 67657.7 66392.5 66199.3
threshold=36.487500000000004 -2.5166666666666648 5.5000000000000009 1229.5090000000002 0 0.46666666666666706 1917.7038333333335 1009.5020000000001 19.225000000000005 14.687500000000005 1256.7745000000002 1099.3549699458151 1.5000000000000002 2.5000000000000004 0.79166666650000017 124.69444444444453 3.1000000000000014 3.7250000000000005 0.29166666650000006 2.5000000000000004 32.441666666666677 99.500000000000014 115.56250000000004 1372.4351936632754 1238.2425000000001 1287.1944950832053 25.866666666666671 -4.0999999999999952 1466.6240000000003 6.5000000000000009
decision_type=2 2 2 2 9 2 2 2 2 2 2 2 2 2 2 2 2 2 2 2 2 2 2 2 2 2 2 2 2 2
left_child=1 -1 3 4 5 17 7 9 12 10 14 24 13 -7 -4 16 27 -3 19 -6 21 22 29 -18 -9 -26 -17 -5 -22 -13
right_child=-2 2 6 15 18 8 -8 11 -10 -11 -12 20 -14 -15 -16 26 23 -19 -20 -21 28 -23 -24 -25 25 -27 -28 -29 -30 -31
leaf_value=0.11065979139147655 0.57156903462350273 0.34526879120112358 -0.63057856560789438 -1.5240429658711572 -3.8704278727940151 5.5600593720712972 -1.3987772431211469 0.057479637185767464 0.56300667063270848 -0.01324360975300496 -1.8837255760540614 -0.27010681699143402 0.1243827441870724 0.49221017849297466 -0.12640580241810404 -0.018333408078883836 -0.74446355366986883 -0.036016610885821081 0.10152569978106847 -0.57687328758780942 0.22295621960509979 0.37389796975808048 -0.0082437786046887611 -2.6759336012758705 0.8357084548468795 -0.4270491361867782 1.1028647291447435 -0.19303223922342888 2.4424872984277446 -0.80354392317175449
leaf_weight=11784 569 1510 1708 97 35 31 213 4141 2263 1889 199 1644 7200 655 1597 4425 292 14330 462 815 119 485 1460 57 653 179 140 6077 47 900
leaf_count=11784 569 1510 1708 97 35 31 213 4141 2263 1889 199 1644 7200 655 1597 4425 292 14330 462 815 119 485 1460 57 653 179 140 6077 47 900
internal_value=-5.13977e-05 -0.00502414 -0.0304464 0.0128527 0.0773204 0.102682 -0.139558 -0.121702 0.262528 -0.311288 -0.471963 -0.0155082 0.176302 0.721224 -0.386959 -0.145881 -0.259206 0.000330672 -0.422626 -0.71249 -0.18402 -0.222308 -0.294526 -1.05992 0.142228 0.564033 0.0160516 -0.213944 0.851378 -0.458823
internal_weight=65976 65407 53623 38389 27301 25989 15234 15021 10149 5393 3504 9628 7886 686 3305 11088 6523 15840 1312 850 4655 4489 4004 349 4973 832 4565 6174 166 2544
internal_count=65976 65407 53623 38389 27301 25989 15234 15021 10149 5393 3504 9628 7886 686 3305 11088 6523 15840 1312 850 4655 4489 4004 349 4973 832 4565 6174 166 2544
cat_boundaries=0 1
cat_threshold=1
is_linear=0
shrinkage=0.05


Tree=147
num_leaves=31
num_cat=0
split_feature=0 61 63 15 75 62 72 1 1 2 69 17 69 35 72 32 57 63 2 2 73 32 2 72 56 0 69 60 1 69
split_gain=73536.8 78095.9 81090.3 93234 73452.6 96335.6 70940.4 70247.4 159065 121410 116584 101163 85525.9 89770.8 80722.3 128101 77477.5 104439 119729 104153 90636.1 96072.6 83017.9 76275.7 82650.7 107886 101265 93694.4 89123.6 85401.2
threshold=2020.5000000000002 1149.7185000000002 931.21414199302865 0.75000000000000011 930.26044845696072 832.09022173810115 14.875000000000004 1.5000000000000002 2.5000000000000004 18.500000000000004 469.08347222222216 1.6500000000000001 92.801111111111126 1.0000000180025095e-35 0.56666666666666676 13.500000000000002 1318.3505482889752 1255.2836706628702 4.5000000000000009 1.5000000000000002 0.79999999999999771 12.500000000000002 2.5000000000000004 26.850000000000005 1785.3995000000002 2022.5000000000002 204.96694444444452 1037.8024960080004 4.5000000000000009 337.02847222222232
decision_type=2 2 2 2 2 2 2 2 2 2 2 2 2 2 2 2 2 2 2 2 2 2 2 2 2 2 2 2 2 2
left_child=1 2 4 -4 -1 -6 -5 9 10 14 -9 -11 13 -10 15 -2 17 -16 19 -19 -18 -22 -21 24 25 28 27 -27 -14 -26
right_child=7 -3 3 6 5 -7 -8 8 12 11 -12 -13 23 -15 16 -17 20 18 -20 22 21 -23 -24 -25 29 26 -28 -29 -30 -31
leaf_value=-0.037586026806972636 0.53332202043384314 -0.188677205434339 0.065224955626956169 1.1098221702227096 -1.0833553227996455 -0.20636323565996967 -1.1440743215573139 -0.41719166024981225 0.11715985434413792 0.0016782133945173795 0.46486604107773943 -1.9173205937983262 -0.24603794843613058 -0.084577194633870922 0.33534751953803088 2.8267369341555533 0.34344032078876463 0.36475821518898011 0.78189529435539784 6.7287477674938394 -3.9851371970176701 -0.62019396441323416 2.7303311586380006 0.98418335130319312 -0.23796788102925071 -0.13310390010452747 0.77139890128617183 0.43526768224934742 0.22614640654298329 1.9475527990771377
leaf_weight=6257 184 8625 8704 333 400 1442 39 2955 9495 1488 429 72 1719 13154 1136 91 284 25 220 21 25 140 34 282 1580 1116 1223 2070 2387 46
leaf_count=6257 184 8625 8704 333 400 1442 39 2955 9495 1488 429 72 1719 13154 1136 91 284 25 220 21 25 140 34 282 1580 1116 1223 2070 2387 46
internal_value=-4.88274e-05 -0.0659211 -0.00427504 0.098355 -0.119286 -0.396807 0.873527 0.0422527 0.0211329 0.249226 -0.305371 -0.086891 0.0545415 -4.22099e-06 0.491978 1.29223 0.375229 0.554475 1.38424 3.04067 -0.198037 -1.13003 4.257 0.173068 0.150513 0.212889 0.384641 0.236177 0.0284638 -0.176139
internal_weight=65976 25800 17175 9076 8099 1842 372 40176 36456 3720 3384 1560 33072 22649 2160 275 1885 1436 300 80 449 165 55 10423 10141 8515 4409 3186 4106 1626
internal_count=65976 25800 17175 9076 8099 1842 372 40176 36456 3720 3384 1560 33072 22649 2160 275 1885 1436 300 80 449 165 55 10423 10141 8515 4409 3186 4106 1626
is_linear=0
shrinkage=0.05


Tree=148
num_leaves=31
num_cat=1
split_feature=3 3 13 75 4 3 4 57 3 4 72 61 74 57 3 7 66 73 41 3 61 61 16 71 57 58 75 59 68 10
split_gain=71377.4 80266.5 124820 188084 140423 148232 484428 134318 124458 119200 201583 173395 120320 111135 114885 108890 108475 107628 113774 235480 138453 107135 106943 98815.5 97461.1 107644 95689.5 102033 96337.1 93760.6
threshold=22.500000000000004 18.500000000000004 0 1451.9410561069235 2.5000000000000004 5.5000000000000009 1.5000000000000002 1651.2740000000001 1.0000000180025095e-35 6.5000000000000009 30.341666666666669 1015.3567807755601 3.4833333333333365 1037.8024960080004 6.5000000000000009 1.0000000180025095e-35 29.866666666666671 3.2500000000000031 94.500000000000014 10.500000000000002 966.18950509027707 1736.9840000000002 0.15000000000000005 3.4250000000000003 963.41675124551409 1058.6665000000003 1003.842405374508 1077.0421816130354 7.6625000000000023 1.0000000180025095e-35
decision_type=2 2 9 2 2 2 2 2 2 2 2 2 2 2 2 2 2 2 2 2 2 2 2 2 2 2 2 2 2 2
left_child=1 2 4 16 5 6 7 24 -6 12 11 13 17 14 -11 -7 26 18 20 -20 -10 -13 -21 -3 25 -1 -4 28 -28 -25
right_child=-2 23 3 -5 8 15 -8 -9 9 10 -12 21 -14 -15 -16 -17 -18 -19 19 22 -22 -23 -24 29 -26 -27 27 -29 -30 -31
leaf_value=-0.4238585936368453 -0.2495080753682172 0.88947211011097993 -0.017777831387798211 -2.1432417856966892 0.33949274758916781 0.29004048691039858 0.4093975805903175 -4.6996121883392332 0.071243630814339487 -0.092416725978530817 0.96110725352918969 -0.63095071257479995 0.17709349180904432 0.17883168443227104 -0.77199905929307089 -0.29933662698484764 1.2027570335880706 -0.55727260305131565 -0.19022062186345226 0.33998793801436061 -0.22636478254658388 -2.662725688806221 1.1550876147925322 0.096188514430626273 -1.062540578432587 2.3427375207344694 -4.8385230062972937 -0.28084464669227599 -1.3136924917824448 2.9933762612087387
leaf_weight=1505 2748 416 728 149 1904 9048 2286 20 6259 1690 320 2052 5607 1655 984 858 114 1132 2094 1430 10404 67 560 10552 724 36 21 333 252 28
leaf_count=1505 2748 416 728 149 1904 9048 2286 20 6259 1690 320 2052 5607 1655 984 858 114 1132 2094 1430 10404 67 560 10552 724 36 21 333 252 28
internal_value=-4.63868e-05 0.0107957 -0.0150526 -0.448881 -0.00128101 0.13031 -0.105219 -0.620061 -0.053968 -0.0758384 -0.263804 -0.324593 -0.0295549 -0.143189 -0.342495 0.238992 -0.27763 -0.0825133 -0.0566094 0.1799 -0.114576 -0.695193 0.569363 0.133577 -0.584039 -0.359227 -0.40414 -0.868285 -1.58483 0.103856
internal_weight=65976 63228 52232 1597 50635 14477 4571 2285 36158 34254 6768 6448 27486 4329 2674 9906 1448 21879 20747 4084 16663 2119 1990 10996 2265 1541 1334 606 273 10580
internal_count=65976 63228 52232 1597 50635 14477 4571 2285 36158 34254 6768 6448 27486 4329 2674 9906 1448 21879 20747 4084 16663 2119 1990 10996 2265 1541 1334 606 273 10580
cat_boundaries=0 1
cat_threshold=9
is_linear=0
shrinkage=0.05


Tree=149
num_leaves=31
num_cat=0
split_feature=68 72 1 73 0 57 63 75 72 75 75 69 1 2 3 72 1 41 73 1 67 4 71 37 57 38 2 2 62 65
split_gain=70965.3 69464.9 76584.6 126686 127327 117729 105446 102889 85533 81062.5 80885.4 107076 135363 181893 219001 126256 109239 103345 103062 96420.8 112861 90454.8 88184.3 78973.7 76900.2 76111.8 78892.9 75511.9 71338.3 69195.9
threshold=35.562500000000007 -3.4499999999999997 4.5000000000000009 0.10000000000000232 2022.5000000000002 1263.4405000000002 1201.5390941958901 1352.8733333333337 18.858333333333338 636.57875193327425 1611.0641042860404 80.700277777777799 11.500000000000002 30.500000000000004 18.500000000000004 9.5750000000000028 8.5000000000000018 1.0000000180025095e-35 1.3833333333333304 6.5000000000000009 18.287500000000005 2.5000000000000004 34.291666666666679 38.500000000000007 1514.9985000000004 74.500000000000014 2.5000000000000004 16.500000000000004 1257.3002172147101 1.0000000180025095e-35
decision_type=2 2 2 2 2 2 2 2 2 2 2 2 2 2 2 2 2 2 2 2 2 2 2 2 2 2 2 2 2 2
left_child=1 -1 3 4 25 7 -7 29 -6 -4 11 16 15 28 -15 21 17 -11 22 -19 -21 -13 -12 -24 -8 26 -3 -18 -14 -5
right_child=-2 2 9 5 8 6 24 -9 -10 10 18 12 13 14 -16 -17 27 19 -20 20 -22 -23 23 -25 -26 -27 -28 -29 -30 -31
leaf_value=0.34606338511207507 0.42761202586627722 -1.0548822565705263 -1.0947696231166768 -0.10786260396957768 0.28822291203421779 -1.2182978661083359 -0.22310802507278271 2.6966014236211779 -1.2070403297640839 0.22967276914333945 -0.34888463742967696 1.8284153594404733 -0.070319935711165932 -0.78999200619540177 -5.7768973691122874 0.26737028988400691 -0.20253617707090857 0.047091578102316074 0.60062108114061341 -1.7197522327803925 -0.25611397397708524 0.61403142037050262 1.0430885977442796 -1.0401167866356413 -1.3366568581709131 0.12474368346949759 -0.17744165806087892 0.032268178898177048 0.47890588700406361 -0.68132433983598595
leaf_weight=1369 956 275 161 8439 3971 466 1302 32 98 7477 3180 218 2941 103 28 4497 7637 6688 372 149 1135 517 211 58 176 2269 3743 6207 740 561
leaf_count=1369 956 275 161 8439 3971 466 1302 32 98 7477 3180 218 2941 103 28 4497 7637 6688 372 149 1135 517 211 58 176 2269 3743 6207 740 561
internal_value=-4.40671e-05 -0.00633197 -0.0139113 -0.0911597 0.0342825 -0.209516 -0.562482 -0.133546 0.25221 0.0250279 0.0293043 0.0511691 0.201556 -0.0250637 -1.8559 0.366669 0.0047383 0.0961408 -0.19007 -0.0290998 -0.42596 0.974216 -0.275352 0.593922 -0.355709 -0.106762 -0.237495 -0.0972609 0.0400922 -0.143608
internal_weight=65976 65020 63651 21332 10356 10976 1944 9032 4069 42319 42158 38337 9044 3812 131 5232 29293 15449 3821 7972 1284 735 3449 269 1478 6287 4018 13844 3681 9000
internal_count=65976 65020 63651 21332 10356 10976 1944 9032 4069 42319 42158 38337 9044 3812 131 5232 29293 15449 3821 7972 1284 735 3449 269 1478 6287 4018 13844 3681 9000
is_linear=0
shrinkage=0.05


Tree=150
num_leaves=31
num_cat=0
split_feature=71 73 60 69 57 62 72 21 3 72 61 3 63 75 57 1 37 54 75 72 63 40 57 57 4 60 3 71 61 35
split_gain=67890.4 142675 107009 146384 137375 125995 92464 73945.8 177110 99006 84600.7 160146 111757 107334 102786 100459 84307.5 97660.8 82045.5 101278 79812.1 73920.7 73799.9 94723 76953.3 110911 73561.2 68929.7 68745.3 66644.3
threshold=24.833333333333339 0.73333333333333972 1322.6396222147102 110.95111111111113 1390.2300000000002 1408.9237319689053 4.8916666666666684 1.0000000180025095e-35 10.500000000000002 12.875000000000004 999.6592288047766 7.5000000000000009 879.94600000000014 840.06466666666677 884.37650000000019 5.5000000000000009 91.500000000000014 0.95833333350000005 930.26044845696072 18.725000000000005 792.99500000000012 99.500000000000014 1287.1944950832053 1106.8703339874303 3.5000000000000004 877.88233040001853 8.5000000000000018 7.8583333333333352 1055.2315000000001 56.500000000000007
decision_type=2 2 2 2 2 2 2 2 2 2 2 2 2 2 2 2 2 2 2 2 2 2 2 2 2 2 2 2 2 2
left_child=2 28 5 4 21 7 -6 10 -9 16 12 14 18 -14 -12 -13 -10 -18 -1 20 -20 -4 23 24 25 26 -15 -23 -2 -30
right_child=1 -3 3 -5 6 -7 -8 8 9 -11 11 15 13 22 -16 -17 17 -19 19 -21 -22 27 -24 -25 -26 -27 -28 -29 29 -31
leaf_value=-0.010225724564188224 0.45932227537618503 0.4133035391228278 -0.36841724709179602 -0.042271234969916568 -2.3152601163988273 0.30584076531093479 -0.81947511867205114 -0.18765130891149162 0.19634041661390578 -0.23817229601933343 -1.7521205044946364 -0.1715100153841822 -0.2206814718062684 0.6167042889803982 -0.4159928738501571 0.054345095768314471 1.1269423945111479 0.12037231434387262 -1.4212921918513111 0.24674937849989115 -0.42237876236791494 1.8480193822399569 -1.4760636665781992 0.75249953691826699 0.066936144102300921 0.22971755623658618 1.8138721427246929 -0.10643561423361839 -0.0075733658689813473 -0.62295579519397337
leaf_weight=8995 729 2929 1449 4991 121 3258 707 1845 770 418 155 9879 1422 358 2017 9815 916 327 260 433 866 76 61 890 3899 1640 200 111 5964 475
leaf_count=8995 729 2929 1449 4991 121 3258 707 1845 770 418 155 9879 1422 358 2017 9815 916 327 260 433 866 76 61 890 3899 1640 200 111 5964 475
internal_value=-4.18637e-05 0.119277 -0.0216021 -0.197947 -0.513278 0.00554663 -1.03806 -0.0161148 0.181724 0.46206 -0.0368034 -0.103887 0.0403016 0.175579 -0.511343 -0.0589494 0.607463 0.862141 -0.0682636 -0.403126 -0.653034 -0.247678 0.255528 0.270645 0.200308 0.436893 1.0458 0.687888 -0.000868529 -0.0529696
internal_weight=65976 10097 55879 7455 2464 48424 828 45166 4276 2431 40890 21866 19024 8470 2172 19694 2013 1243 10554 1559 1126 1636 7048 6987 6097 2198 558 187 7168 6439
internal_count=65976 10097 55879 7455 2464 48424 828 45166 4276 2431 40890 21866 19024 8470 2172 19694 2013 1243 10554 1559 1126 1636 7048 6987 6097 2198 558 187 7168 6439
is_linear=0
shrinkage=0.05


Tree=151
num_leaves=31
num_cat=0
split_feature=69 64 74 60 62 73 61 57 56 73 60 1 72 21 3 72 37 74 61 3 62 61 2 73 3 57 3 71 61 59
split_gain=69454.4 97593.4 70616.6 116649 97705.1 91716.2 85224.5 79477.2 84770.2 78705.9 75413.3 68800.5 67809.3 74771.2 142674 97667.7 83399.5 76076.9 83455.5 79451.5 74918.7 108015 66520.1 65682.8 65032.9 64686.5 63801.1 59057.9 59018.5 72870.9
threshold=174.24000000000004 1.0000000180025095e-35 -2.2333333333333307 1322.6396222147102 1390.3055000000002 -1.5833333333333326 1079.0013751079453 1287.1944950832053 1224.8613333333335 -4.3083333333333336 1367.9363905008702 5.5000000000000009 29.875000000000004 1.0000000180025095e-35 10.500000000000002 13.908333333333335 96.500000000000014 5.2000000000000011 999.6592288047766 7.5000000000000009 1008.5268954495851 838.58069626060467 1.5000000000000002 1.0166666666666704 17.500000000000004 884.37650000000019 1.5000000000000002 17.408333333333339 1198.6563375364951 1047.0954852455152
decision_type=2 2 2 2 2 2 2 2 2 2 2 2 2 2 2 2 2 2 2 2 2 2 2 2 2 2 2 2 2 2
left_child=2 -2 5 4 12 10 7 8 -5 -8 -1 -7 13 17 -15 16 -16 18 20 25 27 -22 -21 -13 -18 -20 -11 -4 29 -6
right_child=1 -3 3 6 28 11 9 -9 -10 26 -12 23 -14 14 15 -17 24 -19 19 22 21 -23 -24 -25 -26 -27 -28 -29 -30 -31
leaf_value=-0.034792488607102379 0.16012340901427047 -0.22269278682090674 -0.1328457475461384 0.034732164646685125 3.4335529661178592 -0.050180685737999359 -1.9232558545867602 -1.1577448452988717 1.4647746132255275 0.12560720283009996 -0.74240963817052885 0.14980714211810789 0.36931842660720993 -0.27595518803008645 0.22211589252886677 -0.41284949795100029 1.2747504793957343 0.15175803833191004 -1.7250285959785636 -0.80988055651321234 1.6873886577000743 0.18347876200288049 -0.13658827222955211 0.53430582334263843 0.32081082921461224 -0.46134914798416826 -0.36150624723963276 0.12449107456951114 0.21027343831576406 0.68070481449735076
leaf_weight=1218 11153 1957 8266 250 30 3352 75 73 177 783 545 5692 953 1064 732 276 540 3054 110 380 133 1167 10599 1380 267 1276 4751 3053 2549 121
leaf_count=1218 11153 1957 8266 250 30 3352 75 73 177 783 545 5692 953 1064 732 276 540 3054 110 380 133 1167 10599 1380 267 1276 4751 3053 2549 121
internal_value=-3.97707e-05 0.102978 -0.0255868 -0.0572167 -0.021624 0.0799908 -0.258631 0.366866 0.627513 -0.314389 -0.25354 0.1364 -0.0460904 -0.0588951 0.183761 0.453258 0.608584 -0.0838116 -0.112607 -0.204924 -0.0221483 0.33734 -0.159892 0.224837 0.959135 -0.561641 -0.292585 -0.063436 0.26717 1.22763
internal_weight=65976 13110 52866 40679 34570 12187 6109 500 427 5609 1763 10424 31870 30917 2879 1815 1539 28038 24984 12365 12619 1300 10979 7072 807 1386 5534 11319 2700 151
internal_count=65976 13110 52866 40679 34570 12187 6109 500 427 5609 1763 10424 31870 30917 2879 1815 1539 28038 24984 12365 12619 1300 10979 7072 807 1386 5534 11319 2700 151
is_linear=0
shrinkage=0.05


Tree=152
num_leaves=31
num_cat=1
split_feature=0 64 68 1 21 13 2 4 38 2 3 2 75 60 75 3 73 9 4 58 60 66 2 1 63 2 2 72 43 0
split_gain=69812.6 70141.2 70387.4 70427.5 64953.4 60793.6 168031 144741 105958 85626.4 67108.9 64687.7 64253.3 93648.5 57896.6 56405.6 56115.7 54882.1 57323.8 82615.5 77145.5 151299 108440 110014 91424.3 137304 69760.5 80415.6 105857 69780.9
threshold=2023.5000000000002 1.0000000180025095e-35 -5.5374999999999988 2.5000000000000004 1.5500000000000003 0 30.500000000000004 6.5000000000000009 10.500000000000002 7.5000000000000009 22.500000000000004 9.5000000000000018 1611.0641042860404 1037.8024960080004 2055.8465000000006 8.5000000000000018 -8.4249999999999972 1.0000000180025095e-35 2.5000000000000004 707.01897240001915 1040.5738653254152 21.991666666666671 4.5000000000000009 8.5000000000000018 1418.9445000000003 2.5000000000000004 1.5000000000000002 18.058333333333341 0.29166666650000006 2018.5000000000002
decision_type=2 2 2 2 2 9 2 2 2 2 2 2 2 2 2 2 2 2 2 2 2 2 2 2 2 2 2 2 2 2
left_child=1 2 3 -1 -3 6 7 8 9 -4 14 -11 13 -13 17 -9 -2 18 20 -20 21 -7 23 24 -22 -26 27 28 29 -21
right_child=16 4 5 -5 -6 10 -8 15 -10 11 -12 12 -14 -15 -16 -17 -18 -19 19 26 22 -23 -24 -25 25 -27 -28 -29 -30 -31
leaf_value=1.3572591198284343 1.6382623788158772 -0.25752827622812408 0.89693873962759985 -0.22430917215451862 -2.2895029878430071 0.12633891331017666 -4.5025270462036131 -0.095012328501731635 -1.2628495283235635 -2.30333522475043 -0.29284982418865207 -0.86420954884108137 -2.4750151505431859 0.42663113928519858 -2.0595875912729436 1.7974220292766891 0.092972546378964321 -2.5510563453038535 -0.71972299355613156 -2.9261692233880363 0.75646593356505043 0.87918517875716395 -0.11679161936493349 -0.23589499097046529 0.54125112851460777 5.4096541064126153 -0.0072994366991152894 0.11044082710933355 -0.049923349740921955 -1.0471857966376203
leaf_weight=184 59 2342 150 114 40 6404 24 63 315 43 2001 262 32 303 34 105 13837 21 428 60 370 745 5257 275 30 28 31488 414 268 280
leaf_count=184 59 2342 150 114 40 6404 24 63 315 43 2001 262 32 303 34 105 13837 21 428 60 370 745 5257 275 30 28 31488 414 268 280
internal_value=-3.77824e-05 -0.0266054 -0.013902 0.75223 -0.29165 -0.0185236 -0.35499 -0.279584 -0.48747 -0.1783 -0.0093757 -0.430309 -0.295401 -0.171953 0.00292611 1.08776 0.0995336 0.00444833 0.00561378 -0.0295806 0.094044 0.204793 -0.0387994 0.544423 1.04579 2.89151 -0.0204947 -0.427044 -0.793029 -1.37877
internal_weight=65976 52080 49698 298 2382 49400 1297 1273 1105 790 48103 640 597 565 46102 168 13896 46068 46047 32938 13109 7149 5960 703 428 58 32510 1022 608 340
internal_count=65976 52080 49698 298 2382 49400 1297 1273 1105 790 48103 640 597 565 46102 168 13896 46068 46047 32938 13109 7149 5960 703 428 58 32510 1022 608 340
cat_boundaries=0 1
cat_threshold=54
is_linear=0
shrinkage=0.05


Tree=153
num_leaves=31
num_cat=0
split_feature=0 61 63 35 72 1 1 73 57 63 63 71 2 69 61 66 2 3 61 27 75 2 68 71 37 75 62 5 2 4
split_gain=66461.4 76131 68843 81842.8 79021.5 65951.8 142478 120684 107657 164916 125554 119751 106318 100411 93059.5 92282.9 79960.7 70342.7 82562.7 78334.6 66008.6 90085.1 82450.3 71379.4 113684 64695.2 79062.4 64080.9 175003 63664.2
threshold=2020.5000000000002 1142.1945000000003 931.21414199302865 97.500000000000014 10.958333333333337 1.5000000000000002 3.5000000000000004 -5.6416666666666657 1314.1730000000002 1168.9056892414253 1341.3690000000004 0.31666666666666671 15.500000000000002 207.3600000000001 1265.2616052755602 10.508333333333336 25.500000000000004 11.500000000000002 928.74282987135609 0.15000000000000005 1734.8551666666667 26.500000000000004 28.462500000000009 34.291666666666679 22.500000000000004 930.26044845696072 832.09022173810115 1.0000000180025095e-35 18.500000000000004 5.5000000000000009
decision_type=2 2 2 2 2 2 2 2 2 2 2 2 2 2 2 2 2 2 2 2 2 2 2 2 2 2 2 2 2 2
left_child=1 2 25 27 -5 8 7 29 9 -2 15 12 -11 20 16 -10 17 18 -9 -19 22 23 -8 -22 -25 -1 -27 -4 -29 -7
right_child=5 -3 3 4 -6 6 13 14 10 11 -12 -13 -14 -15 -16 -17 -18 19 -20 -21 21 -23 -24 24 -26 26 -28 28 -30 -31
leaf_value=-0.028980940987762122 0.13340186841673701 -0.18099457381877762 0.063748031852135553 0.84059663721651301 -0.25974386289086382 1.1521433444790865 0.038203669648433122 0.18455866417723493 -0.49905068811507719 5.3835036773681644 0.35277721508109983 0.75785879131810618 1.6839231849230569 0.40165849887110955 -0.48210316644327655 -2.9317246380306425 -0.5655758011959553 0.12147168774044495 -0.41704130677869067 1.1542059097179147 -0.20829620389574904 -0.90772724846842456 0.37337886687157418 1.3696768612994088 -1.0429707981090048 -0.98819415658526122 -0.1934064228529021 -3.1362488477889983 0.71981400455678668 -1.4143396304713356
leaf_weight=6256 1660 8902 7828 640 219 230 23250 972 543 25 607 756 87 2098 2279 42 743 1258 1380 215 1368 397 1992 180 67 400 1437 56 62 27
leaf_count=6256 1660 8902 7828 640 219 230 23250 972 543 25 607 756 87 2098 2279 42 743 1258 1380 215 1368 397 1992 180 67 400 1437 56 62 27
internal_value=-3.58928e-05 -0.0626591 -0.000319055 0.0964357 0.560067 0.0401791 0.0197153 -0.181206 0.240725 0.425426 -0.150991 0.983906 2.50972 0.0683439 -0.221133 -0.673704 -0.0909333 0.00126527 -0.168421 0.27221 0.0426855 -0.232929 0.0646544 -0.0670504 0.715234 -0.105586 -0.366469 0.0463149 -1.11018 0.882513
internal_weight=65976 25800 16898 8805 859 40176 36456 7104 3720 2528 1192 868 112 29352 6847 585 4568 3825 2352 1473 27254 2012 25242 1615 247 8093 1837 7946 118 257
internal_count=65976 25800 16898 8805 859 40176 36456 7104 3720 2528 1192 868 112 29352 6847 585 4568 3825 2352 1473 27254 2012 25242 1615 247 8093 1837 7946 118 257
is_linear=0
shrinkage=0.05


Tree=154
num_leaves=31
num_cat=0
split_feature=72 33 1 61 63 63 61 1 2 2 3 63 0 65 27 0 2 2 1 2 73 0 4 2 75 63 69 73 72 1
split_gain=64614.4 163283 85805.4 129212 173725 118889 125211 110469 147097 397999 341482 107619 95327.9 91978.7 88797 88730.3 101447 126463 142894 167482 84538.6 87154.5 87538.4 83615.4 83235 149022 96181.8 118866 90561.3 86689.7
threshold=-0.62499999999999967 15.500000000000002 4.5000000000000009 1144.7620000000004 1125.0610000000001 998.17203811231764 989.9788993047772 1.5000000000000002 2.5000000000000004 1.5000000000000002 12.500000000000002 1228.7154556123153 2020.5000000000002 1.0000000180025095e-35 1.0000000180025095e-35 2024.5000000000002 19.500000000000004 26.500000000000004 6.5000000000000009 24.500000000000004 1.9833333333333343 2023.5000000000002 1.5000000000000002 18.500000000000004 1997.5980000000004 1789.2425000000001 174.24000000000004 -4.3083333333333336 24.425000000000001 10.500000000000002
decision_type=2 2 2 2 2 2 2 2 2 2 2 2 2 2 2 2 2 2 2 2 2 2 2 2 2 2 2 2 2 2
left_child=1 -1 3 5 -5 6 -2 8 9 10 -6 -11 -10 14 -7 24 -17 18 -18 -20 21 -16 -23 -3 26 -26 27 29 -27 -4
right_child=2 23 15 4 7 13 -8 -9 12 11 -12 -13 -14 -15 20 16 17 -19 19 -21 -22 22 -24 -25 25 28 -28 -29 -30 -31
leaf_value=-0.043878535348731464 -0.061298312127825216 1.1744353689267495 -0.9982313487491723 -0.959221806404571 -5.7377104187011723 0.11887864355349853 -0.70569907720353753 -0.32975381232690781 -0.58914361740866605 1.7776879723866781 1.3099886951934208 5.5952076315879822 0.21218710275333283 -0.57384738538602675 0.53570175406426357 0.07407149958220878 0.67546428017584348 0.018482370829830567 1.4629494863841683 4.9575535833835609 -0.51203833446956015 3.7274425892602832 1.1841465167187413 0.28290656891194643 -1.9574242255172216 -0.88974014939994772 0.2686621036343329 0.007725122178731933 0.65318798102588971 0.5822641046981345
leaf_weight=1955 6542 526 478 809 25 4172 852 4096 507 30 55 48 1385 388 732 1392 336 336 120 48 142 42 174 526 148 183 3555 36070 198 106
leaf_count=1955 6542 526 478 809 25 4172 852 4096 507 30 55 48 1385 388 732 1392 336 336 120 48 142 42 174 526 148 183 3555 36070 198 106
internal_value=-3.40984e-05 0.226398 -0.0108471 -0.0964015 -0.270452 -0.00359874 -0.135552 -0.179789 0.119849 1.58549 -0.892417 4.12693 -0.00254581 0.169084 0.223865 0.0289715 0.335927 0.76986 1.27078 2.46141 0.625705 0.796126 1.67868 0.728671 0.0121536 -0.610945 0.0203513 -0.00373191 -0.0879035 -0.711361
internal_weight=65976 3007 62969 19999 6955 13044 7394 6146 2050 158 80 78 1892 5650 5262 42970 2232 840 504 168 1090 948 216 1052 40738 529 40209 36654 381 584
internal_count=65976 3007 62969 19999 6955 13044 7394 6146 2050 158 80 78 1892 5650 5262 42970 2232 840 504 168 1090 948 216 1052 40738 529 40209 36654 381 584
is_linear=0
shrinkage=0.05


Tree=155
num_leaves=31
num_cat=0
split_feature=68 1 68 69 2 3 63 32 3 3 68 58 57 28 75 48 70 60 61 61 56 0 58 59 28 60 0 1 71 4
split_gain=62584.3 75513.3 111535 93956.1 96774.6 279750 88821.6 83253.8 168518 152409 110480 109793 102247 85969.4 71721.3 60807.6 78459.3 60347.2 60328 60107.1 92407.2 59099.3 69735.9 67451.1 70561.6 58844.7 98085.1 69134.7 66741.2 61672.9
threshold=-2.6624999999999992 3.5000000000000004 12.737500000000002 143.20111111111115 30.500000000000004 18.500000000000004 1616.1680000000003 26.500000000000004 10.500000000000002 20.500000000000004 4.762500000000002 1132.1244176462603 1241.1970000000003 84.500000000000014 1143.691166666667 0.45833333350000005 3.5750000000000006 1367.9363905008702 1002.8899887414251 1195.9603952755604 982.50648649302912 2019.5000000000002 1429.1758302887254 1269.7085000000004 97.500000000000014 1459.1030395000002 2022.5000000000002 11.500000000000002 26.191666666666674 1.5000000000000002
decision_type=2 2 2 2 2 2 2 2 2 2 2 2 2 2 2 2 2 2 2 2 2 2 2 2 2 2 2 2 2 2
left_child=-1 2 7 -3 25 6 -6 14 18 10 12 13 -10 -12 -2 16 -16 -4 -9 20 -15 23 -23 -13 -25 26 28 -28 -5 -27
right_child=1 3 17 4 5 -7 -8 8 9 -11 11 21 -14 19 15 -17 -18 -19 -20 -21 -22 22 -24 24 -26 29 27 -29 -30 -31
leaf_value=0.30040671897604876 -0.036866774133346221 -0.0062424575175372829 -0.52694410875657061 0.13848380475151739 -1.0192596575072439 -5.9947622776031499 1.6484136480939293 -0.057484699509168971 2.09307580056366 -0.26347109798227158 -0.0071786628992607203 -0.24066453444729285 0.63277053305710662 2.7876008615228867 -0.34051403469059832 -0.11092659142092154 -1.0579699495539556 -3.0609347442785904 -0.46846008168768283 0.38409315118422876 0.99018249656742796 0.31557788835283018 -0.76568782091140752 -4.5189082336425788 -0.8148144096136094 0.9118053833133466 1.003424218840929 0.23859877926056461 1.4452246865718674 -0.035060259309768173
leaf_weight=1689 2947 41836 1118 3003 97 24 46 2478 163 1103 300 287 453 90 1162 1186 567 24 1396 247 348 1214 170 20 36 185 761 483 101 2442
leaf_count=1689 2947 41836 1118 3003 97 24 46 2478 163 1103 300 287 453 90 1162 1186 567 24 1396 247 348 1214 170 20 36 185 761 483 101 2442
internal_value=-3.23937e-05 -0.00792577 -0.104853 0.0223708 0.18998 -0.999494 -0.161127 -0.0665359 0.0352965 0.245894 0.414713 0.277414 1.01918 0.698665 -0.210807 -0.386657 -0.575793 -0.580198 -0.20558 1.00779 1.35952 0.0371525 0.182763 -0.550385 -2.13771 0.218459 0.331344 0.70647 0.181003 0.0316204
internal_weight=65976 64287 15309 48978 7142 167 143 14167 8305 4431 3328 2712 616 985 5862 2915 1729 1142 3874 685 438 1727 1384 343 56 6975 4348 1244 3104 2627
internal_count=65976 64287 15309 48978 7142 167 143 14167 8305 4431 3328 2712 616 985 5862 2915 1729 1142 3874 685 438 1727 1384 343 56 6975 4348 1244 3104 2627
is_linear=0
shrinkage=0.05


Tree=156
num_leaves=31
num_cat=1
split_feature=74 57 63 13 75 72 68 0 33 64 3 57 66 66 67 75 31 61 62 74 61 57 57 72 63 10 60 68 69 14
split_gain=60722.7 85048 211197 153857 153497 121212 137572 96378.9 84800.3 142377 86397 94601.1 84719 124830 77763.9 77486.4 76080.2 70310.5 113766 106251 80115.6 72599.8 72286.6 69207.4 69159.5 68031.1 67912.4 88185.6 84085.5 66611.7
threshold=-2.1333333333333355 1256.7745000000002 1209.5365228323851 0 1402.7821666666671 6.1416666666666675 12.612500000000002 2023.5000000000002 42.500000000000007 1.0000000180025095e-35 8.5000000000000018 1019.1061220974601 18.308333333333337 11.41666666666667 25.587500000000006 1389.7760000000001 96.500000000000014 999.6592288047766 1011.9520000000001 0.50000000000000544 841.60565187852569 1155.5032503197451 970.25650000000007 25.275000000000006 1303.6415000000004 1.0000000180025095e-35 1373.4328669930303 29.637500000000006 174.24000000000004 1.0000000180025095e-35
decision_type=2 2 2 9 2 2 2 2 2 2 2 2 2 2 2 2 2 2 2 2 2 2 2 2 2 2 2 2 2 2
left_child=25 4 12 26 5 6 7 8 -2 10 -10 16 13 -3 17 24 -12 18 23 22 -20 -22 -19 -7 -5 -1 27 -4 -28 -9
right_child=1 2 3 15 -6 14 -8 29 9 -11 11 -13 -14 -15 -16 -17 -18 19 20 -21 21 -23 -24 -25 -26 -27 28 -29 -30 -31
leaf_value=0.083599338193147132 0.022947471104049627 -0.60450260330551009 0.063632863799344977 -1.5021854413880242 2.227369642792604 -0.060668819545501421 -0.3845312624355724 0.52498099326726499 0.081801630288198895 -0.36873527127429129 0.62102262231531324 0.62273986938505854 -0.22818994645728399 -2.1189394899010661 0.51933780569236787 -1.5852615612618468 2.4712746046591501 -0.64135645914629302 1.5661639575197779 0.020838782569537993 0.19703390414707336 1.4818010902795635 -0.19771084497302582 0.26830058412729069 1.3719603910446168 3.0016555261611941 -0.30146462391239082 0.69570651676423934 0.12586437827295682 1.5846053804827747
leaf_weight=15238 3270 1465 4127 36 78 12997 929 689 592 477 93 1218 1556 150 613 235 138 1078 145 5995 1114 122 6193 1823 50 20 2705 637 2004 189
leaf_count=15238 3270 1465 4127 36 78 12997 929 689 592 477 93 1218 1556 150 613 235 138 1078 145 5995 1114 122 6193 1823 50 20 2705 637 2004 189
internal_value=-3.07736e-05 -0.0263407 -0.136828 -0.0220001 0.0116022 0.00701485 0.185496 0.264937 0.190889 0.408986 0.590747 0.798681 -0.491486 -0.745162 -0.0380503 -1.08162 1.72637 -0.0496457 0.0202437 -0.134998 0.454286 0.323847 -0.263486 -0.0202025 0.16883 0.0874243 0.015032 0.148148 -0.119607 0.753078
internal_weight=65976 50718 12965 9794 37753 37675 7595 6666 5788 2518 2041 1449 3171 1615 30080 321 231 29467 16201 13266 1381 1236 7271 14820 86 15258 9473 4764 4709 878
internal_count=65976 50718 12965 9794 37753 37675 7595 6666 5788 2518 2041 1449 3171 1615 30080 321 231 29467 16201 13266 1381 1236 7271 14820 86 15258 9473 4764 4709 878
cat_boundaries=0 1
cat_threshold=1
is_linear=0
shrinkage=0.05


Tree=157
num_leaves=31
num_cat=0
split_feature=0 56 35 0 71 2 70 2 73 1 1 61 72 72 27 34 9 1 75 75 0 0 62 2 57 72 63 33 66 2
split_gain=60503.1 67888.8 92547.8 62181.7 129699 64865.3 61684.4 60002.4 90770.4 76947 91139.5 119510 108947 106864 99439.1 93865.9 126393 126680 106495 100180 90235 93673.7 87146.3 84460.2 78679.3 129411 80123.4 99498.8 78557.2 74917.5
threshold=2020.5000000000002 1257.4626666666668 55.500000000000007 2019.5000000000002 19.341666666666672 2.5000000000000004 27.025000000000006 25.500000000000004 2.9500000000000028 1.5000000000000002 4.5000000000000009 1268.6025000000002 11.908333333333335 1.9416666666666671 0.15000000000000005 1.0000000180025095e-35 1.0000000180025095e-35 7.5000000000000009 1288.5989892922851 2152.7256666666667 2024.5000000000002 2021.5000000000002 1267.0085000000001 14.500000000000002 1322.6900000000003 5.0083333333333355 1150.5727570364954 49.500000000000007 10.958333333333337 15.500000000000002
decision_type=2 2 2 2 2 2 2 2 2 2 2 2 2 2 2 2 2 2 2 2 2 2 2 2 2 2 2 2 2 2
left_child=1 6 3 4 5 -3 -1 9 -9 24 11 12 14 -12 -11 16 17 19 -18 29 21 -14 -13 -23 25 26 -2 -28 -26 -15
right_child=7 2 -4 -5 -6 -7 -8 8 -10 10 13 22 20 15 -16 -17 18 -19 -20 -21 -22 23 -24 -25 28 -27 27 -29 -30 -31
leaf_value=-0.031149405672560831 0.45355856848338744 -3.3148461520671848 -0.79956352842917433 -0.39918038426197505 0.15017569435138681 -0.64153031861105081 0.67943910997240775 -0.044388760333201986 -0.74618973424112556 0.036617408960463199 0.95249533667706388 -0.97005391965143906 -1.0310226089929737 0.23304633787473109 0.69333365282534287 -0.0086726870549432931 -0.059512543576104304 0.079180504893283071 -2.0393819509325803 3.2965641744675178 -1.2222663179545172 -0.4757449670988006 -0.23453742322661839 0.51525417195994461 -6.9180188897979979e-05 0.18889834944607825 0.85690208580029226 2.4906869882403257 -2.6908488290650503 0.69189762729664228
leaf_weight=20613 342 24 618 1536 2283 416 310 6657 495 4700 361 524 254 1954 657 11684 175 5075 111 31 259 397 1740 469 868 1372 236 154 28 1633
leaf_count=20613 342 24 618 1536 2283 416 310 6657 495 4700 361 524 254 1954 657 11684 175 5075 111 31 259 397 1740 469 868 1372 236 154 28 1633
internal_value=-2.9235e-05 -0.0597794 -0.227774 -0.144805 -0.00131539 -0.787348 -0.0206212 0.0383408 -0.0929614 0.0667769 0.0426514 -0.0904938 0.0151364 0.0996484 0.117159 0.0847485 0.206314 0.24034 -0.827923 0.4664 -0.381192 -0.186693 -0.404772 0.0609509 0.308225 0.475323 1.01217 1.50204 -0.084156 0.441941
internal_weight=65976 25800 4877 4259 2723 440 20923 40176 7152 33024 30024 9000 6736 21024 5357 20663 8979 8693 286 3618 1379 1120 2264 866 3000 2104 732 390 896 3587
internal_count=65976 25800 4877 4259 2723 440 20923 40176 7152 33024 30024 9000 6736 21024 5357 20663 8979 8693 286 3618 1379 1120 2264 866 3000 2104 732 390 896 3587
is_linear=0
shrinkage=0.05


Tree=158
num_leaves=31
num_cat=0
split_feature=72 1 68 57 72 0 63 61 69 2 3 62 10 69 64 32 2 61 75 75 71 0 4 75 72 0 73 72 32 60
split_gain=60202.2 63998.1 99744.6 83898.1 133231 102878 100384 88326.1 81703.1 75581.6 95525 75303.9 66895.4 66008 58991.9 93367.5 67047.4 133425 58690.9 63241.5 129760 57485.4 56421 92279.5 64091 55833.7 54921.3 272097 122407 83386.4
threshold=-3.4499999999999997 3.5000000000000004 11.512500000000005 1244.1988286050353 5.8083333333333345 2024.5000000000002 1150.5727570364954 1084.3310000000004 143.20111111111115 29.500000000000004 20.500000000000004 1422.2505913549351 1.0000000180025095e-35 90.250000000000028 1.0000000180025095e-35 80.500000000000014 2.5000000000000004 1043.4861779458154 723.67556807475842 1383.6600000000003 22.100000000000005 2019.5000000000002 6.5000000000000009 2055.8465000000006 25.275000000000006 2022.5000000000002 -2.4333333333333358 11.775000000000002 92.500000000000014 1367.9363905008702
decision_type=2 2 2 2 2 2 2 2 2 2 2 2 2 2 2 2 2 2 2 2 2 2 2 2 2 2 2 2 2 2
left_child=-1 2 3 4 5 14 21 -6 26 18 -11 -7 -8 -9 15 -2 17 -17 -10 20 25 -5 24 -24 -21 -20 27 28 -3 -29
right_child=1 8 -4 6 7 11 12 13 9 10 -12 -13 -14 -15 -16 16 -18 -19 19 22 -22 -23 23 -25 -26 -27 -28 29 -30 -31
leaf_value=0.32808369525277636 0.086230918134074519 0.22600322923073871 -0.44784143426123801 -2.7841801007092002 -0.021816765302381025 0.8580773032614456 -0.139108882702281 0.1313145300990799 -0.8699448500622492 -0.25191505339787046 -3.0182035330902131 3.3393729461563959 -2.5943520767348156 -0.64962066758363379 -0.16751511863519994 -1.1154300180929047 0.52091116196639153 2.9081792982342916 0.18691912957676163 0.064996093923046658 1.8474396210427171 -0.79339364587098904 -0.19806761646651597 -2.5230283156037334 0.78719109936746601 0.63279522520806641 0.01028834803788322 -0.32774388943142468 1.6658371156694027 -1.0743032993314692
leaf_weight=1369 2278 541 1777 40 4213 203 3018 353 122 380 34 36 28 1159 1015 28 970 78 2357 2368 145 388 385 48 353 1000 38813 1802 203 472
leaf_count=1369 2278 541 1777 40 4213 203 3018 353 122 380 34 36 28 1159 1015 28 970 78 2357 2368 145 388 385 48 353 1000 38813 1802 203 472
internal_value=-2.77735e-05 -0.00698034 -0.0952424 -0.0498619 0.0216039 0.221724 -0.262428 -0.139471 0.0210774 0.176751 -0.479098 1.23183 -0.161678 -0.467299 0.166467 0.267538 0.651385 1.84534 0.21681 0.236729 0.382993 -0.979448 0.0743271 -0.4558 0.158688 0.319739 -0.00568744 -0.211144 0.618861 -0.482703
internal_weight=65976 64607 15584 13807 10333 4608 3474 5725 49023 7192 414 239 3046 1512 4369 3354 1076 106 6778 6656 3502 428 3154 433 2721 3357 41831 3018 744 2274
internal_count=65976 64607 15584 13807 10333 4608 3474 5725 49023 7192 414 239 3046 1512 4369 3354 1076 106 6778 6656 3502 428 3154 433 2721 3357 41831 3018 744 2274
is_linear=0
shrinkage=0.05


Tree=159
num_leaves=31
num_cat=1
split_feature=57 3 3 13 75 4 3 57 3 4 4 4 57 3 40 68 71 38 56 68 62 0 3 57 58 61 57 3 27 0
split_gain=59263 57160.3 68342.3 93159.1 142964 88710 173291 125626 102463 275605 153547 133587 122747 104191 257319 197720 165227 108664 104355 101166 103710 100139 96406 92251.2 92200.3 90868.6 158431 125731 136498 126539
threshold=626.14902020966554 22.500000000000004 18.500000000000004 0 1451.9410561069235 5.5000000000000009 6.5000000000000009 1489.6457764689051 5.5000000000000009 1.5000000000000002 1.5000000000000002 2.5000000000000004 966.78131060503767 12.500000000000002 54.500000000000007 11.637500000000005 19.958333333333339 99.500000000000014 1244.7708792620285 1.7875000000000005 2124.0905000000007 2024.5000000000002 1.0000000180025095e-35 1651.2740000000001 1058.6665000000003 1094.4546671079452 891.00562399302862 8.5000000000000018 0.25000000000000006 2022.5000000000002
decision_type=2 2 2 9 2 2 2 2 2 2 2 2 2 2 2 2 2 2 2 2 2 2 2 2 2 2 2 2 2 2
left_child=-1 2 3 4 -2 8 7 -7 9 12 19 22 24 -12 16 17 18 -16 -15 -10 25 -19 -11 -14 -5 27 -27 29 -29 -21
right_child=1 -3 -4 5 -6 6 -8 -9 10 11 13 -13 23 14 15 -17 -18 21 -20 20 -22 -23 -24 -25 -26 26 -28 28 -30 -31
leaf_value=-0.75341242557534815 -0.2423892156740684 -0.22026586046665561 0.12594178731483127 -0.38831264752387756 -1.9149969097951915 0.082073597426896627 -0.23758240552129004 1.6440296854033616 1.1891042368032083 1.0926806625351311 0.14109577280427391 -0.070675081596586545 -1.0175079680020267 -0.28036024863256104 0.46999282280986132 -0.033422129126002516 0.051100750525878362 1.1693207827984746 -0.82661307530702699 0.60462562738327086 3.1678089396607492 3.4215847184239281 0.22410858561744798 -4.4609946489334105 2.0147733737782736 -0.92248710998928696 0.23424866726123758 0.78976526336436392 2.8288048093940352 -0.72421537496826871
leaf_weight=260 896 2748 10996 1508 149 5197 9195 132 332 385 10738 6919 707 2605 728 1627 2587 331 1316 514 31 58 1877 20 41 332 2731 647 94 275
leaf_count=260 896 2748 10996 1508 149 5197 9195 132 332 385 10738 6919 707 2605 728 1627 2587 331 1316 514 31 58 1877 20 41 332 2731 647 94 275
internal_value=-2.63849e-05 0.00295433 0.0126959 -0.0112641 -0.476318 -0.00162757 -0.106102 0.120763 0.0400549 -0.0837248 0.0969034 0.0383763 -0.57626 0.0351374 -0.0878393 0.318249 -0.25906 0.830485 -0.463698 0.346036 0.285505 1.50513 0.371942 -1.11224 -0.324706 0.266051 0.10887 0.580722 1.04843 0.141468
internal_weight=65976 65716 62968 51972 1045 50927 14524 5329 36403 11457 24946 9181 2276 19990 9252 2744 6508 1117 3921 4956 4624 389 2262 727 1549 4593 3063 1530 741 789
internal_count=65976 65716 62968 51972 1045 50927 14524 5329 36403 11457 24946 9181 2276 19990 9252 2744 6508 1117 3921 4956 4624 389 2262 727 1549 4593 3063 1530 741 789
cat_boundaries=0 1
cat_threshold=166
is_linear=0
shrinkage=0.05


Tree=160
num_leaves=31
num_cat=0
split_feature=0 1 73 65 61 71 63 33 75 63 75 57 1 60 37 31 60 67 73 73 9 2 2 72 1 4 2 3 73 70
split_gain=58998.9 58668.8 71859.2 70205 69259.9 87993.8 68778.1 78288.7 63009.4 58676.4 67840.8 55763.9 72005.8 61805.5 54035.9 52187.1 100885 108119 89991.1 86580.1 73951.5 122096 72869.5 59490.2 164580 65508.5 63000.2 77859.4 62616.5 55846.6
threshold=2023.5000000000002 4.5000000000000009 -4.3083333333333336 1.0000000180025095e-35 1121.4590000000001 3.4250000000000003 1083.0048290000002 21.500000000000004 636.57875193327425 998.17203811231764 988.43550000000016 1055.8321415208702 1.5000000000000002 1326.6540000000002 98.500000000000014 7.5000000000000009 1373.4328669930303 30.912500000000005 -2.4333333333333358 0.94999999999999807 1.0000000180025095e-35 19.500000000000004 21.500000000000004 8.9750000000000032 11.500000000000002 1.5000000000000002 30.500000000000004 18.500000000000004 -0.10000000000000119 26.50833333333334
decision_type=2 2 2 2 2 2 2 2 2 2 2 2 2 2 2 2 2 2 2 2 2 2 2 2 2 2 2 2 2 2
left_child=1 2 -1 4 9 6 -6 14 -3 10 -4 12 -7 -13 -8 19 17 20 -18 -10 23 -22 -23 24 25 -17 28 -28 -26 -20
right_child=-2 8 3 -5 5 11 7 -9 15 -11 -12 13 -14 -15 -16 16 18 -19 29 -21 21 22 -24 -25 26 -27 27 -29 -30 -31
leaf_value=0.32245382857193255 0.091510458639884051 -0.97471243162517962 -0.025671809132079528 -0.52085722228295683 -0.90182661357763649 0.32637983590637876 -0.078866080098029923 0.46077906755639603 0.014125904277367637 0.15368771031489351 -0.48176791929319562 -0.20650834993516978 -1.1026047473300629 -0.83502572336385961 -1.5311750606524157 1.8583538044433472 -1.575103263707041 1.5183017425302767 -0.61604729768144872 0.26946189734754167 0.88803226777485433 -4.3874204364915697 -1.1916784975339068 -0.050646453217170068 0.29900410814389072 0.59616512502718688 -0.5330651593040413 -3.9986824728193739 -0.26035491101569314 -0.098393898377312078
leaf_weight=944 13896 161 4301 1054 185 109 1102 881 13797 3410 1006 2825 461 454 68 118 139 117 771 4372 42 30 44 11190 982 798 71 21 1020 1607
leaf_count=944 13896 161 4301 1054 185 109 1102 881 13797 3410 1006 2825 461 454 68 118 139 117 771 4372 42 30 44 11190 982 798 71 21 1020 1607
internal_value=-2.50656e-05 -0.0244486 -0.101352 -0.126584 -0.0985092 -0.22796 0.0215018 0.104786 0.0121722 -0.00814476 -0.11213 -0.372879 -0.829343 -0.293531 -0.163274 0.0166965 -0.0464081 0.00453225 -0.33851 0.0755673 -0.00783929 -1.26516 -2.48725 0.00243182 0.199756 0.758761 -0.0447755 -1.32413 0.014016 -0.266229
internal_weight=65976 52080 16800 15856 14802 6085 2236 2051 35280 8717 5307 3849 570 3279 1170 35119 16950 14433 2517 18169 14316 116 74 14200 3010 916 2094 92 2002 2378
internal_count=65976 52080 16800 15856 14802 6085 2236 2051 35280 8717 5307 3849 570 3279 1170 35119 16950 14433 2517 18169 14316 116 74 14200 3010 916 2094 92 2002 2378
is_linear=0
shrinkage=0.05


Tree=161
num_leaves=31
num_cat=2
split_feature=72 14 2 33 66 73 2 71 57 67 43 3 57 61 57 57 3 34 3 4 4 13 75 13 3 3 0 40 2 61
split_gain=57281.1 144335 95960.7 71801.8 74726.9 71043.6 62582 73178 127102 59790.6 55124.8 53980.9 53465.1 73009.7 131435 178157 117346 137169 116248 113693 105523 248715 151223 148134 124671 114736 105474 114382 134782 109938
threshold=-0.62499999999999967 1.0000000180025095e-35 30.500000000000004 82.500000000000014 -1.7499999999999993 4.708333333333333 1.5000000000000002 1.5250000000000004 1244.1988286050353 0.14999999999999991 0.95833333350000005 13.500000000000002 744.82950000000017 999.6592288047766 1106.8703339874303 1263.4405000000002 8.5000000000000018 1.5000000000000002 1.0000000180025095e-35 1.5000000000000002 6.5000000000000009 0 2055.8465000000006 1 17.500000000000004 11.500000000000002 2023.5000000000002 94.500000000000014 2.5000000000000004 1096.7456205141852
decision_type=2 2 2 2 2 2 2 2 2 2 2 2 2 2 2 2 2 2 2 2 2 9 2 9 2 2 2 2 2 2
left_child=1 2 3 4 -1 6 7 8 -2 -5 -3 -7 -8 14 -14 -16 17 -15 19 -19 23 -22 24 25 -23 -18 -27 -28 -29 -30
right_child=5 10 -4 9 -6 11 12 -9 -10 -11 -12 -13 13 16 15 -17 20 18 -20 -21 21 22 -24 -25 -26 26 27 28 29 -31
leaf_value=0.39717210267153469 -0.50645988383820573 1.935243160094855 -1.7001399165412909 0.41055410014335503 -0.16835684929401928 -0.22862032060406376 -0.22148070662908259 -0.20644150720347032 -4.4471982368401122 1.9059586685342886 0.22537790721476969 -1.1753515968116977 0.059109992848155594 -0.044032475605507153 0.75325516060491016 -1.1031426997234426 0.26433017142308807 -2.0188253456546414 -0.71953871372400358 0.21960055129623496 2.0428344754273433 -0.61702971223160175 -2.8034160488941633 -0.55251055660660742 0.022621514906442975 -0.041020790100384272 0.10377826028760095 3.1164350920373742 2.3845980003672209 0.39612744069985445
leaf_weight=1007 76 159 71 215 1391 532 2500 1963 28 97 67 210 16408 4578 1261 144 5882 62 1794 667 104 1486 61 987 1563 17646 4072 55 76 814
leaf_count=1007 76 159 71 215 1391 532 2500 1963 28 97 67 210 16408 4578 1261 144 5882 62 1794 667 104 1486 61 987 1563 17646 4072 55 76 814
internal_value=-2.38125e-05 0.213172 0.114421 0.161961 0.0691276 -0.0102047 -0.00440533 -0.274919 -1.56743 0.875472 1.42834 -0.496563 0.00488908 0.0147039 0.0988536 0.562991 -0.0229139 -0.207172 -0.503189 0.0292269 0.0170426 -0.255032 -0.337358 0.0466528 -0.289127 0.06754 0.0164944 0.218789 0.714372 0.565929
internal_weight=65976 3007 2781 2710 2398 62969 62227 2067 104 312 226 742 60160 57660 17813 1405 39847 7101 2523 729 32746 3214 3110 29532 3049 28545 22663 5017 945 890
internal_count=65976 3007 2781 2710 2398 62969 62227 2067 104 312 226 742 60160 57660 17813 1405 39847 7101 2523 729 32746 3214 3110 29532 3049 28545 22663 5017 945 890
cat_boundaries=0 1 2
cat_threshold=50 17
is_linear=0
shrinkage=0.05


Tree=162
num_leaves=31
num_cat=0
split_feature=71 60 62 69 57 73 74 68 3 33 57 4 43 59 1 28 72 57 58 3 10 67 37 3 65 61 3 67 61 38
split_gain=55930.5 96761.9 115941 101772 77764.8 74544.8 59446.6 55480.5 123946 140145 128914 179641 126910 79036.3 66160.7 89607.8 68306.8 64137.8 62509.7 59442.4 61550.2 56210.4 56026.9 55010.2 53488.9 65217 94165.4 55093.5 51133.7 62565.2
threshold=26.850000000000005 1415.6740000000002 1491.0266734689051 133.4025 1348.8602095246802 0.96666666666666534 0.54999999999999971 8.3375000000000039 10.500000000000002 94.500000000000014 1250.5615 5.5000000000000009 0.29166666650000006 1163.3049614286904 3.5000000000000004 81.500000000000014 8.5750000000000028 1092.2150358503302 1061.4105000000002 1.5000000000000002 1.0000000180025095e-35 0.42500000000000027 31.500000000000004 6.5000000000000009 1.0000000180025095e-35 874.3641710848932 8.5000000000000018 -3.3874999999999988 1190.6544080364952 97.500000000000014
decision_type=2 2 2 2 2 2 2 2 2 2 2 2 2 2 2 2 2 2 2 2 2 2 2 2 2 2 2 2 2 2
left_child=1 2 7 4 6 -2 -3 8 10 13 19 -12 17 21 15 -9 18 -11 28 -1 24 22 -10 -22 25 -21 -27 -28 29 -17
right_child=5 3 -4 -5 -6 -7 -8 14 9 12 11 -13 -14 -15 -16 16 -18 -19 -20 20 23 -23 -24 -25 -26 26 27 -29 -30 -31
leaf_value=0.28183760242227479 0.046179941383318282 -0.32683711504277352 0.33116691866907416 -0.049487023801819713 -0.76211358115206673 0.43872203818873284 0.78856696911054114 -0.47156257977379612 0.31232540581088802 2.6232950483880391 -0.15706766676100048 -1.705084182333314 0.29195968803390859 0.00056673892303225925 -0.023457937889740405 0.40799025020627805 -0.50560414802910081 1.092391964015675 -0.065435170950676316 0.13249171277773913 -0.44903334988789123 0.28244602878736308 1.7157454581538982 -3.722603959696634 -0.74772216621563725 -0.26983574794251947 1.6287918530404568 0.19929707524293994 -0.24149239625184593 1.7224205014828979
leaf_weight=1732 5406 657 2581 3276 1178 1558 146 2046 130 82 646 264 675 3395 30101 241 505 413 997 4163 33 959 157 21 251 3257 74 756 131 145
leaf_count=1732 5406 657 2581 3276 1178 1558 146 2046 130 82 646 264 675 3395 30101 241 505 413 997 4163 33 959 157 21 251 3257 74 756 131 145
internal_value=-1.13272e-05 -0.015826 0.00419618 -0.220561 -0.503468 0.134 -0.124036 -0.0122948 0.0614932 0.248856 -0.0357443 -0.606163 0.737898 0.125569 -0.0490269 -0.238363 -0.0020445 1.346 0.16592 0.0147155 -0.0393646 0.466164 1.08005 -1.72209 -0.0286756 -0.00679913 -0.14868 0.326746 0.612072 0.901753
internal_weight=65976 59012 53755 5257 1981 6964 803 51174 17008 5811 11197 910 1170 4641 34166 4065 2019 495 1514 10287 8555 1246 287 54 8501 8250 4087 830 517 386
internal_count=65976 59012 53755 5257 1981 6964 803 51174 17008 5811 11197 910 1170 4641 34166 4065 2019 495 1514 10287 8555 1246 287 54 8501 8250 4087 830 517 386
is_linear=0
shrinkage=0.05


Tree=163
num_leaves=31
num_cat=0
split_feature=74 73 72 14 48 29 57 70 71 73 60 61 0 67 62 69 57 2 1 40 2 64 72 43 70 0 72 2 62 61
split_gain=54997.1 76187.7 67162.8 200891 88564.2 127718 103048 98474 73968.2 105499 92758.3 72194.1 70593.5 97088.8 69161.8 61143 84202.9 60834.7 72154.3 60732.5 54686.9 83237.3 54657.1 54879.2 54008 50700.6 50022.7 48423.4 54404 59266.6
threshold=5.7333333333333378 4.0166666666666693 3.1416666666666671 1.0000000180025095e-35 0.45833333350000005 79.500000000000014 1263.4405000000002 -4.924999999999998 24.833333333333339 0.13333333333333511 1322.6396222147102 1118.8380000000002 2022.5000000000002 5.6125000000000016 1408.9237319689053 45.450138888888901 1260.0750119663151 30.500000000000004 11.500000000000002 99.500000000000014 3.5000000000000004 1.0000000180025095e-35 1.0000000180025095e-35 0.12500000000000003 5.5833333333333348 2024.5000000000002 27.775000000000006 1.5000000000000002 1363.3430047147101 999.6592288047766
decision_type=2 2 2 2 2 2 2 2 2 2 2 2 2 2 2 2 2 2 2 2 2 2 2 2 2 2 2 2 2 2
left_child=1 2 3 4 5 6 12 -8 10 19 27 -12 -1 14 -14 16 -3 -6 -19 -10 21 -9 23 -5 -22 -11 -2 -4 29 -29
right_child=26 15 8 22 17 -7 7 20 9 25 11 -13 13 -15 -16 -17 -18 18 -20 -21 24 -23 -24 -25 -26 -27 -28 28 -30 -31
leaf_value=-0.22957505459084598 0.16021077406788664 -0.64503578809202167 -0.32439321355115491 1.9783374600424741 0.29088872175323349 0.60249928318920476 0.21741681662194853 -3.4265780278614595 -0.041966827808658125 0.21393198983729744 0.22536416272640089 -0.35015560782893318 0.89428893791084174 -0.38889988477812842 3.8846352005288716 -0.18000795105059675 -2.9965405203575313 -0.11764843676771437 -3.7665091276168825 -1.7278062626995423 -0.58708325444575371 -0.26000725875298181 0.58122419076475185 0.5018757854062732 -1.7386642335968858 0.77032782369189801 1.8010455725040844 0.032738208309880737 0.20523820883167582 -0.096613026831542825
leaf_weight=1020 3963 332 1306 167 2490 483 265 49 5000 4542 637 3769 244 174 21 1157 43 42 20 54 705 36 694 101 119 450 47 17970 2617 17459
leaf_count=1020 3963 332 1306 167 2490 483 265 49 5000 4542 637 3769 244 174 21 1157 43 42 20 54 705 36 694 101 119 450 47 17970 2617 17459
internal_value=-1.07606e-05 -0.0116237 -0.00279647 0.14736 0.0339724 -0.144893 -0.281995 -0.6307 -0.0212995 0.101054 -0.0493896 -0.26695 -0.00140596 0.528736 1.13126 -0.359838 -0.914675 0.252367 -1.2947 -0.0599794 -0.877951 -2.08544 0.815428 1.42191 -0.753392 0.264088 0.179443 -0.0250308 -0.0147546 -0.0310046
internal_weight=65976 61966 60434 6630 5668 3116 2633 1174 53804 10046 43758 4406 1459 439 265 1532 375 2552 62 5054 909 85 962 268 824 4992 4010 39352 38046 35429
internal_count=65976 61966 60434 6630 5668 3116 2633 1174 53804 10046 43758 4406 1459 439 265 1532 375 2552 62 5054 909 85 962 268 824 4992 4010 39352 38046 35429
is_linear=0
shrinkage=0.05


Tree=164
num_leaves=31
num_cat=1
split_feature=0 61 63 15 75 62 72 3 75 13 66 32 3 61 66 40 4 57 3 62 3 3 70 61 71 9 3 45 74 26
split_gain=53810.5 64952.4 58188.1 69010.8 59628.4 71194.8 56695.7 54991.2 109615 97169.4 123653 99405.9 91244.3 88756.5 148334 129301 86973.6 132347 121007 80784.6 79746.1 67468.2 68129 100526 62090.7 73450.6 63934 61180.1 90407.2 74414.3
threshold=2020.5000000000002 1149.7185000000002 931.21414199302865 0.75000000000000011 930.26044845696072 832.09022173810115 14.875000000000004 9.5000000000000018 911.96518964625955 0 9.7750000000000021 99.500000000000014 20.500000000000004 1002.8899887414251 20.191666666666674 45.500000000000007 1.5000000000000002 1928.1025000000002 11.500000000000002 1208.2045000000001 1.5000000000000002 12.500000000000002 11.658333333333335 1271.9513376070952 21.333333333333339 1.0000000180025095e-35 17.500000000000004 0.29166666650000006 4.06666666666667 0.15000000000000005
decision_type=2 2 2 2 2 2 2 2 2 9 2 2 2 2 2 2 2 2 2 2 2 2 2 2 2 2 2 2 2 2
left_child=1 2 4 -4 -1 -6 -5 13 -9 11 19 16 21 14 -2 -15 17 18 -10 -11 -17 -13 23 -23 -20 26 -26 28 29 -18
right_child=7 -3 3 6 5 -7 -8 8 9 10 -12 12 -14 15 -16 20 27 -19 24 -21 -22 22 -24 -25 25 -27 -28 -29 -30 -31
leaf_value=-0.023953218987480419 0.028464180254342678 -0.16830952901107032 0.05829517341641776 0.96495517259156027 -0.9378133682068438 -0.18389165510820926 -1.0499846702966935 1.263098416549667 1.0680941499703165 -0.35222650337219241 -1.244152470592123 0.045238384603076859 -0.1873187904776184 -0.052224553608223735 1.0800696911161829 -0.029826201404043014 -0.20512681242810907 3.5030164957046512 -0.046644898530978127 3.8543948861814687 -0.7959760235768254 1.510780968619803 0.31670682049179466 0.44312268681140665 1.2343566945858677 -1.7205088545878728 0.27432504159403659 0.13908052044184813 0.133484769530435 0.39791448832543541
leaf_weight=6257 9212 8625 8704 333 400 1442 39 196 406 25 260 541 569 5580 348 489 6984 32 1596 21 1112 446 679 436 258 36 529 5883 3986 552
leaf_count=6257 9212 8625 8704 333 400 1442 39 196 406 25 260 541 569 5580 348 489 6984 32 1596 21 1112 446 679 436 258 36 529 5883 3986 552
internal_value=-1.02226e-05 -0.0563589 -0.000139188 0.0867984 -0.0975642 -0.34761 0.753711 0.0361755 0.0856169 0.0756859 -0.795389 0.0876175 0.37437 -0.0330355 0.0667444 -0.165872 0.0498601 0.305545 0.269326 1.56819 -0.561968 0.526417 0.69318 0.983004 0.135262 0.488024 0.58905 0.00788992 -0.0590945 -0.160955
internal_weight=65976 25800 17175 9076 8099 1842 372 40176 23435 23239 306 22933 2671 16741 9560 7181 20262 2857 2825 46 1601 2102 1561 882 2419 823 787 17405 11522 7536
internal_count=65976 25800 17175 9076 8099 1842 372 40176 23435 23239 306 22933 2671 16741 9560 7181 20262 2857 2825 46 1601 2102 1561 882 2419 823 787 17405 11522 7536
cat_boundaries=0 1
cat_threshold=139
is_linear=0
shrinkage=0.05


Tree=165
num_leaves=31
num_cat=1
split_feature=0 75 21 75 63 72 72 34 72 69 4 75 2 35 2 70 13 51 70 2 3 72 24 73 2 73 61 63 3 59
split_gain=52647.8 91727.3 84901.1 70147.5 123102 75439.7 69801.7 76742 78761.1 76778.6 75105.5 81841.3 68165.6 67961 70401.2 64235.1 64188.8 110351 71178.8 67441.1 62837.9 57996.1 57301.5 54884.7 54544.2 53901.9 57930.8 59661.8 51615.2 110442
threshold=2024.5000000000002 2152.7256666666667 0.75000000000000011 1997.5980000000004 1789.2425000000001 24.291666666666671 24.975000000000005 93.500000000000014 -1.7499999999999993 133.4025 2.5000000000000004 1047.9295000000002 29.500000000000004 5.5000000000000009 26.500000000000004 32.808333333333344 0 0.29166666650000006 9.4750000000000032 30.500000000000004 22.500000000000004 19.475000000000005 1.0000000180025095e-35 -4.3083333333333336 19.500000000000004 -0.050000000000000593 1271.9513376070952 1278.3335000000004 8.5000000000000018 1183.62583442869
decision_type=2 2 2 2 2 2 2 2 2 2 2 2 2 2 2 2 9 2 2 2 2 2 2 2 2 2 2 2 2 2
left_child=3 2 6 15 -5 -6 7 9 -9 10 11 -2 24 14 -3 16 20 18 -18 -20 28 22 -13 -12 -8 -10 27 -27 -1 -30
right_child=1 13 -4 4 5 -7 12 8 25 -11 23 21 -14 -15 -16 -17 17 -19 19 -21 -22 -23 -24 -25 -26 26 -28 -29 29 -31
leaf_value=-0.051023478112353055 -0.76219115740856769 3.6753754383180204 1.549860382940182 -1.8100058529626679 -0.87015802882273086 0.54107624869884519 0.29568134752470393 2.9390252002080284 0.7734668802450767 0.18523634654561899 -2.7403867474308723 0.11863489956455769 -1.64568252212861 -1.0901481400430204 0.91610545448537151 0.45889735373842361 -1.5174626748138917 0.1033034802328098 -0.37082205799485196 -3.0462810831765337 -0.25244184500110217 2.0222907173431528 2.4834037874426165 -0.46299798635520306 1.1993445037280794 0.11203973304868078 -0.74468119683435985 2.0980792044238612 0.14050489760976664 -0.043103618045672691
leaf_weight=21794 161 41 102 148 176 205 430 30 388 1365 27 301 34 20 53 728 167 1186 1268 24 2407 59 28 1312 273 269 175 44 16304 16457
leaf_count=21794 161 41 102 148 176 205 430 30 388 1365 27 301 34 20 53 728 167 1186 1268 24 2407 59 28 1312 273 269 175 44 16304 16457
internal_value=-9.71192e-06 0.154108 0.12212 -0.0129541 -0.586216 -0.110832 0.0923759 0.0129025 0.41988 -0.100446 -0.30699 0.185513 0.540856 1.5565 2.11962 -0.00792793 -0.0136294 -0.25394 -0.546079 -0.420521 -0.00242571 0.578762 0.319892 -0.50892 0.646606 0.333607 -0.0161169 0.391227 0.00860471 0.0482719
internal_weight=65976 5112 4998 60864 529 381 4896 4159 906 3253 1888 549 737 114 94 60335 59607 2645 1459 1292 56962 388 329 1339 703 876 488 313 54555 32761
internal_count=65976 5112 4998 60864 529 381 4896 4159 906 3253 1888 549 737 114 94 60335 59607 2645 1459 1292 56962 388 329 1339 703 876 488 313 54555 32761
cat_boundaries=0 1
cat_threshold=1
is_linear=0
shrinkage=0.05


Tree=166
num_leaves=31
num_cat=1
split_feature=3 4 62 0 3 61 34 19 72 61 72 58 13 66 60 71 72 73 55 4 75 68 2 1 70 62 75 37 73 68
split_gain=52631 334733 121711 73415.6 57373.6 149257 173264 108207 120082 119389 107962 121898 106467 105334 85962.7 123082 94048.5 92922.2 90289.9 95065.4 132278 83370.2 108452 116657 83232.1 84501.1 77140.3 67909.5 67710.7 65086.3
threshold=1.0000000180025095e-35 1.5000000000000002 1054.8867896123152 2022.5000000000002 8.5000000000000018 999.6592288047766 2.5000000000000004 1.0000000180025095e-35 1.0000000180025095e-35 1154.9957978323853 7.3916666666666675 1129.6665000000003 0 19.225000000000005 1140.1147719761802 21.891666666666669 16.991666666666671 1.0000000000000016 0.29166666650000006 5.5000000000000009 1324.714666666667 9.6375000000000046 30.500000000000004 11.500000000000002 9.9750000000000032 755.49598777993117 1917.7038333333335 80.500000000000014 1.7000000000000002 17.812500000000004
decision_type=2 2 2 2 2 2 2 2 2 2 2 2 9 2 2 2 2 2 2 2 2 2 2 2 2 2 2 2 2 2
left_child=1 2 -1 -3 5 13 -7 12 -9 10 11 -10 14 -2 16 21 18 27 19 24 -21 22 -16 -24 -6 -26 -14 -17 -12 -18
right_child=4 3 -4 -5 7 6 -8 8 9 -11 28 -13 26 -15 15 17 29 -19 -20 20 -22 -23 23 -25 25 -27 -28 -29 -30 -31
leaf_value=-0.52882494702935223 -0.035652456487572932 0.23745282168296045 -2.4102552782766171 0.82501842355631583 0.26434827906797825 -0.10412131903802316 -0.67981294113937973 1.3243822391721465 1.6821113078734098 -0.030596456057294011 0.32870467138965048 0.32039817422511624 -0.44946428889460183 0.40534946645404013 0.024775373523574423 0.050745202584433338 -0.22265107826761779 0.39633131296164237 0.27923676210784693 -0.19376169256673414 -1.561067792383164 -0.27620021535366024 -0.37967790675804369 -3.5692826000756996 2.2850946407060366 -0.11621861736053885 -3.1136402598449164 -0.50507721104334269 -1.084596627506804 0.44112635075725959
leaf_weight=266 14452 1547 127 810 2889 4135 1911 252 339 2327 861 319 917 1494 5191 6306 429 1910 2975 2394 191 6669 86 43 37 3721 28 602 94 2654
leaf_count=266 14452 1547 127 810 2889 4135 1911 252 339 2327 861 319 917 1494 5191 6306 429 1910 2975 2394 191 6669 86 43 37 3721 28 602 94 2654
internal_value=-9.22632e-06 0.214122 -1.13682 0.439374 -0.0093228 -0.0745417 -0.286084 0.0254615 0.266234 0.198555 0.529142 1.02195 -0.00178645 0.00566555 0.0119968 -0.0541436 0.10201 0.0876543 0.0396904 -0.0375031 -0.294789 -0.158437 -0.0108125 -1.44288 0.0625547 -0.0925761 -0.52287 0.00230787 0.189594 0.348762
internal_weight=65976 2750 393 2357 63226 21992 6046 41234 4192 3940 1613 658 37042 15946 36097 20807 15290 8818 12207 9232 2585 11989 5320 129 6647 3758 945 6908 955 3083
internal_count=65976 2750 393 2357 63226 21992 6046 41234 4192 3940 1613 658 37042 15946 36097 20807 15290 8818 12207 9232 2585 11989 5320 129 6647 3758 945 6908 955 3083
cat_boundaries=0 1
cat_threshold=147
is_linear=0
shrinkage=0.05


Tree=167
num_leaves=31
num_cat=0
split_feature=0 61 1 1 2 20 72 34 2 7 71 69 56 0 71 60 2 73 28 2 75 0 4 75 72 32 2 57 72 73
split_gain=52229.9 59506 53440.9 109540 93348.5 96525.6 83076.1 92690.3 62714 116515 64214.5 61306.9 63950.7 100828 71321.3 70459.9 65895.4 61623 59927.6 66771.4 66212.4 88863.2 58038.9 57583.3 57450.1 82739.2 53525.3 53282.3 78349.4 64797
threshold=2020.5000000000002 1149.7185000000002 1.5000000000000002 2.5000000000000004 18.500000000000004 0.15000000000000005 -1.7499999999999993 70.500000000000014 5.5000000000000009 1.0000000180025095e-35 3.5750000000000006 92.801111111111126 1736.8391160397553 2022.5000000000002 20.075000000000006 1000.2955000000001 11.500000000000002 -2.9999999999999982 1.0000000180025095e-35 24.500000000000004 2152.7256666666667 2024.5000000000002 4.5000000000000009 1611.0641042860404 0.56666666666666676 13.500000000000002 26.500000000000004 1309.9255000000001 6.7916666666666687 0.63333333333333164
decision_type=2 2 2 2 2 2 2 2 2 2 2 2 2 2 2 2 2 2 2 2 2 2 2 2 2 2 2 2 2 2
left_child=1 -1 4 6 24 22 7 -4 9 -5 -11 -10 13 14 -13 -15 -16 -17 20 -20 -14 -22 -6 -18 25 -2 -23 28 -26 -29
right_child=2 -3 3 8 5 -7 -8 -9 11 10 -12 12 18 15 16 17 23 -19 19 -21 21 26 -24 -25 27 -27 -28 29 -30 -31
leaf_value=-0.0017126179369911416 0.49422057741017833 -0.16267796902851189 -0.087791291845751337 -0.030627667944213274 0.33438818832740635 -1.2626939827011479 -0.37624617808148814 1.2873791163626276 0.024515709462404701 -2.6898614540332701 -0.63667268336550376 -0.045126237851376698 0.051249641883627177 0.11964333738045788 -0.56240004933994225 1.2821650077033295 1.3104628709483237 0.49582096483023536 -0.16942403008965423 -1.2911289818624914 -1.4754055613563175 3.5706029956405225 -0.31373194872821664 0.075479267639656594 0.90991631015843044 2.3373775195289443 0.96242387890815739 0.35503302915388968 0.15892909300608671 -0.84026847107248148
leaf_weight=17175 184 8625 503 4848 793 155 2719 162 18836 41 535 2830 804 1211 99 281 267 2198 713 163 21 37 612 146 612 91 42 279 803 191
leaf_count=17175 184 8625 503 4848 793 155 2719 162 18836 41 535 2830 804 1211 99 281 267 2198 713 163 21 37 612 146 612 91 42 279 803 191
internal_value=-8.76494e-06 -0.0555237 0.0356415 0.0172206 0.216166 -0.0785588 -0.253728 0.247213 0.0449447 -0.110506 -0.78282 0.0754412 0.184297 0.252065 0.0531205 0.432247 0.596164 0.584955 -0.0834259 -0.378143 0.202163 1.41551 0.0520754 0.873883 0.429023 1.10414 2.18398 0.330531 0.483738 -0.130717
internal_weight=65976 25800 40176 36456 3720 1560 3384 665 33072 5424 576 27648 8812 7032 3342 3690 512 2479 1780 876 904 100 1405 413 2160 275 79 1885 1415 470
internal_count=65976 25800 40176 36456 3720 1560 3384 665 33072 5424 576 27648 8812 7032 3342 3690 512 2479 1780 876 904 100 1405 413 2160 275 79 1885 1415 470
is_linear=0
shrinkage=0.05


Tree=168
num_leaves=31
num_cat=0
split_feature=71 73 60 69 69 60 3 33 3 57 24 51 4 4 3 0 68 68 57 60 4 3 61 7 74 3 21 17 69 71
split_gain=48533.2 92507.7 73244.3 76954.9 67183.1 110641 92523.6 145290 227178 154521 111676 106291 214872 80428.4 79538.4 83211.9 94582.9 78559.5 77532.8 70719.7 69260.6 73898.2 110354 69002.6 65304.9 66599.2 65222.6 65118.7 63152 69523.1
threshold=24.833333333333339 0.13333333333333511 1606.5360912356552 124.69444444444453 53.777777777777779 1273.3567990000001 9.5000000000000018 51.500000000000007 19.500000000000004 1147.7531388893301 0.15000000000000005 0.62500000000000011 5.5000000000000009 1.5000000000000002 11.500000000000002 2024.5000000000002 7.7875000000000023 2.5625000000000009 1260.0750119663151 1181.2130000000002 1.5000000000000002 1.0000000180025095e-35 962.88768571663707 1.0000000180025095e-35 4.2500000000000036 11.500000000000002 1.0000000180025095e-35 3.3500000000000001 445.56180555555562 20.425000000000008
decision_type=2 2 2 2 2 2 2 2 2 2 2 2 2 2 2 2 2 2 2 2 2 2 2 2 2 2 2 2 2 2
left_child=2 -2 4 -4 5 24 11 19 9 10 17 12 27 -10 -11 16 -16 -9 -17 -8 -13 -22 23 -23 -1 -26 -7 -6 29 -21
right_child=1 -3 3 -5 6 26 7 8 13 14 -12 20 -14 -15 15 18 -18 -19 -20 28 21 22 -24 -25 25 -27 -28 -29 -30 -31
leaf_value=-0.075496146158656519 -0.049973101483674967 0.25271476070723364 -1.6891323804855347 -0.28929058016223069 -0.017390179527387844 -0.35240191221828354 0.16681149710576193 3.5050252513885498 -0.91888736435573048 -0.12983295560155841 1.8931733183694459 -0.29384234827453698 -0.85786786838950213 0.015294219623562023 0.79290983701568907 3.6460211617251241 0.054274889270017015 0.65465256690567486 1.0126049085617066 -0.22296814857293201 0.47319214208649962 0.067167087803899253 -0.39698514182767153 0.6781280846246297 0.31787482951042184 -0.14178552085195922 -1.5873599127330611 -2.4407221479075298 0.60101403276236676 0.1708093982340817
leaf_weight=19270 5065 5032 111 850 2789 1985 4512 25 271 642 297 1396 1129 1538 843 36 892 731 125 4610 1077 5565 1256 504 2288 1202 113 28 313 1481
leaf_count=19270 5065 5032 111 850 2789 1985 4512 25 271 642 297 1396 1129 1538 843 36 892 731 125 4610 1077 5565 1256 504 2288 1202 113 28 313 1481
internal_value=-8.32627e-06 0.100876 -0.0182376 -0.450979 -0.0106651 -0.0714792 0.0396249 0.120135 0.332272 0.562452 1.07165 -0.0559518 -0.275057 -0.124652 0.351188 0.514066 0.413162 0.748911 1.60144 0.0151939 0.0322895 0.0864766 0.0296175 0.117904 -0.0394525 0.159562 -0.418918 -0.0414773 -0.0916298 -0.127223
internal_weight=65976 10097 55879 961 54918 24858 30060 16316 5400 3591 1053 13744 3946 1809 2538 1896 1735 756 161 10916 9798 8402 7325 6069 22760 3490 2098 2817 6404 6091
internal_count=65976 10097 55879 961 54918 24858 30060 16316 5400 3591 1053 13744 3946 1809 2538 1896 1735 756 161 10916 9798 8402 7325 6069 22760 3490 2098 2817 6404 6091
is_linear=0
shrinkage=0.05


Tree=169
num_leaves=31
num_cat=1
split_feature=0 61 2 1 1 0 1 0 65 2 1 2 62 4 25 57 1 1 61 72 21 1 0 37 13 40 1 62 57 75
split_gain=49628.6 55828.8 49825.9 74326.5 82118.6 73513.9 152596 82981.3 170886 122690 86512.6 72046.3 64684.1 66248.1 64369.1 63452.1 63971.6 74096.9 118088 86912.8 85503.6 82608.3 87976.4 85178.7 80069 85552.7 77784.7 72989.6 72132.4 95053.4
threshold=2020.5000000000002 1142.1945000000003 25.500000000000004 3.5000000000000004 4.5000000000000009 2022.5000000000002 11.500000000000002 2024.5000000000002 1.0000000180025095e-35 26.500000000000004 6.5000000000000009 30.500000000000004 1623.2550000000003 3.5000000000000004 2.0500000000000003 732.09150000000011 1.5000000000000002 4.5000000000000009 1268.6025000000002 5.908333333333335 1.0000000180025095e-35 7.5000000000000009 2021.5000000000002 14.500000000000002 0 7.5000000000000009 11.500000000000002 1267.0085000000001 1322.6900000000003 1389.7760000000001
decision_type=2 2 2 2 2 2 2 2 2 2 2 2 2 2 2 2 2 2 2 2 2 2 2 2 9 2 2 2 2 2
left_child=1 -1 15 14 -5 6 12 8 -7 10 -9 -8 -6 -14 -4 -2 28 18 20 26 -18 23 -23 24 -21 -26 -19 -20 29 -17
right_child=2 -3 3 4 5 7 11 9 -10 -11 -12 -13 13 -15 -16 16 17 19 27 21 -22 22 -24 -25 25 -27 -28 -29 -30 -31
leaf_value=-0.00073822795645693334 -0.48150196034748904 -0.15545858229461826 -0.32007372519349769 0.56042842806751536 0.21706897184506482 -0.018340888340909651 -0.56333337327543032 1.0601304431756338 -0.93562932551573663 0.011261795299305093 4.736758828163147 -2.6853357927252848 2.1349448003776454 0.31960991281602119 -2.5485923572020099 0.40991875719234988 -0.033041028146848395 1.2818463368312671 -0.9027189059074584 0.38026383482725884 0.5237541075006108 0.23419646714186457 -0.099487251912684149 0.0037322295389505961 -0.086066158119561365 -2.3402615826180639 0.2992740230888995 -0.22958970961253289 -0.083431262204456819 3.0756898483809305
leaf_weight=16898 531 8902 1791 600 1670 1344 240 48 816 336 24 48 94 108 33 2029 5774 260 524 4677 783 2606 8162 3664 403 47 894 1740 896 34
leaf_count=16898 531 8902 1791 600 1670 1344 240 48 816 336 24 48 94 108 33 2029 5774 260 524 4677 783 2606 8162 3664 403 47 894 1740 896 34
internal_value=-7.91037e-06 -0.0541227 0.0347433 -0.0849074 0.00940269 -0.0605244 0.15445 -0.241344 -0.364872 0.412629 2.28567 -0.917 0.319288 1.16437 -0.360392 0.060656 0.0695159 0.0473094 -0.0740495 0.0989923 0.0334483 0.074114 -0.0187313 0.187839 0.319411 -0.314515 0.520651 -0.385385 0.291161 0.453853
internal_weight=65976 25800 40176 7152 5328 4728 2160 2568 2160 408 72 288 1872 202 1824 33024 32493 29534 8821 20713 6557 19559 10768 8791 5127 450 1154 2264 2959 2063
internal_count=65976 25800 40176 7152 5328 4728 2160 2568 2160 408 72 288 1872 202 1824 33024 32493 29534 8821 20713 6557 19559 10768 8791 5127 450 1154 2264 2959 2063
cat_boundaries=0 1
cat_threshold=25
is_linear=0
shrinkage=0.05


Tree=170
num_leaves=31
num_cat=0
split_feature=0 1 73 65 61 72 2 2 0 75 33 71 2 0 37 75 72 2 63 75 9 2 2 1 68 4 0 2 3 72
split_gain=48345.7 59712.7 57904.3 61269.2 62215.2 67632.4 62134.1 55358.9 66912.5 53471.6 53412.9 49052.9 48991.4 67188.1 74284.5 73183.5 60762.1 48788.2 75169.6 81077.7 72973.7 89450.5 69912.4 66964.4 91845.6 76217.1 75853 65380 134047 64726.5
threshold=2023.5000000000002 4.5000000000000009 -4.3083333333333336 1.0000000180025095e-35 1258.9547153156502 -0.97499999999999998 18.500000000000004 2.5000000000000004 2020.5000000000002 636.57875193327425 52.500000000000007 3.291666666666667 6.5000000000000009 2018.5000000000002 32.500000000000007 1103.2757633833025 5.0083333333333355 27.500000000000004 1718.3815000000002 1759.0476991666671 1.0000000180025095e-35 30.500000000000004 28.500000000000004 11.500000000000002 7.0625000000000018 6.5000000000000009 2022.5000000000002 30.500000000000004 14.500000000000002 6.1416666666666675
decision_type=2 2 2 2 2 2 2 2 2 2 2 2 2 2 2 2 2 2 2 2 2 2 2 2 2 2 2 2 2 2
left_child=1 2 -1 4 5 6 10 8 -6 -3 -4 -10 13 14 15 -7 -16 29 19 20 23 22 -22 24 -19 27 -26 -25 -29 -11
right_child=-2 9 3 -5 7 12 -8 -9 11 17 -12 -13 -14 -15 16 -17 -18 18 -20 -21 21 -23 -24 25 26 -27 -28 28 -30 -31
leaf_value=0.28073764796339429 0.082855678140573652 -0.89429715174880831 0.45642675203184385 -0.49067541969590156 1.7285619168609814 -1.3046783650703464 -0.12741813852793413 -0.37965914813052759 1.2075354912579062 0.30496143669375553 1.6813767407152611 -0.64978837159469849 -0.025900601497100363 -0.16326382329248496 2.0777568360169729 -4.5366309347748759 -0.58333253034270638 1.1934307318080115 0.87835112633129764 -1.637298631033999 -3.0195173165450497 -4.0952442248662315 0.09657887609468567 -0.50771565104466088 0.016904501413663221 0.91304135152863142 -0.71201068446870008 -0.55033381054798758 -4.0021848445468482 0.02081411426155071
leaf_weight=944 13896 161 362 1054 69 141 338 2518 50 2154 118 123 8917 1920 24 20 202 148 173 94 24 24 72 384 2628 72 413 75 45 28813
leaf_count=944 13896 161 362 1054 69 141 338 2518 50 2154 118 123 8917 1920 24 20 202 148 173 94 24 24 72 384 2628 72 413 75 45 28813
internal_value=-4.63283e-06 -0.0221134 -0.0996984 -0.122348 -0.0961207 -0.0470453 0.391885 -0.310238 0.412081 0.0148318 0.75756 -0.11299 -0.0790343 -0.284407 -0.885424 -1.70616 -0.300739 0.0189996 -0.141945 -0.186306 -0.151198 -1.365 -0.682445 -0.112511 -0.0228936 -0.608676 -0.0820899 -0.826064 -1.84478 0.0405788
internal_weight=65976 52080 16800 15856 14802 12042 818 2760 242 35280 480 173 11224 2307 387 161 226 35119 4152 3979 3885 120 96 3765 3189 576 3041 504 120 30967
internal_count=65976 52080 16800 15856 14802 12042 818 2760 242 35280 480 173 11224 2307 387 161 226 35119 4152 3979 3885 120 96 3765 3189 576 3041 504 120 30967
is_linear=0
shrinkage=0.05


Tree=171
num_leaves=31
num_cat=0
split_feature=69 0 64 34 73 1 24 2 1 63 61 68 2 73 72 15 1 68 58 58 66 40 34 72 1 4 72 2 62 2
split_gain=47900.3 61632.6 80866.2 79335.6 62988.3 54590.8 113017 94572.1 105304 78796.9 92017.5 74423.5 73579.2 69598.1 169374 91154.1 79964.7 78889.9 64477.6 64446.6 89059.6 73167.2 60777.7 74267.6 61838.1 59707.6 57021.6 56085.6 54200.9 53112.4
threshold=126.37513888888887 2022.5000000000002 1.0000000180025095e-35 90.500000000000014 -2.7499999999999982 4.5000000000000009 0.15000000000000005 23.500000000000004 3.5000000000000004 1085.8091998323853 1114.0064528047753 9.3875000000000046 25.500000000000004 -1.2666666666666664 11.541666666666668 0.15000000000000005 11.500000000000002 13.137500000000005 1358.5410000000004 1322.6663872755601 20.308333333333337 77.500000000000014 92.500000000000014 11.541666666666668 3.5000000000000004 1.5000000000000002 6.2583333333333337 2.5000000000000004 1402.6590000000003 2.5000000000000004
decision_type=2 2 2 2 2 2 2 2 2 2 2 2 2 2 2 2 2 2 2 2 2 2 2 2 2 2 2 2 2 2
left_child=5 2 -2 -4 -3 6 7 9 12 10 -1 -11 25 14 15 -7 26 -18 -13 20 29 -21 -8 24 -24 -9 -15 -12 -20 -16
right_child=1 4 3 -5 -6 13 22 8 -10 11 27 18 -14 16 19 -17 17 -19 28 21 -22 -23 23 -25 -26 -27 -28 -29 -30 -31
leaf_value=-0.38734982865788403 0.042598035653754925 0.58203765059659485 -0.10456146448352435 -0.92848879234357318 0.12752790865471753 0.20337343819078937 0.010072430642583806 2.2542649641633035 0.41691396934957381 0.15516500714343381 -3.8464407012576149 -0.23567964531010954 -0.438645771139894 0.60724446889373562 -0.95154574221531307 1.3732485561056784 -0.17129317676319744 -1.3181223349990669 -2.1322965883346927 -0.45447674244540476 0.25659549132160542 -1.8856259077166517 0.58413145431960134 -0.99530307249380989 1.8711996050940145 0.17867942634811734 0.048711875098564041 -1.1535797137858681 0.12756567734938404 -0.22535142804019048
leaf_weight=2512 11385 869 916 429 6207 819 533 40 1221 1433 21 2804 990 465 277 209 2017 162 83 1281 980 96 284 52 139 259 26444 244 39 2766
leaf_count=2512 11385 869 916 429 6207 819 533 40 1221 1433 21 2804 990 465 277 209 2017 162 83 1281 980 96 284 52 139 259 26444 244 39 2766
internal_value=-4.40107e-06 0.0650427 -0.000716525 -0.367361 0.183346 -0.0279083 -0.127175 -0.179819 0.0841598 -0.27267 -0.480832 -0.140055 -0.23104 0.00186963 -0.147024 0.441218 0.0347728 -0.256555 -0.284638 -0.259008 -0.157951 -0.554252 0.37659 0.787862 1.00707 0.45635 0.0583636 -1.36698 -1.40988 -0.291456
internal_weight=65976 19806 12730 1345 7076 46170 10654 9646 2510 7136 2777 4359 1289 35516 6428 1028 29088 2179 2926 5400 4023 1377 1008 475 423 299 26909 265 122 3043
internal_count=65976 19806 12730 1345 7076 46170 10654 9646 2510 7136 2777 4359 1289 35516 6428 1028 29088 2179 2926 5400 4023 1377 1008 475 423 299 26909 265 122 3043
is_linear=0
shrinkage=0.05


Tree=172
num_leaves=31
num_cat=0
split_feature=63 61 57 75 61 62 73 69 1 63 2 63 75 34 9 62 71 68 71 67 3 61 72 4 32 61 68 4 66 59
split_gain=46207.4 157567 109492 97106 90588 77888.4 74686.6 86200.6 71768.4 76264 74714.5 67774.7 67397 84189 81775.3 78282 71175.1 66915 64457.5 61249.2 60475.1 56511.9 53505.3 52324 55557.3 52107.5 50744.2 50725.7 50414.7 50104.5
threshold=1228.7154556123153 1162.7510000000004 1269.7405000000001 1092.0227503893298 996.54229427993107 1136.4178261003101 1.7500000000000013 44.444444444444478 4.5000000000000009 1117.4265543323852 27.500000000000004 781.13600000000008 1611.0641042860404 23.500000000000004 1.0000000180025095e-35 1545.8410000000001 34.291666666666679 37.037500000000009 1.3083333333333338 0.42500000000000027 21.500000000000004 1228.5954327147103 29.875000000000004 3.5000000000000004 98.500000000000014 1355.9692066687651 5.137500000000002 1.5000000000000002 28.541666666666671 1294.25966838933
decision_type=2 2 2 2 2 2 2 2 2 2 2 2 2 2 2 2 2 2 2 2 2 2 2 2 2 2 2 2 2 2
left_child=1 2 3 22 5 11 -4 -8 9 -3 -10 -5 15 14 16 20 17 -14 19 -11 -2 -20 26 24 -6 27 -1 -17 29 -25
right_child=12 8 6 4 23 -7 7 -9 10 18 -12 -13 13 -15 -16 25 -18 -19 21 -21 -22 -23 -24 28 -26 -27 -28 -29 -30 -31
leaf_value=0.10701887813979455 0.091720652845526107 -0.87941857488506603 -0.26242271629946762 -1.1794217635246997 0.29118277356007999 1.5277567453879646 -3.3021615166996803 -0.81689822383224964 -0.057337871068891835 -0.16869988765533572 -0.58466010300914317 0.46913938603229965 -0.11086867061477777 -0.56699799715976507 -1.9772659699504194 2.312959760579012 0.78142865653816906 0.79920802668492374 -0.12141613216928177 1.0165529735843462 -0.23485066879481301 -0.72172814293402099 0.35718314006920759 -0.064713483706576175 1.5009837949929654 0.27746804043247825 -0.060164965629632486 0.64071434198840693 2.3515615904460785 0.44267079475373827
leaf_weight=5857 13353 700 819 65 906 170 43 185 5458 329 766 1526 2918 841 52 59 282 217 758 163 1586 812 962 3584 106 2511 20166 196 23 563
leaf_count=5857 13353 700 819 65 906 170 43 185 5458 329 766 1526 2918 841 52 59 282 217 758 163 1586 812 962 3584 106 2511 20166 196 23 563
internal_value=-4.18122e-06 -0.0296155 0.0183658 0.0339068 0.20067 0.510484 -0.485237 -1.28561 -0.216367 -0.428484 -0.122236 0.401788 0.0591257 -0.118187 -0.00938068 0.10229 0.0205666 -0.0478745 -0.275403 0.223975 0.0570502 -0.431896 -0.00900007 0.0953864 0.417901 0.346626 -0.0225369 1.02763 0.0171167 0.00416941
internal_weight=65976 43961 34975 33928 6943 1761 1047 228 8986 2762 6224 1591 22015 4310 3469 17705 3417 3135 2062 492 14939 1570 26985 5182 1012 2766 26023 255 4170 4147
internal_count=65976 43961 34975 33928 6943 1761 1047 228 8986 2762 6224 1591 22015 4310 3469 17705 3417 3135 2062 492 14939 1570 26985 5182 1012 2766 26023 255 4170 4147
is_linear=0
shrinkage=0.05


Tree=173
num_leaves=31
num_cat=1
split_feature=74 57 63 75 13 72 69 40 3 0 2 75 56 72 67 10 69 67 33 60 73 57 66 51 63 1 73 2 72 68
split_gain=45446.7 64456.1 155538 120129 110807 86381.4 95045.9 80180.7 79884.3 69325.5 65509.8 62439.9 61174 60018.5 59164.3 57889.1 56368 56271.8 55307.4 61755.6 54976.2 65069.8 54729.8 54048.8 53957.5 53852 57872 69427.1 68876.6 63145.5
threshold=-2.1333333333333355 1256.7745000000002 1209.5365228323851 1402.7821666666671 0 4.3916666666666684 27.913611111111106 74.500000000000014 8.5000000000000018 2022.5000000000002 29.500000000000004 1389.7760000000001 1195.0099891434054 19.108333333333341 4.3375000000000012 1.0000000180025095e-35 133.4025 25.587500000000006 98.500000000000014 1119.4595000000002 1.916666666666665 1384.5665000000001 28.991666666666674 1.0000000180025095e-35 1010.7273065000001 5.5000000000000009 0.2333333333333352 27.500000000000004 16.308333333333337 2.912500000000001
decision_type=2 2 2 2 9 2 2 2 2 2 2 2 2 2 2 2 2 2 2 2 2 2 2 2 2 2 2 2 2 2
left_child=15 3 10 5 -4 6 -2 9 -9 -8 13 22 -10 18 24 25 -5 -7 23 -20 21 -13 -6 -3 -11 -1 28 -28 -27 -29
right_child=1 2 4 16 11 17 7 8 12 14 -12 20 -14 -15 -16 -17 -18 -19 19 -21 -22 -23 -24 -25 -26 26 27 29 -30 -31
leaf_value=-0.046633723281589871 -0.83558705850726089 -0.80251681133673891 0.011021483711535739 1.020016850445133 -0.97175983488559725 -0.031704777808003556 -0.028061616948515389 -0.038048083865374484 1.0932648401251719 0.29150566253811122 -1.4540682400291673 -3.4006710331614425 0.23769173914572705 -0.084817509062555252 -0.0084292567395973118 2.7638994073867802 3.8713333890988277 0.45187844433487501 -1.2724981252724925 0.41574878787680991 1.071144075620742 -1.185274449326744 1.557085903286934 -0.03196335290761098 1.277876224828093 0.3239519185779135 0.38211304083893549 -3.0605965518951415 -0.059047045577020431 -0.17638195914710872
leaf_weight=5869 210 1297 9473 52 46 32271 2319 378 654 264 147 41 307 1130 367 20 26 613 69 252 21 173 40 276 292 1635 3181 20 4162 371
leaf_count=5869 210 1297 9473 52 46 32271 2319 378 654 264 147 41 307 1130 367 20 26 613 69 252 21 173 40 276 292 1635 3181 20 4162 371
internal_value=-3.97201e-06 -0.0227652 -0.118951 0.0102665 -0.0204091 0.00620827 0.204559 0.25224 0.577733 0.117807 -0.423309 -0.919648 0.819944 -0.373202 0.484294 0.075655 1.97046 -0.0226902 -0.545259 0.0528546 -1.37015 -1.60972 0.204447 -0.667315 0.809528 0.0721267 0.146521 0.30483 0.0489749 -0.323912
internal_weight=65976 50718 12965 37753 9794 37675 4791 4581 1339 3242 3171 321 961 3024 923 15258 78 32884 1894 321 235 214 86 1573 556 15238 9369 3572 5797 391
internal_count=65976 50718 12965 37753 9794 37675 4791 4581 1339 3242 3171 321 961 3024 923 15258 78 32884 1894 321 235 214 86 1573 556 15238 9369 3572 5797 391
cat_boundaries=0 1
cat_threshold=1
is_linear=0
shrinkage=0.05


Tree=174
num_leaves=31
num_cat=0
split_feature=72 1 57 68 69 72 57 63 61 57 37 62 73 64 75 23 1 72 68 35 60 73 27 2 73 5 75 72 61 1
split_gain=45889.5 50082 72242.8 70560.6 64170.1 60060.7 82168.2 74566.1 69869.2 54583.4 58441.9 53966.7 79060.7 51894.3 61846.4 50307.7 48880.5 119254 78614.8 78794.5 88925.3 72095.9 56069.3 54119.6 60845.3 52940 64569.5 91199 52353.5 85513.4
threshold=-3.4499999999999997 3.5000000000000004 1543.8790000000001 11.512500000000005 121.73444444444446 7.7833333333333341 1226.7380000000001 1132.8420490364954 1084.3310000000004 1684.5335746687654 12.500000000000002 1396.0509075000002 1.0833333333333326 1.0000000180025095e-35 1338.7875000000004 0.75000000000000011 6.5000000000000009 23.658333333333335 12.487500000000002 1.5000000000000002 1266.6040000000003 3.1000000000000014 1.9500000000000002 2.5000000000000004 -1.3666666666666638 1.0000000180025095e-35 944.57308797486655 11.775000000000002 1252.2783295298902 4.5000000000000009
decision_type=2 2 2 2 2 2 2 2 2 2 2 2 2 2 2 2 2 2 2 2 2 2 2 2 2 2 2 2 2 2
left_child=-1 2 3 5 9 6 13 -8 -7 11 -11 16 -13 14 -2 -15 17 25 22 -20 23 -22 -18 24 -21 28 -27 -28 -3 -30
right_child=1 4 -4 -5 -6 8 7 -9 -10 10 -12 12 -14 15 -16 -17 18 -19 19 20 21 -23 -24 -25 -26 26 27 -29 29 -31
leaf_value=0.28646129598804337 0.20486217387802907 0.042707209039949894 -1.0557505461136028 -0.36864760770728716 0.13709133121650666 -0.083110503316446871 -0.77617073855972107 -0.072012067572267927 -0.58098552434654027 -0.13239871965311467 -0.89715837942318888 0.066779708157224352 0.6091145049927057 -0.090525083577376791 2.3448965654653664 -2.0694132151025713 0.063279049244095872 0.36158528648706029 -0.03980568109041787 -2.1240993562141357 -0.63372430245510725 -3.2514387311758819 1.1147370622593624 -0.14002196850596546 -0.42888416444094712 -0.094738125939541784 -3.1512999694455757 -0.63923658703887232 -1.2881441079119527 -0.11767688232817422
leaf_weight=1369 4799 10826 189 1776 9285 3123 428 3092 910 1000 333 3852 814 1200 34 33 5133 2508 8001 71 1019 27 130 3999 208 487 44 202 189 895
leaf_count=1369 4799 10826 189 1776 9285 3123 428 3092 910 1000 333 3852 814 1200 34 33 5133 2508 8001 71 1019 27 130 3999 208 487 44 202 189 895
internal_value=-3.69004e-06 -0.00607378 -0.0841523 -0.0722242 0.0187467 -0.0335688 0.0345375 -0.157631 -0.19545 -0.00890515 -0.323445 0.00201222 0.161392 0.14605 0.219917 -0.143488 -0.0200295 0.0466308 -0.074364 -0.138987 -0.288039 -0.701294 0.0892508 -0.186996 -0.860283 -0.0158469 -0.428268 -1.08855 0.00953553 -0.321753
internal_weight=65976 64607 15584 15395 49023 13619 9586 3520 4033 39738 1333 38405 4666 6066 4833 1233 33739 15151 18588 13325 5324 1046 5263 4278 279 12643 733 246 11910 1084
internal_count=65976 64607 15584 15395 49023 13619 9586 3520 4033 39738 1333 38405 4666 6066 4833 1233 33739 15151 18588 13325 5324 1046 5263 4278 279 12643 733 246 11910 1084
is_linear=0
shrinkage=0.05


Tree=175
num_leaves=31
num_cat=0
split_feature=0 0 1 1 1 2 1 73 68 60 24 8 2 9 67 61 68 35 16 60 2 1 1 72 2 20 2 7 9 2
split_gain=44382.6 51847.7 124311 79507.4 70979.8 172263 98852.2 78468 73173.2 68539.2 67819.5 62858.4 60643.9 74300.9 65568.1 59429.5 55951.3 94937 55848 54278 49536.4 48637.1 88323 74794.2 73640.4 81546 54797.1 86393.6 57505 94076.5
threshold=2020.5000000000002 2019.5000000000002 10.500000000000002 8.5000000000000018 3.5000000000000004 14.500000000000002 1.5000000000000002 -0.21666666666666543 -5.5374999999999988 1367.9363905008702 1.0000000180025095e-35 1.0000000180025095e-35 9.5000000000000018 1.0000000180025095e-35 30.362500000000008 1012.3083021123151 6.2375000000000016 92.500000000000014 0.35000000000000003 1241.1970000000003 2.5000000000000004 1.5000000000000002 2.5000000000000004 4.0083333333333346 18.500000000000004 0.15000000000000005 6.5000000000000009 1.0000000180025095e-35 1.0000000180025095e-35 5.5000000000000009
decision_type=2 2 2 2 2 2 2 2 2 2 2 2 2 2 2 2 2 2 2 2 2 2 2 2 2 2 2 2 2 2
left_child=1 3 9 4 5 8 -7 15 -1 12 -4 -9 14 -14 -3 -6 -10 19 -5 -18 -19 24 23 -23 -2 -26 27 28 -24 -30
right_child=21 2 10 18 7 6 -8 11 16 -11 -12 -13 13 -15 -16 -17 17 20 -20 -21 -22 22 26 -25 25 -27 -28 -29 29 -31
leaf_value=2.3251523632718167 0.39413641570818814 0.016521998037039087 0.3756490192631024 -0.18470001864665167 0.25242892996449762 -0.31439932354461453 0.42550367496805069 0.27624130314574058 -0.22419694157961009 -0.63823796135425215 -0.8334180088200438 1.8424678416435538 -0.26195622830711524 -3.3162850160896782 1.9695835251699796 -0.21736588206514718 -1.0275342193568915 2.2959449833089653 0.5270108645794721 -3.0855734551654144 -0.19400032345325716 -0.0064511360135968837 -0.0093129504981174522 -0.47740517683317069 0.063379412015955525 -1.145073222871269 0.07202510707545115 -0.61631446456069661 -0.14047083689811382 -3.9880282913645111
leaf_weight=23 2160 1842 1337 5566 1094 648 1488 4435 829 917 127 65 4497 20 44 1750 555 22 290 34 217 1792 5737 1592 1405 155 26568 696 47 24
leaf_count=23 2160 1842 1337 5566 1094 648 1488 4435 829 917 127 65 4497 20 44 1750 555 22 290 34 217 1792 5737 1592 1405 155 26568 696 47 24
internal_value=-3.50547e-06 -0.0511784 -0.149831 -0.000252112 0.0780392 -0.0968921 0.201039 0.168935 -0.47569 -0.23395 0.270764 0.298865 -0.17605 -0.27548 0.0620865 -0.0366502 -0.514567 -0.805288 -0.149455 -1.14633 0.0351997 0.0328597 0.0152862 -0.228011 0.20508 -0.0566912 0.040181 -0.0898982 -0.0268153 -1.44105
internal_weight=65976 25800 8784 17016 11160 3816 2136 7344 1680 7320 1464 4500 6403 4517 1886 2844 1657 828 5856 589 239 40176 36456 3384 3720 1560 33072 6504 5808 71
internal_count=65976 25800 8784 17016 11160 3816 2136 7344 1680 7320 1464 4500 6403 4517 1886 2844 1657 828 5856 589 239 40176 36456 3384 3720 1560 33072 6504 5808 71
is_linear=0
shrinkage=0.05


Tree=176
num_leaves=31
num_cat=0
split_feature=74 73 4 3 4 61 4 4 56 57 72 14 2 48 57 69 71 38 74 29 66 1 61 72 7 3 75 37 62 3
split_gain=44256.4 52893.3 50508 45983.5 292266 112486 63606.6 86019 69693.3 57942.2 51055.2 161536 67842.1 68928.3 98933.3 77069.1 67336.5 64224.6 58274.3 56943.3 71242.5 55553.1 54915.7 97687.7 81796.9 70739.4 104449 90426.9 88740.1 88301
threshold=6.5166666666666693 4.708333333333333 6.5000000000000009 1.0000000180025095e-35 1.5000000000000002 1068.8021243709902 6.5000000000000009 2.5000000000000004 1442.9812324689053 1497.37241989271 3.1416666666666671 1.0000000180025095e-35 30.500000000000004 0.45833333350000005 1256.7745000000002 113.95569444444443 0.31666666666666671 88.500000000000014 -3.4166666666666652 98.500000000000014 3.4250000000000003 5.5000000000000009 1116.4187840797852 29.875000000000004 1.0000000180025095e-35 8.5000000000000018 962.50130000000013 4.5000000000000009 1065.6975581123152 21.500000000000004
decision_type=2 2 2 2 2 2 2 2 2 2 2 2 2 2 2 2 2 2 2 2 2 2 2 2 2 2 2 2 2 2
left_child=1 3 -2 4 5 -1 7 8 -6 -8 11 12 13 14 16 -16 -5 -18 21 -17 -21 -12 23 -20 25 27 28 -24 -27 -28
right_child=2 -3 -4 10 6 -7 9 -9 -10 -11 18 -13 -14 -15 15 19 17 -19 22 20 -22 -23 24 -25 -26 26 29 -29 -30 -31
leaf_value=-0.51220463981484843 0.32938020815708113 -0.39409329103470947 -0.38061551985981534 0.54061402417337001 0.77894704314869845 -2.3641965799606761 0.81390539618002045 0.12710247265511879 3.4584876702382013 3.0667116549707227 -0.08190858770845133 0.71156611459975949 -1.0385859332475309 0.24618967529183411 -1.3458570560073837 -0.35973807655665424 -0.265251708402099 0.76403247089800685 -0.014526943729110351 -0.51302690282464025 2.0947349482368338 0.30928756160536008 -0.14957500287172296 0.43706080708267464 -0.54755957491989082 -0.91302907526493071 -0.017282841577733538 -0.80897274076107806 1.761642369390398 -0.35297722494616746
leaf_weight=274 1762 872 292 682 364 117 360 1555 26 31 1468 980 148 2456 188 1240 906 182 25323 50 55 2377 2064 1257 972 40 16886 695 138 2216
leaf_count=274 1762 872 292 682 364 117 360 1555 26 31 1468 980 148 2456 188 1240 906 182 25323 50 55 2377 2064 1257 972 40 16886 695 138 2216
internal_value=-3.3301e-06 -0.00734407 0.228446 -0.00199522 0.198834 -1.06638 0.410606 0.293626 0.957583 0.992517 -0.011074 0.117056 0.0184236 0.0455876 -0.103573 -0.397611 0.151093 -0.0930737 -0.0275878 -0.265068 0.852944 0.159931 -0.0421269 0.00682918 -0.0986761 -0.0788788 -0.0449922 -0.315679 1.16059 -0.0562263
internal_weight=65976 63922 2054 63050 2727 391 2336 1945 390 391 60323 6887 5907 5759 3303 1533 1770 1088 53436 1345 105 3845 49591 26580 23011 22039 19280 2759 178 19102
internal_count=65976 63922 2054 63050 2727 391 2336 1945 390 391 60323 6887 5907 5759 3303 1533 1770 1088 53436 1345 105 3845 49591 26580 23011 22039 19280 2759 178 19102
is_linear=0
shrinkage=0.05


Tree=177
num_leaves=31
num_cat=1
split_feature=0 63 35 72 68 39 1 63 61 75 63 72 72 72 73 8 4 2 4 70 13 3 75 61 75 40 67 60 66 2
split_gain=43889.2 70591.8 79478.2 74100.3 77637.5 66218.2 62995.9 89037 68110.5 62967.9 106607 65697.5 62132.6 59934 65313 60274 164186 55993.2 68559.6 52629.6 56022.2 154596 86341.4 78706.1 64378.7 86788.5 70159.6 64824.1 70224.2 61469.7
threshold=2024.5000000000002 1818.6935000000001 97.500000000000014 21.991666666666671 9.0375000000000032 1.5000000000000002 4.5000000000000009 1127.8545000000001 918.41304694465759 1997.5980000000004 1789.2425000000001 24.425000000000001 8.6750000000000025 -2.274999999999999 -1.3666666666666638 1.0000000180025095e-35 2.5000000000000004 20.500000000000004 4.5000000000000009 32.808333333333344 0 18.500000000000004 1451.9410561069235 1629.3115000000003 1006.9090484446592 1.0000000180025095e-35 22.662500000000005 1079.5899693733552 9.5750000000000028 19.500000000000004
decision_type=2 2 2 2 2 2 2 2 2 2 2 2 2 2 2 2 2 2 2 2 9 2 2 2 2 2 2 2 2 2
left_child=9 2 3 4 -2 -5 7 8 12 19 -11 -12 -6 -4 -15 -16 -17 -3 -19 20 21 22 23 24 26 -26 -1 28 -27 -24
right_child=1 17 13 5 6 -7 -8 -9 -10 10 11 -13 -14 14 15 16 -18 18 -20 -21 -22 -23 29 -25 25 27 -28 -29 -30 -31
leaf_value=-0.39501951371747224 0.16916227419346191 -0.11384157064508221 2.7759478879385981 0.52883762286888103 2.1547140468250623 -0.93338561051908675 -0.062478253155931113 -0.2924035344595019 -1.8975232348622133 -1.6938034398078514 -0.79551764154206217 0.518643951724575 -1.2554306699072615 1.2336034192987111 0.06769920193483879 -0.77833514993007369 5.0906135992570363 1.2074699156138362 4.4197779846191407 0.41549523541047223 -0.0045651552372900448 0.6863563464524417 -1.2753970050230259 1.1378854014405184 -0.40399339520228861 -5.4038115596771243 1.9136001756361551 -0.93960441508311399 -2.0739417859794278 -4.601951722304026
leaf_weight=551 1412 61 29 869 22 85 954 503 192 148 183 198 34 207 578 26 22 98 20 728 58167 301 41 70 227 20 35 98 76 21
leaf_count=551 1412 61 29 869 22 85 954 503 192 148 183 198 34 207 578 26 22 98 20 728 58167 301 41 70 227 20 35 98 76 21
internal_value=-3.16377e-06 0.140712 0.105318 0.0129675 -0.105047 0.398556 -0.332134 -0.67468 -1.45002 -0.0118219 -0.554955 -0.112568 0.084269 0.541468 0.463677 0.209085 1.9116 1.11611 1.75193 -0.00705986 -0.0122207 -0.319207 -0.587747 -0.483297 -0.595991 -1.06766 -0.257133 -1.84421 -2.76766 -2.40213
internal_weight=65976 5112 4933 4071 3117 954 1705 751 248 60864 529 381 56 862 833 626 48 179 118 60335 59607 1440 1139 1077 1007 421 586 194 96 62
internal_count=65976 5112 4933 4071 3117 954 1705 751 248 60864 529 381 56 862 833 626 48 179 118 60335 59607 1440 1139 1077 1007 421 586 194 96 62
cat_boundaries=0 1
cat_threshold=178
is_linear=0
shrinkage=0.05


Tree=178
num_leaves=31
num_cat=0
split_feature=68 75 62 61 63 63 16 1 63 61 72 61 39 61 68 75 57 68 2 2 63 62 33 42 62 71 75 71 37 73
split_gain=42066.8 62780.5 90202.2 70984.1 99306.4 86334.6 78097.5 77323.9 91957.8 75699.7 74512.7 86439.1 70190.5 67694.5 65148.6 74001.1 65895.2 60888 55967.3 54003.2 58051.2 53556.7 50970.5 63774.5 50480.4 50163.6 50155.4 49587.1 59996.6 49484.4
threshold=36.487500000000004 1672.5867764930301 1408.9237319689053 1096.7456205141852 961.80950000000018 1228.7154556123153 0.25000000000000006 4.5000000000000009 1056.6762209786452 1225.8230000000001 29.658333333333335 966.18950509027707 27.500000000000004 1268.6025000000002 5.637500000000002 1134.0487386596972 1276.7945309707252 29.637500000000006 30.500000000000004 26.500000000000004 1765.3146450000002 1139.1345000000003 71.500000000000014 1.0000000180025095e-35 738.89529221663713 1.3083333333333338 1445.0857697511119 34.291666666666679 8.5000000000000018 2.6166666666666689
decision_type=2 2 2 2 2 2 2 2 2 2 2 2 2 2 2 2 2 2 2 2 2 2 2 2 2 2 2 2 2 2
left_child=1 2 3 4 10 7 14 8 -5 -10 11 -1 19 -4 26 24 21 -14 -9 27 -21 -17 -8 -24 -16 -11 -6 29 -29 -3
right_child=-2 12 13 5 6 -7 22 18 9 25 -12 -13 17 -15 15 16 -18 -19 -20 20 -22 -23 23 -25 -26 -27 -28 28 -30 -31
leaf_value=-0.019300386571386458 0.42805507266124709 -0.14939555290661463 0.71880670352351106 -0.8881126350075772 0.410811158284411 0.028411883987306586 0.17512284295490155 -0.061849110859821581 -0.074299256314630982 -0.036324847537722797 0.43135005602490306 -0.3629366644949969 -1.9288261951769101 0.12966063570071171 1.6177473035951455 0.30453927089038446 -0.41627982657968626 -0.45301136420116772 -0.85145617364298387 -1.0231635800498369 0.062380930544132032 0.98263353967337697 1.6844317253255712 0.29303415880558337 -0.008527254788212214 -0.74459164401358746 -1.6840902513471143 1.1573571137866083 -0.4679885573772824 1.8632464570383871
leaf_weight=15015 569 2060 525 643 1933 10713 260 9242 2392 343 804 2084 102 6841 48 1124 237 222 230 318 201 393 198 141 8100 922 29 171 85 31
leaf_count=15015 569 2060 525 643 1933 10713 260 9242 2392 343 804 2084 102 6841 48 1124 237 222 230 318 201 393 198 141 8100 922 29 171 85 31
internal_value=-3.03996e-06 -0.00372688 0.00736515 -0.014697 0.0363787 -0.0780405 0.144751 -0.160848 -0.336687 -0.239731 -0.0390633 -0.0611823 -0.220063 0.171651 0.116627 0.0644718 0.359076 -0.91762 -0.0810224 -0.141205 -0.60275 0.480209 0.701782 1.10571 0.00105315 -0.552548 0.379847 -0.0391415 0.617692 -0.119557
internal_weight=65976 65407 62217 54851 30366 24485 12463 13772 4300 3657 17903 17099 3190 7366 11864 9902 1754 324 9472 2866 519 1517 599 339 8148 1265 1962 2347 256 2091
internal_count=65976 65407 62217 54851 30366 24485 12463 13772 4300 3657 17903 17099 3190 7366 11864 9902 1754 324 9472 2866 519 1517 599 339 8148 1265 1962 2347 256 2091
is_linear=0
shrinkage=0.05


Tree=179
num_leaves=31
num_cat=0
split_feature=0 57 71 4 75 68 54 2 0 2 2 1 73 69 62 39 67 56 72 21 1 1 2 9 61 73 3 1 73 1
split_gain=42258.6 47622.8 74382.5 52224.3 104556 78172.1 63723.5 56316.5 98066.7 115679 72338.4 61127.1 51552.4 48214 50596.5 48254.7 73545 68888.3 53732.8 46551.4 54572.5 73045.4 61815.2 55867.1 52481 45747 45142.9 44406.7 50839.2 103005
threshold=2023.5000000000002 1684.5335746687654 28.991666666666674 6.5000000000000009 2055.8465000000006 26.037500000000005 0.95833333350000005 15.500000000000002 2024.5000000000002 24.500000000000004 13.500000000000002 7.5000000000000009 -1.2666666666666664 162.56250000000009 1623.2550000000003 99.500000000000014 5.1125000000000016 1517.8574687648254 3.291666666666667 1.0000000180025095e-35 5.5000000000000009 6.5000000000000009 6.5000000000000009 1.0000000180025095e-35 781.64772303649715 -3.5666666666666687 16.500000000000004 4.5000000000000009 -5.6416666666666657 10.500000000000002
decision_type=2 2 2 2 2 2 2 2 2 2 2 2 2 2 2 2 2 2 2 2 2 2 2 2 2 2 2 2 2 2
left_child=27 2 13 5 6 -3 -5 10 9 -9 -7 -12 -10 15 -15 19 18 -18 -17 20 24 22 23 -22 -2 -23 -27 -1 29 -29
right_child=1 3 -4 4 -6 7 -8 8 12 -11 11 -13 -14 14 -16 16 17 -19 -20 -21 21 25 -24 -25 -26 26 -28 28 -30 -31
leaf_value=-0.087579587676112652 0.66574748566363784 -1.085242253018148 0.84562468318235595 -0.87502941209536333 -2.6271678027559502 -0.048956817608398442 1.0838154568046821 0.56516760303702662 2.6122466905911765 -0.96102713269560969 -2.2348401861755476 0.34229005376497906 0.77981214743978222 0.25256736894708037 1.9436651834514409 1.4153096207090328 0.58557991756189998 -2.0718798065185546 -0.61924804511169596 0.50280129151276554 0.20029842215124516 -1.1047354376284024 0.8243080589657158 -1.9323968827724458 -0.211274801968796 -0.085168714324610789 0.41630808339709413 -1.3778340419970061 0.017238532306657315 0.32980034565383742
leaf_weight=16800 179 165 338 130 61 571 61 292 45 216 76 33 261 2587 45 37 994 25 264 419 160 93 538 38 3625 2070 573 190 34925 165
leaf_count=16800 179 165 338 130 61 571 61 292 45 216 76 33 261 2587 45 37 994 25 264 419 160 93 538 38 3625 2070 573 190 34925 165
internal_value=-2.88814e-06 0.0774656 0.114427 -0.154338 -0.824993 -0.0524668 -0.24943 0.0615947 0.342173 -0.0837656 -0.274274 -1.45461 1.04929 0.093207 0.281481 0.0382391 0.317541 0.520382 -0.369153 -0.00967243 -0.039184 0.104147 0.546324 -0.209007 -0.170006 -0.0148008 0.023551 -0.0206731 0.0111872 -0.584145
internal_weight=65976 13896 11985 1911 252 1659 191 1494 814 508 680 109 306 11647 2632 9015 1320 1019 301 7695 7276 3472 736 198 3804 2736 2643 52080 35280 355
internal_count=65976 13896 11985 1911 252 1659 191 1494 814 508 680 109 306 11647 2632 9015 1320 1019 301 7695 7276 3472 736 198 3804 2736 2643 52080 35280 355
is_linear=0
shrinkage=0.05


Tree=180
num_leaves=31
num_cat=1
split_feature=3 3 13 4 75 61 75 66 60 61 75 4 3 72 61 74 5 3 28 63 57 68 61 61 3 4 3 41 57 57
split_gain=41924.5 52531.6 77585.8 126378 118492 95741.4 136381 92464.5 78482.8 77533.4 95060.4 76094.6 197004 146921 105966 87238.7 89013.4 96425.8 191639 85899.1 85737.7 82385.7 82017.6 75008.4 96683.1 141826 134041 133632 124884 79835
threshold=22.500000000000004 18.500000000000004 0 6.5000000000000009 1505.7172646649269 1694.8995000000002 1240.9358072046537 31.308333333333337 1087.2760873573802 1002.8899887414251 1094.2841142791485 6.5000000000000009 1.0000000180025095e-35 30.341666666666669 1089.3549544446603 0.50000000000000544 1.0000000180025095e-35 11.500000000000002 99.500000000000014 903.46646211358268 1229.5090000000002 6.5875000000000021 1736.9840000000002 871.26400000000001 9.5000000000000018 1.5000000000000002 1.0000000180025095e-35 99.500000000000014 891.00562399302862 1651.2740000000001
decision_type=2 2 9 2 2 2 2 2 2 2 2 2 2 2 2 2 2 2 2 2 2 2 2 2 2 2 2 2 2 2
left_child=1 2 3 4 5 6 -1 8 -8 10 -3 15 -13 14 -14 23 17 -17 -19 -18 -16 -20 -22 -4 25 28 -27 -26 -25 -30
right_child=-2 9 11 -5 -6 -7 7 -9 -10 -11 -12 12 13 -15 20 16 19 18 21 -21 22 -23 -24 24 27 26 -28 -29 29 -31
leaf_value=-0.39094881727352454 -0.19118937633428698 0.27701301231054981 0.096263151229930649 0.7419561993990218 -3.4184182729985979 1.4218937109728329 -4.7257203550899733 0.44581291593354327 -1.841463605769269 0.074766961373962201 1.6639080640870991 0.95385517372390416 -0.15562223869839953 0.83181183718610563 -1.4618217254697585 0.23833429666148917 0.89892084510238091 -0.093623038322110289 1.7230928007174624 -1.3705049807376284 -0.36456549515538361 0.44097280904223679 -2.163179533072372 0.21484168972156967 -0.043423529533153732 0.30096927532625101 -0.20068226440041689 0.53166058405279182 -0.86929652238430666 -4.0594345951080326
leaf_weight=903 2748 467 7660 209 36 61 34 29 77 10361 168 381 5038 320 259 8765 54 7269 143 183 1174 1012 67 309 6385 1596 8038 1200 1010 20
leaf_count=903 2748 467 7660 209 36 61 34 29 77 10361 168 381 5038 320 259 8765 54 7269 143 183 1174 1012 67 309 6385 1596 8038 1200 1010 20
internal_value=-2.74368e-06 0.00830656 -0.0126044 -0.385448 -0.59552 -0.503469 -0.616074 -2.06813 -2.72493 0.107636 0.64394 -0.0026434 -0.15278 -0.214259 -0.265459 0.0222583 0.108967 0.122236 0.00143885 -0.853421 -0.634363 0.599711 -0.46167 -0.0353734 -0.0897077 -0.184592 -0.117577 0.0475588 -0.66676 -0.931241
internal_weight=65976 63228 52232 1349 1140 1104 1043 140 111 10996 635 50883 7239 6858 6538 43644 17426 17189 8424 237 1500 1155 1241 26218 18558 10973 9634 7585 1339 1030
internal_count=65976 63228 52232 1349 1140 1104 1043 140 111 10996 635 50883 7239 6858 6538 43644 17426 17189 8424 237 1500 1155 1241 26218 18558 10973 9634 7585 1339 1030
cat_boundaries=0 1
cat_threshold=178
is_linear=0
shrinkage=0.05


Tree=181
num_leaves=31
num_cat=1
split_feature=75 61 63 63 75 57 57 57 61 75 60 67 75 1 29 2 13 3 67 71 69 73 4 57 74 4 62 33 63 75
split_gain=42120.8 51468.3 101459 89784.5 76315.3 66969 62575.2 60457.9 56837 80398.2 56764.8 71194.3 136724 88033.8 70869.7 69192.2 60724.3 105690 144908 57021 57759.9 68719.6 56813.4 59978.1 55569.9 75277.3 53891.3 64778.3 54489.8 53015.2
threshold=738.31506866571647 999.6592288047766 971.72200000000009 1228.7154556123153 1105.6700485080003 1287.1944950832053 717.10275140001852 1247.2875000000001 1162.7510000000004 923.10599369071451 1402.1016017922852 28.062500000000007 1409.3499015020986 8.5000000000000018 3.5000000000000004 4.5000000000000009 0 12.500000000000002 8.6625000000000032 27.958333333333339 174.24000000000004 -4.3083333333333336 6.5000000000000009 1247.2875000000001 -0.29999999999999843 5.5000000000000009 1402.6590000000003 97.500000000000014 910.64150000000006 1611.0641042860404
decision_type=2 2 2 2 2 2 2 2 2 2 2 2 2 2 2 2 9 2 2 2 2 2 2 2 2 2 2 2 2 2
left_child=-1 2 7 6 -4 24 -3 -2 -8 -10 11 16 13 14 15 -13 17 18 -5 20 21 -12 -18 -24 -6 -26 28 -28 -11 -25
right_child=1 3 4 10 5 -7 8 -9 9 26 19 12 -14 -15 -16 -17 22 -19 -20 -21 -22 -23 23 29 25 -27 27 -29 -30 -31
leaf_value=-0.23719913984001564 0.019446394368010295 -2.6451602479181022 0.18161327543417508 -5.4192419910430907 1.4031157042883651 -0.66533382182917844 -0.025700332949654847 -1.2328340339445578 1.8112415366172792 0.51446828187132876 -2.1643630775511267 4.4105905026197432 0.040041780775760885 -0.11661466616287566 0.1656780472232236 1.9500390108525754 0.13085705394991887 0.28006370234646294 -0.91120175032353989 0.092124270405093522 0.028827975714563466 -0.29248233676005359 -1.0301772350211476 0.20288496058617189 1.753072054028511 0.21854267089660442 0.17508751116012602 2.6557164754718543 -0.24984192356909687 -1.328865073711583
leaf_weight=1820 15094 24 3741 20 284 81 13456 97 50 240 50 40 364 57 36 100 11995 190 164 3677 2009 2528 215 392 100 398 438 28 8222 66
leaf_count=1820 15094 24 3741 20 284 81 13456 97 50 240 50 40 364 57 36 100 11995 190 164 3677 2009 2528 215 392 100 398 438 28 8222 66
internal_value=-2.60644e-06 0.00672627 0.0737678 -0.0231894 0.279386 0.703221 -0.0934377 0.0114501 -0.0907079 -0.18814 0.048839 0.111495 0.645427 1.59118 2.14427 2.65305 0.087054 -0.532838 -1.40121 -0.0545689 -0.17216 -0.328787 0.105692 -0.341252 0.844977 0.526681 -0.199337 0.324138 -0.228164 -0.0178476
internal_weight=65976 64156 19795 44361 4604 863 22458 15191 22434 8978 21903 13639 597 233 176 140 13042 374 184 8264 4587 2578 12668 673 782 498 8928 466 8462 458
internal_count=65976 64156 19795 44361 4604 863 22458 15191 22434 8978 21903 13639 597 233 176 140 13042 374 184 8264 4587 2578 12668 673 782 498 8928 466 8462 458
cat_boundaries=0 1
cat_threshold=142
is_linear=0
shrinkage=0.05


Tree=182
num_leaves=31
num_cat=0
split_feature=0 75 0 1 1 63 4 24 2 9 61 1 1 1 2 1 68 2 21 60 68 0 9 2 73 4 2 16 68 1
split_gain=42254 49249.2 49594.7 112806 79864.9 73186.8 70440.4 61217.5 60358.7 69330.9 63715.3 103442 60259.6 57497.6 152577 87955.9 64937.3 63712.6 61233.9 54561.2 51996.2 50325.2 87525.3 56366.2 53022.4 49931 48453.5 47867.1 47259.5 46532
threshold=2020.5000000000002 1672.5867764930301 2019.5000000000002 10.500000000000002 8.5000000000000018 1616.1680000000003 3.5000000000000004 1.0000000180025095e-35 4.5000000000000009 1.0000000180025095e-35 1255.5389721079453 8.5000000000000018 7.5000000000000009 3.5000000000000004 14.500000000000002 1.5000000000000002 -5.5374999999999988 10.500000000000002 0.25000000000000006 1253.4091436135802 11.762500000000005 2018.5000000000002 1.0000000180025095e-35 16.500000000000004 -2.8166666666666669 1.5000000000000002 21.500000000000004 0.35000000000000003 6.3625000000000016 1.5000000000000002
decision_type=2 2 2 2 2 2 2 2 2 2 2 2 2 2 2 2 2 2 2 2 2 2 2 2 2 2 2 2 2 2
left_child=1 2 4 8 5 13 -7 -5 10 -10 -4 12 -12 14 16 -16 -1 -15 21 -20 -18 22 23 -19 -23 -25 -24 -6 -29 -2
right_child=29 -3 3 7 27 6 -8 -9 9 -11 11 -13 -14 17 15 -17 20 18 19 -21 -22 24 26 25 -26 -27 -28 28 -30 -31
leaf_value=2.1897071001322375 0.20051480990403925 -1.0734398122017201 -0.065597870806603634 0.35843156927914616 -0.17719487250024407 0.15003074455927029 1.794513788671533 -0.79027955545567163 -0.26384331547666368 -2.2120486449936165 0.77348837495827283 -0.39659877970468171 3.0146997597257972 0.36302364296939416 -0.29812192541524124 0.39981164800513902 -0.3929191421643341 -0.41324032141480355 -0.50908937569874435 -3.2874562064806621 -1.333395383529868 -0.80975102963654888 -2.9366535577178006 0.85634865023340423 0.29233903825513707 0.020176750758111262 -0.54495776640044313 1.389065909727166 0.032699264585971832 0.014874012199902377
leaf_weight=23 3720 117 752 1337 5566 141 121 127 6298 46 61 86 59 2322 648 1488 1494 685 67 24 163 115 40 206 2140 1339 45 96 194 36456
leaf_count=23 3720 117 752 1337 5566 141 121 127 6298 46 61 86 59 2322 648 1488 1494 685 67 24 163 115 40 206 2140 1339 45 96 194 36456
internal_value=-2.47656e-06 -0.0499351 -0.0452725 -0.141794 0.00474292 0.0837907 0.909506 0.258782 -0.222107 -0.27797 0.147821 0.926906 1.87542 0.0637576 -0.0923125 0.188079 -0.44881 0.149045 0.0424462 -1.24185 -0.485434 0.0680197 -0.0957384 -0.0357153 0.236135 0.131666 -1.67046 -0.144565 0.481703 0.032063
internal_weight=65976 25800 25683 8766 16917 11061 262 1464 7302 6344 958 206 120 10799 3816 2136 1680 6983 4661 91 1657 4570 2315 2230 2255 1545 85 5856 290 40176
internal_count=65976 25800 25683 8766 16917 11061 262 1464 7302 6344 958 206 120 10799 3816 2136 1680 6983 4661 91 1657 4570 2315 2230 2255 1545 85 5856 290 40176
is_linear=0
shrinkage=0.05


Tree=183
num_leaves=31
num_cat=0
split_feature=74 73 69 72 33 47 64 57 68 37 68 71 73 3 3 24 60 70 0 14 60 3 73 71 58 61 2 56 61 58
split_gain=40569.2 53453.2 48123.7 47829.6 120533 135423 90474.4 89651.4 110412 76428.4 71149.4 67902.3 82728.6 66888.9 77502.1 76187.8 64385.5 58330.8 53990.5 53350.1 49232.2 47057.1 57295.7 46784.1 46376.5 64766.7 45847.8 93559.1 45047.4 44757.2
threshold=5.7333333333333378 4.0166666666666693 56.500277777777782 7.9666666666666677 35.500000000000007 0.37500000000000006 1.0000000180025095e-35 1204.3845000000003 10.062500000000002 97.500000000000014 10.187500000000002 24.158333333333342 0.96666666666666534 10.500000000000002 20.500000000000004 1.0000000180025095e-35 1373.4328669930303 -4.924999999999998 2023.5000000000002 1.0000000180025095e-35 1415.6740000000002 14.500000000000002 -3.199999999999998 13.125000000000004 1069.2706408120553 1162.7510000000004 30.500000000000004 1280.9775000000002 1076.6575000000003 1466.5275000000004
decision_type=2 2 2 2 2 2 2 2 2 2 2 2 2 2 2 2 2 2 2 2 2 2 2 2 2 2 2 2 2 2
left_child=1 3 23 4 5 7 9 10 17 -6 18 16 28 -11 15 -15 -5 -9 -1 29 -21 -18 -23 -3 25 -17 -7 -28 -13 -19
right_child=-2 2 -4 11 6 26 -8 8 -10 13 -12 12 -14 14 -16 24 21 19 -20 20 -22 22 -24 -25 -26 -27 27 -29 -30 -31
leaf_value=0.062622669892014302 0.15412507544183396 -1.1720790596521244 -0.12234399302429054 -0.049641017650407009 0.14851155518671771 0.17654315200015303 -0.22251450831318481 0.32950309724546972 -1.4130304337119952 0.063289899756548126 -0.29865990779928836 0.27823436084719172 0.32410810246095034 0.52073339461864288 -0.08398234951766391 2.8921796438838578 -0.19199108670572085 -0.47496291641937893 0.91202184925976804 0.074310912118583428 2.7506676006317141 -2.1316347602926768 -0.55099833422328959 -0.13185602762006426 1.0042113231305498 0.50616069616273396 0.15008782248443633 -3.1362959962338213 -0.045707229274972783 -1.481095712992256
leaf_weight=1219 4010 260 1087 30083 4355 4162 1048 272 280 670 1505 1255 2573 1003 306 84 1400 1176 221 122 20 65 486 185 457 43 67 32 7408 122
leaf_count=1219 4010 260 1087 30083 4355 4162 1048 272 280 670 1505 1255 2573 1003 306 84 1400 1176 221 122 20 65 486 185 457 43 67 32 7408 122
internal_value=-2.35246e-06 -0.00997639 -0.301646 -0.00258257 0.068043 -0.0552638 0.21042 -0.233499 -0.492568 0.276005 -0.0582646 -0.0305977 0.0751615 0.492639 0.644601 0.785084 -0.0676931 -0.342024 0.192982 -0.468869 0.451263 -0.346043 -0.737462 -0.739627 1.2391 2.08431 0.151248 -0.912178 0.00122186 -0.56953
internal_weight=65976 61966 1532 60434 17164 9198 7966 4937 1992 6918 2945 43270 11236 2563 1893 1587 32034 1712 1440 1440 142 1951 551 445 584 127 4261 99 8663 1298
internal_count=65976 61966 1532 60434 17164 9198 7966 4937 1992 6918 2945 43270 11236 2563 1893 1587 32034 1712 1440 1440 142 1951 551 445 584 127 4261 99 8663 1298
is_linear=0
shrinkage=0.05


Tree=184
num_leaves=31
num_cat=0
split_feature=72 1 57 68 69 73 1 2 62 59 57 3 2 0 2 61 72 28 72 57 39 7 62 57 73 60 0 71 75 3
split_gain=40304.9 41975.3 65682.8 57906.4 53925 52316.8 54490.5 114610 88254.3 96761.5 92029.5 85600.1 104039 67581.5 57299.4 53482 68960.5 55184.5 53267.7 48176.9 48259.2 46835.5 44701.4 42892.9 50892.9 42518.4 91450.3 54684.4 63646.9 52955
threshold=-3.4499999999999997 3.5000000000000004 1543.8790000000001 12.737500000000002 121.73444444444446 -6.2416666666666654 1.5000000000000002 9.5000000000000018 1260.6324579930304 838.7528228573816 1238.2425000000001 9.5000000000000018 2.5000000000000004 2019.5000000000002 14.500000000000002 1144.7620000000004 6.7916666666666687 51.500000000000007 10.608333333333336 1684.5335746687654 58.500000000000007 1.0000000180025095e-35 1555.7110000000002 1223.8824897040702 -0.45000000000000234 1459.1030395000002 2022.5000000000002 24.425000000000001 1430.4056331687655 17.500000000000004
decision_type=2 2 2 2 2 2 2 2 2 2 2 2 2 2 2 2 2 2 2 2 2 2 2 2 2 2 2 2 2 2
left_child=-1 2 3 5 19 -2 7 8 10 -10 11 12 -7 14 -9 18 17 -17 21 22 -21 -8 -3 24 -11 26 27 -6 -29 -28
right_child=1 4 -4 -5 25 6 15 13 9 23 -12 -13 -14 -15 -16 16 -18 -19 -20 20 -22 -23 -24 -25 -26 -27 29 28 -30 -31
leaf_value=0.26846658513453364 0.57443618376027139 -0.010626543573438695 -1.0036072486725749 -0.40837897652786248 0.039888011478220249 -1.1906974395779708 0.0096525595426366143 -1.5181995770635726 4.431032620668411 0.50241220118822871 -0.9972359109989235 1.143190251895797 0.42141664944905433 0.03840889290282766 -0.3095032425388306 -0.36817262597770795 -0.68545864183428218 0.077175140065849065 -0.31749220284789897 -0.23965578671017043 -1.7143644220870116 0.65596929264449799 0.23349349111633977 0.56509278473868685 2.5391149274060427 -0.021219967498982646 0.41412491331935863 1.6113297613897946 -0.00046343408891412078 1.2844891613481022
leaf_weight=1369 340 36428 189 1142 4130 131 4076 119 20 54 140 258 424 2622 557 1473 796 1318 1237 1275 58 301 1977 316 71 3223 1489 123 122 198
leaf_count=1369 340 36428 189 1142 4130 131 4076 119 20 54 140 258 424 2622 557 1473 796 1318 1237 1275 58 301 1977 316 71 3223 1489 123 122 198
internal_value=-2.23482e-06 -0.005691 -0.0771715 -0.0657979 0.017032 -0.0383491 -0.0533241 0.0849482 0.461546 1.0295 0.186809 0.390704 0.0408996 -0.0765164 -0.522277 -0.124136 -0.274945 -0.157865 -0.0277783 -0.00831651 -0.303822 0.0540988 0.00194019 0.875231 1.65926 0.125519 0.203536 0.0829427 0.808723 0.516278
internal_weight=65976 64607 15584 15395 49023 14253 13913 4712 1414 461 953 813 555 3298 676 9201 3587 2791 5614 39738 1333 4377 38405 441 125 9285 6062 4375 245 1687
internal_count=65976 64607 15584 15395 49023 14253 13913 4712 1414 461 953 813 555 3298 676 9201 3587 2791 5614 39738 1333 4377 38405 441 125 9285 6062 4375 245 1687
is_linear=0
shrinkage=0.05


Tree=185
num_leaves=31
num_cat=0
split_feature=0 75 1 72 33 30 61 65 63 75 2 37 3 68 2 2 73 1 3 1 68 1 2 3 72 4 2 29 9 40
split_gain=39173.8 41892.5 42316.7 46677.2 88134.6 56311.3 53852.6 51276 55573.1 66446.9 51841.1 123094 50999.5 49631.5 48484.9 50107.3 45446.7 90666.6 45366.1 45009.4 89842.1 123128 83569.3 116969 70584.2 98592.7 69128.4 106556 81357.5 102825
threshold=2023.5000000000002 2055.8465000000006 4.5000000000000009 -1.3333333333333328 12.500000000000002 58.500000000000007 1121.4590000000001 1.0000000180025095e-35 1007.5082848163851 988.43550000000016 12.500000000000002 1.0000000180025095e-35 21.500000000000004 11.637500000000005 18.500000000000004 15.500000000000002 -5.6416666666666657 10.500000000000002 8.5000000000000018 8.5000000000000018 11.012500000000005 11.500000000000002 30.500000000000004 18.500000000000004 10.408333333333337 1.5000000000000002 4.5000000000000009 1.5000000000000002 1.0000000180025095e-35 16.500000000000004
decision_type=2 2 2 2 2 2 2 2 2 2 2 2 2 2 2 2 2 2 2 2 2 2 2 2 2 2 2 2 2 2
left_child=1 2 3 4 5 -1 7 8 9 -5 11 -9 13 18 15 -6 17 -4 -8 26 21 24 -23 -24 25 -21 27 -18 -28 -30
right_child=-2 -3 16 6 14 -7 12 10 -10 -11 -12 -13 -14 -15 -16 -17 19 -19 -20 20 -22 22 23 -25 -26 -27 28 -29 29 -31
leaf_value=-0.019628731125595964 0.07458526158494104 -1.7744167830575917 -1.2951387261765961 -0.017845999120363863 0.68514536974795792 -1.78781523374801 -0.71100958303281381 -3.3541121416621738 0.1599413047267414 -0.46097027370948224 -0.15355930272329213 -0.50347101466864685 -0.66477754343714568 -0.52389174235061908 0.11466770717596755 2.0602620711922648 0.63363657546957419 0.30695889301372303 -0.056079519046288412 1.8579462770468151 -0.12569967983308269 -0.024788285324044156 -0.47967167063763266 -4.0609544849395753 0.16134010843177382 0.4937389765154202 0.060265485897509866 -0.050913489390635752 -0.38115758981044978 -3.5332074306629324
leaf_weight=1073 13896 34 190 4554 251 47 286 45 3245 1039 696 239 625 872 235 90 1281 165 3503 156 10975 3715 95 30 1482 877 14611 1022 620 27
leaf_count=1073 13896 34 190 4554 251 47 286 45 3245 1039 696 239 625 872 235 90 1281 165 3503 156 10975 3715 95 30 1482 877 14611 1022 620 27
internal_value=-2.12322e-06 -0.0199035 -0.0187574 -0.0840603 0.164654 -0.0938294 -0.111988 -0.0427125 -0.00466274 -0.100164 -0.385859 -0.955157 -0.240657 -0.183787 0.66726 1.04808 0.0123692 -0.550502 -0.105515 0.0180962 -0.0390701 0.110538 -0.0675745 -1.33918 0.382487 0.699757 0.0745105 0.329854 0.0359696 -0.512696
internal_weight=65976 52080 52046 16800 1696 1120 15104 9818 8838 5593 980 284 5286 4661 576 341 35246 355 3789 34891 17330 6355 3840 125 2515 1033 17561 2303 15258 647
internal_count=65976 52080 52046 16800 1696 1120 15104 9818 8838 5593 980 284 5286 4661 576 341 35246 355 3789 34891 17330 6355 3840 125 2515 1033 17561 2303 15258 647
is_linear=0
shrinkage=0.05


Tree=186
num_leaves=31
num_cat=2
split_feature=63 61 63 75 61 72 61 63 3 75 34 75 3 4 13 3 13 3 32 3 71 68 60 0 4 74 66 61 75 69
split_gain=38136 62409.9 61278.4 56464.3 52147.4 42831.6 41342 101909 88060.5 125867 95775.1 81267.3 67999.1 66038.7 194707 136434 100965 84456.1 89934.9 126796 94729.7 112819 97928.8 86595.4 78463.3 140459 76177.6 87114 74453.6 75705
threshold=661.0208442166371 738.99900000000014 760.62400000000014 767.52033333333338 803.04171630477651 20.191666666666674 999.6592288047766 879.94600000000014 8.5000000000000018 897.61266666666677 1.5000000000000002 853.44050000000004 1.5000000000000002 6.5000000000000009 0 17.500000000000004 1 11.500000000000002 99.500000000000014 19.500000000000004 21.991666666666671 11.762500000000005 1191.30246219589 2023.5000000000002 5.5000000000000009 2.2000000000000024 13.391666666666669 1180.7396713403853 2055.8465000000006 43.780277777777755
decision_type=2 2 2 2 2 2 2 2 2 2 2 2 2 2 9 2 9 2 2 2 2 2 2 2 2 2 2 2 2 2
left_child=-1 2 5 4 -3 -2 7 -5 9 -8 -11 -9 -12 16 -15 -16 17 24 20 26 21 22 23 -19 -10 -26 27 -20 29 -17
right_child=1 3 -4 6 -6 -7 8 11 13 10 12 -13 -14 14 15 28 -18 18 19 -21 -22 -23 -24 -25 25 -27 -28 -29 -30 -31
leaf_value=-0.42650073006319317 -0.099323021993374006 -0.064402130849170444 0.63992664658892406 -0.065945971512158433 -0.57750333077838178 0.59179574352416664 -1.4609405746142712 -0.14501767158129478 0.28750708246288409 -0.0094558408733237138 -0.088992079683886685 0.24633845612813621 -0.59663605120237495 1.8247545200175255 -0.57926326291589258 -0.34879774745945641 -0.42045451360107378 0.16183525187045991 1.3740973543299706 -0.21570067744948462 0.12360179257652143 -0.22709059784512664 -0.10139451401161759 0.96421740713734916 -1.1577119385651959 0.15672319692658945 0.015190256754415828 0.45864942194579889 -2.7803434881179232 0.33188150720012144
leaf_weight=520 944 1297 740 7644 801 294 186 1598 5413 4771 1143 7808 1560 106 1707 644 1177 2656 392 809 7480 7799 4656 385 274 787 474 771 23 1117
leaf_count=520 944 1297 740 7644 801 294 186 1598 5413 4771 1143 7808 1560 106 1707 644 1177 2656 392 809 7480 7799 4656 385 274 787 474 771 23 1117
internal_value=-2.01671e-06 0.0033862 0.279966 -0.00523213 -0.2603 0.0648037 0.00348622 0.0696529 -0.0219625 -0.176151 -0.144178 0.17985 -0.381972 0.010246 -0.193215 -0.258973 0.0323743 0.0492006 0.00815791 0.296387 -0.0225267 -0.0930636 0.0427394 0.263419 0.210442 -0.182726 0.549459 0.76721 0.0460415 0.0829562
internal_weight=65976 65456 1978 63478 2098 1238 61380 17050 44330 7660 7474 9406 2703 36670 3597 3491 33073 31896 25422 2446 22976 15496 7697 3041 6474 1061 1637 1163 1784 1761
internal_count=65976 65456 1978 63478 2098 1238 61380 17050 44330 7660 7474 9406 2703 36670 3597 3491 33073 31896 25422 2446 22976 15496 7697 3041 6474 1061 1637 1163 1784 1761
cat_boundaries=0 1 2
cat_threshold=50 17
is_linear=0
shrinkage=0.05


Tree=187
num_leaves=31
num_cat=0
split_feature=68 57 62 71 58 37 39 0 61 63 63 61 61 75 58 57 56 61 1 63 72 39 51 57 3 33 23 56 73 72
split_gain=38140.1 52439.9 80380.6 50170.7 46816.3 46608.3 45925 69140.1 43958.2 90000.3 74877.2 72464 68966.3 66104 79813 60604.9 107008 60463.1 56814.8 59839.4 54899.8 74970.7 81085.9 69796.2 68165.7 70930.2 60235.9 58301.1 52407.6 50922.2
threshold=36.487500000000004 1684.5335746687654 1535.4945 34.291666666666679 1443.2995000000003 38.500000000000007 71.500000000000014 2021.5000000000002 1123.8204905832051 1228.7154556123153 879.94600000000014 854.49650000000008 755.62100324551409 930.26044845696072 871.58266216245318 1273.3910000000003 1235.9609306088935 1030.8595000000003 5.5000000000000009 828.45151540001905 9.3750000000000018 38.500000000000007 0.79166666650000017 1165.9920000000002 9.5000000000000018 36.500000000000007 1.0000000180025095e-35 1061.5524324869402 -4.0999999999999952 15.608333333333336
decision_type=2 2 2 2 2 2 2 2 2 2 2 2 2 2 2 2 2 2 2 2 2 2 2 2 2 2 2 2 2 2
left_child=1 2 8 -3 -4 -5 7 -6 10 -10 11 13 -12 -1 -15 16 20 -18 19 28 21 22 -14 -22 -23 -26 -27 -28 -13 -16
right_child=-2 3 4 5 6 -7 -8 -9 9 -11 12 18 15 14 29 -17 17 -19 -20 -21 23 24 -24 -25 25 26 27 -29 -30 -31
leaf_value=0.0499002815161525 0.40759904887985532 -0.27013018925440446 0.44408180523081842 0.66436869689427758 -0.15943446412907164 -0.8078745697861287 -0.77866442947038295 0.44684608696300887 -0.15902161550432031 0.029826402283211019 1.0488496257566118 -2.358584993627836 -0.1618949217440972 -1.5631607142942292 -0.49689370315856279 -0.35789597413395363 1.3259455212087967 0.37947828215068269 -0.071224983698266631 -0.23547191148941837 -0.018988716549753336 0.066133642471064097 0.35415921638062675 0.49879224746446138 0.050729513935382588 0.550366719248642 2.1413454382687576 0.72057015026306237 -0.71615961348231583 0.58713983644669254
leaf_weight=8024 569 2842 1546 272 937 67 145 944 11674 13728 185 53 2182 133 390 764 239 574 1901 1025 11754 1307 1169 689 576 1263 129 164 581 150
leaf_count=8024 569 2842 1546 272 937 67 145 944 11674 13728 185 53 2182 133 390 764 239 574 1901 1025 11754 1307 1169 689 576 1263 129 164 581 150
internal_value=8.72647e-06 -0.00353705 0.00658537 -0.20155 0.236864 0.373394 0.0787395 0.144834 -0.00743846 -0.0569625 0.0303941 -0.0678036 0.0877226 0.00997837 -0.466 0.0791782 0.0958361 0.657714 -0.257823 -0.471641 0.0720849 0.186441 0.0181311 0.00968211 0.350444 0.524738 0.700206 1.3461 -0.85346 -0.195773
internal_weight=65976 65407 62226 3181 3572 339 2026 1881 58654 25402 33252 12257 20995 8697 673 20810 20046 813 3560 1659 19233 6790 3351 12443 3439 2132 1556 293 634 540
internal_count=65976 65407 62226 3181 3572 339 2026 1881 58654 25402 33252 12257 20995 8697 673 20810 20046 813 3560 1659 19233 6790 3351 12443 3439 2132 1556 293 634 540
is_linear=0
shrinkage=0.05


Tree=188
num_leaves=31
num_cat=1
split_feature=0 59 4 71 0 60 61 67 3 75 13 66 32 61 32 61 62 3 4 1 72 67 47 26 71 71 57 68 69 68
split_gain=37509.4 48723.7 49265.7 53230.2 95354.3 58173.3 65225.5 45102.8 43402.2 96138.4 72592.8 87680.8 68272.5 69387.8 65859.7 68883.8 63130.8 57977.4 84133.9 58818.9 57657.2 50232.7 50199.6 78120.7 66504.4 62397.5 108302 108625 79423.3 99584.5
threshold=2020.5000000000002 1212.6650000000002 1.5000000000000002 26.025000000000006 2019.5000000000002 1363.2640000000004 1292.5560000000003 -9.2874999999999996 9.5000000000000018 908.57771677993105 0 9.7750000000000021 58.500000000000007 1058.1060000000002 99.500000000000014 1275.1826959106004 1208.2045000000001 12.500000000000002 5.5000000000000009 3.5000000000000004 9.0750000000000028 12.087500000000004 0.20833333350000002 0.15000000000000005 3.4250000000000003 19.108333333333341 1314.1730000000002 10.062500000000002 75.980277777777815 19.262500000000006
decision_type=2 2 2 2 2 2 2 2 2 2 9 2 2 2 2 2 2 2 2 2 2 2 2 2 2 2 2 2 2 2
left_child=1 -1 -3 7 -5 6 -6 -4 12 21 14 16 -2 -14 17 20 -12 18 -11 -20 -16 -10 23 25 -24 26 27 -19 29 -28
right_child=8 2 3 4 5 -7 -8 -9 9 10 11 -13 13 -15 15 -17 -18 22 19 -21 -22 -23 24 -25 -26 -27 28 -29 -30 -31
leaf_value=-0.007534889798464027 0.026395352222637905 -0.66218871366112464 1.917707436780135 0.30803994173229471 -0.22249493440018689 -0.58510267283461437 2.0587687905798568 -0.25682559349869405 2.5203656237858993 0.34236936737555151 -0.36473860969910255 -1.0631668196123749 -0.096039340596306658 -0.58415132115245183 0.77651618758474283 -0.027192353562717583 3.321160207475935 0.43990038778136092 -0.74529179160025105 0.054623807536914981 0.19328688551638212 0.69507497699156295 0.73575572802797151 0.54728515143653278 0.064171845589546653 0.041293155200807279 -2.4367995138810232 -0.240776764182352 -0.44862509656163774 -0.34972445257738527
leaf_weight=19391 12624 465 24 1435 94 633 47 3711 52 3152 26 262 3172 945 896 971 21 718 307 914 804 137 391 475 6443 3759 130 3191 684 102
leaf_count=19391 12624 465 24 1435 94 633 47 3711 52 3152 26 262 3172 945 896 971 21 718 307 914 804 137 391 475 6443 3759 130 3191 684 102
internal_value=8.29026e-06 -0.0470375 -0.166556 -0.127783 0.0667791 -0.38052 0.537926 -0.242853 0.0302199 0.0741437 0.0650122 -0.68429 -0.0312672 -0.208079 0.0753721 0.308782 1.28215 0.0446465 0.20587 -0.146502 0.500683 1.19727 0.000285379 -0.0768964 0.102596 -0.111436 -0.230422 -0.115751 -0.719777 -1.51921
internal_weight=65976 25800 6409 5944 2209 774 141 3735 40176 23435 23246 309 16741 4117 22937 2671 47 20266 4373 1221 1700 189 15893 9059 6834 8584 4825 3909 916 232
internal_count=65976 25800 6409 5944 2209 774 141 3735 40176 23435 23246 309 16741 4117 22937 2671 47 20266 4373 1221 1700 189 15893 9059 6834 8584 4825 3909 916 232
cat_boundaries=0 1
cat_threshold=139
is_linear=0
shrinkage=0.05


Tree=189
num_leaves=31
num_cat=1
split_feature=3 2 43 1 3 0 33 5 72 15 75 62 72 28 2 75 73 60 63 67 31 71 0 13 4 75 2 3 75 61
split_gain=38445.5 40875 43094.5 58231.4 126271 65866.7 76171.8 70412.2 39486.5 38894.6 38325.7 89112.9 57082.9 56886.3 55449.9 55026.3 55051.8 50773.5 50768.4 49845.9 56421.1 45813.7 42291 53294.6 135533 97915.5 103654 51163.8 49075.1 89868
threshold=22.500000000000004 1.5000000000000002 0.29166666650000006 1.5000000000000002 11.500000000000002 2018.5000000000002 48.500000000000007 1.0000000180025095e-35 11.300000000000002 0.8500000000000002 1611.0641042860404 1555.7110000000002 21.108333333333341 1.0000000180025095e-35 24.500000000000004 2152.7256666666667 1.3833333333333304 1970.6030000000003 1789.2425000000001 30.362500000000008 63.500000000000007 20.075000000000006 2023.5000000000002 0 6.5000000000000009 1026.2756002620276 20.500000000000004 7.5000000000000009 1333.6223653666104 1360.7755000000002
decision_type=2 2 2 2 2 2 2 2 2 2 2 2 2 2 2 2 2 2 2 2 2 2 2 9 2 2 2 2 2 2
left_child=1 2 3 4 -1 6 8 9 -5 -7 11 22 -12 15 -15 16 21 -16 -17 -13 -21 -14 23 24 25 26 -3 -26 29 -27
right_child=-2 10 -4 5 -6 7 -8 -9 -10 -11 12 19 13 14 17 18 -18 -19 -20 20 -22 -23 -24 -25 27 28 -28 -29 -30 -31
leaf_value=-4.4178037096347129 -0.18307433286112407 0.40014365461232854 0.034342140695578401 -2.2936520464718342 -0.083022014495162735 -0.15724854200541574 -3.9081899322569371 -2.6429684613432207 -0.21914076091330728 1.7045901483502881 -0.47680467749226391 0.24516276730086706 -0.89324047645948235 -0.10580454360724867 -0.52848816905437557 -0.97108049854636203 0.81660735095209547 -2.0951851208393388 1.8419220037666368 0.6971540997541229 2.9176018028548274 0.063984269151084266 0.10438713841428744 -0.00038511814608355004 -0.27366985135401289 -1.7524346571076006 -1.1587089921697717 1.7477146228485638 -2.9096654092385013 0.27124781000577375
leaf_weight=28 2748 278 972 32 42 857 24 28 81 29 923 2217 137 1195 253 20 225 65 81 215 33 1427 10266 43194 48 170 173 90 44 81
leaf_count=28 2748 278 972 32 42 857 24 28 81 29 923 2217 137 1195 253 20 225 65 81 215 33 1427 10266 43194 48 170 173 90 44 81
internal_value=7.87551e-06 0.00796495 -0.209308 -0.420572 -1.81693 -0.32757 -1.34995 -0.174324 -0.806613 -0.096308 0.0154034 0.026328 -0.128058 -0.0334671 -0.26195 0.14944 0.0853372 -0.848725 1.28489 0.320363 0.992617 -0.0198647 0.0129908 -0.00829587 -0.39041 -0.661106 -0.19782 1.04462 -1.36938 -1.09937
internal_weight=65976 63228 2093 1121 70 1051 137 914 113 886 61135 56809 4326 3403 1513 1890 1789 318 101 2465 248 1564 54344 44078 884 746 451 138 295 251
internal_count=65976 63228 2093 1121 70 1051 137 914 113 886 61135 56809 4326 3403 1513 1890 1789 318 101 2465 248 1564 54344 44078 884 746 451 138 295 251
cat_boundaries=0 1
cat_threshold=50
is_linear=0
shrinkage=0.05


Tree=190
num_leaves=31
num_cat=0
split_feature=72 3 4 62 0 4 4 74 73 57 2 73 74 57 63 72 33 67 72 0 62 2 61 68 61 62 75 3 61 56
split_gain=36442.2 37891.5 244809 91411.8 62761.9 51228.4 74062.8 40185.5 52647.8 45612.6 46233.9 40687.4 40468.8 54570.3 92340.5 75081.4 98480.4 76972.3 73491.9 68223.5 119513 95086.1 69389.9 68070.6 63212.3 103806 69082.9 65500.4 78180.7 70218.4
threshold=-5.8416666666666641 1.0000000180025095e-35 1.5000000000000002 1096.3190000000002 2022.5000000000002 2.5000000000000004 6.5000000000000009 5.3833333333333337 4.0166666666666693 1229.5090000000002 28.500000000000004 2.1833333333333353 -3.4166666666666652 1290.4402397147103 1209.5365228323851 6.6916666666666682 30.500000000000004 23.337500000000006 31.850000000000005 2024.5000000000002 1195.0040000000001 4.5000000000000009 1234.1322393893304 7.9125000000000023 825.58173095103655 914.76128403649716 901.19995297144362 6.5000000000000009 1060.929190526145 841.40999999999997
decision_type=2 2 2 2 2 2 2 2 2 2 2 2 2 2 2 2 2 2 2 2 2 2 2 2 2 2 2 2 2 2
left_child=-1 2 3 -2 -4 -6 -7 8 12 -10 -11 -9 -3 15 -15 16 23 18 24 -18 22 -22 -21 -14 25 26 -17 28 29 -26
right_child=1 7 4 -5 5 6 -8 11 9 10 -12 -13 13 14 -16 17 19 -19 -20 20 21 -23 -24 -25 27 -27 -28 -29 -30 -31
leaf_value=0.40604936616209736 -0.52873961505099254 0.12836534564484559 0.18404606137619112 -2.2745894374528737 1.6165647988407699 0.28773136337736144 1.5970883370880729 0.057019843108507343 -0.13897288920072903 -0.60088187726802733 -2.4523897921716848 0.42572309078908682 0.11635517580038977 -0.40693309025187213 -0.053640751429314119 0.062949713133298418 0.25210899079935417 0.30023572611628313 0.43947035442488114 0.73981343530344246 5.0350322265625005 1.5125932077445636 -2.3098608807875562 -0.28370811133543072 -0.53056373741558327 0.97208536678172708 -0.65744430575604473 -0.049514614683488271 -0.59611902464072242 -0.077657340651226536
leaf_weight=548 291 4489 1545 101 135 540 135 4066 961 380 37 917 2764 2302 9410 6098 4235 1605 732 66 25 82 26 1728 1040 302 352 15001 1231 4832
leaf_count=548 291 4489 1545 101 135 540 135 4066 961 380 37 917 2764 2302 9410 6098 4235 1605 732 66 25 82 26 1728 1040 302 352 15001 1231 4832
internal_value=7.4787e-06 -0.00339337 0.178366 -0.978563 0.370942 0.72743 0.549603 -0.011359 -0.0231243 -0.328466 -0.765164 0.124871 -0.0156534 -0.0281266 -0.123081 -0.000406566 0.127461 -0.0369965 -0.0552896 0.294624 1.1994 2.33559 -0.122051 -0.0375427 -0.0678403 0.066057 0.0236352 -0.108741 -0.233824 -0.157872
internal_weight=65976 65428 2747 392 2355 810 675 62681 57698 1378 417 4983 56320 51831 11712 40119 8926 31193 29588 4434 199 107 92 4492 28856 6752 6450 22104 7103 5872
internal_count=65976 65428 2747 392 2355 810 675 62681 57698 1378 417 4983 56320 51831 11712 40119 8926 31193 29588 4434 199 107 92 4492 28856 6752 6450 22104 7103 5872
is_linear=0
shrinkage=0.05


Tree=191
num_leaves=31
num_cat=0
split_feature=75 61 62 75 75 61 63 3 57 4 4 4 57 57 9 61 57 75 3 61 4 45 4 56 75 57 58 74 9 4
split_gain=34912.8 46093.1 103811 129226 63313.4 60234.4 85258.9 71463 99087 160084 155832 83164.8 121151 74148.2 70899.4 68196.4 66520.9 90125.8 66661.5 65007.4 63833.1 81765.5 58895.3 56453.2 54959.7 54830.8 72223.5 53608.6 62812.7 53470.3
threshold=738.31506866571647 803.04171630477651 986.02372870407157 930.26044845696072 823.0164526256184 996.54229427993107 796.38829844581608 8.5000000000000018 977.00108164625965 1.5000000000000002 2.5000000000000004 6.5000000000000009 1238.2425000000001 1451.2130000000002 1.0000000180025095e-35 1160.1197567166353 1287.1944950832053 1126.7128333333335 16.500000000000004 1511.3118433464704 3.5000000000000004 0.95833333350000005 1.5000000000000002 950.31866666666667 893.64833333333354 912.28400796193557 987.06500000000017 0.98333333333333173 1.0000000180025095e-35 6.5000000000000009
decision_type=2 2 2 2 2 2 2 2 2 2 2 2 2 2 2 2 2 2 2 2 2 2 2 2 2 2 2 2 2 2
left_child=-1 2 3 -2 -3 6 -6 8 24 13 14 -12 15 27 -11 -13 17 20 -19 -15 21 -8 25 -5 -7 26 -23 28 -10 -9
right_child=1 4 -4 23 5 7 16 29 9 10 11 12 -14 19 -16 -17 -18 18 -20 -21 -22 22 -24 -25 -26 -27 -28 -29 -30 -31
leaf_value=-0.21594253390231732 0.18873192417346507 -0.2397059518260104 1.4124065867291309 -1.4412712848961018 -0.34167532390749394 -1.4588688655159414 0.60395059823364017 0.027788747745517241 -1.0188402255697182 0.70693780380511184 -0.19287610618448001 0.20735058196761147 1.1704206896036762 -4.0201409816741949 -1.8972855170567831 -1.2142286656661467 -0.98084320348902398 0.39317544775884783 1.3693890018172044 -0.67716139646676876 0.014060841909903947 -0.052877847315630791 0.27176755559302168 -0.15968245117071861 -0.4498962955945125 -0.65544453631976951 2.3389468404981826 0.59001968883805811 1.4655245365919891 -0.1741564062265413
leaf_weight=1820 4218 2759 159 177 985 156 1250 33108 441 816 4416 362 293 33 27 110 130 937 215 26 6388 256 1545 167 1001 408 36 72 27 3638
leaf_count=1820 4218 2759 159 177 985 156 1250 33108 441 816 4416 362 293 33 27 110 130 937 215 26 6388 256 1545 167 1001 408 36 72 27 3638
internal_value=7.10492e-06 0.00613324 0.156508 0.112735 -0.00581118 0.00557486 0.104251 -0.0213513 -0.159015 -0.084434 -0.00691855 -0.109499 0.371803 -0.863988 0.623529 -0.12395 0.143591 0.156838 0.575368 -2.54696 0.108053 0.279846 0.0993875 -0.819105 -0.585938 -0.28108 0.242005 -0.680107 -0.875511 0.00779538
internal_weight=65976 64156 4721 4562 59435 56676 12150 44526 7780 6623 6024 5181 765 599 843 472 11165 11035 1152 59 9883 3495 2245 344 1157 700 292 540 468 36746
internal_count=65976 64156 4721 4562 59435 56676 12150 44526 7780 6623 6024 5181 765 599 843 472 11165 11035 1152 59 9883 3495 2245 344 1157 700 292 540 468 36746
is_linear=0
shrinkage=0.05


Tree=192
num_leaves=31
num_cat=1
split_feature=3 3 13 4 75 61 75 4 3 3 4 57 7 61 74 61 71 4 40 3 71 56 66 4 4 72 61 74 61 57
split_gain=34656 38697.3 61389 98010.3 100841 75802.2 103120 63990.4 71461.4 70269 335026 83727.7 81672.8 77397.5 83159 72903.5 71877.4 69981.1 67148 99469 115750 71254.3 65812.4 64995.7 63903.4 121336 84525.1 77260.4 77866.9 95930.6
threshold=22.500000000000004 18.500000000000004 0 6.5000000000000009 1451.9410561069235 1661.8235000000002 1240.9358072046537 2.5000000000000004 1.0000000180025095e-35 5.5000000000000009 1.5000000000000002 1459.1675849689052 1.0000000180025095e-35 999.6592288047766 2.3000000000000025 755.62100324551409 26.191666666666674 6.5000000000000009 99.500000000000014 11.500000000000002 21.991666666666671 1224.8613333333335 21.458333333333339 1.5000000000000002 6.5000000000000009 30.341666666666669 1661.8235000000002 3.4833333333333365 744.82950000000017 717.10275140001852
decision_type=2 2 9 2 2 2 2 2 2 2 2 2 2 2 2 2 2 2 2 2 2 2 2 2 2 2 2 2 2 2
left_child=1 2 3 4 5 6 -1 9 17 10 11 -4 13 14 -11 -12 -17 -9 19 22 21 -21 -15 -16 27 26 -26 28 -10 -30
right_child=-2 -3 7 -5 -6 -7 -8 8 24 12 15 -13 -14 18 23 16 -18 -19 -20 20 -22 -23 -24 -25 25 -27 -28 -29 29 -31
leaf_value=-0.33149679785309377 -0.17381848997017574 0.092813860369695633 -0.45316090860793895 0.65078559529980984 -2.3942041317329688 1.3493829574564409 -1.940093392572765 0.10965682924892182 0.42256404917048429 0.38511399917102135 1.3248566700564175 -2.3936953109607364 -0.30447717534013458 0.14541239241428233 2.3438406132957312 0.16591044323263787 1.0783474287980039 0.86683454414648731 0.57101204139528694 -0.066965565666037299 0.3770345552479184 -0.59553948205879381 0.68829424185327825 0.48769998461350633 -0.21310865153242903 0.76053506364653012 -1.6109281143004244 0.14558167085123214 -1.5597676542373973 -0.072606926134639899
leaf_weight=902 2748 10996 2241 209 68 58 112 1533 799 1537 178 57 858 1605 103 1870 244 381 789 2119 1079 912 856 87 6428 320 110 5636 109 21032
leaf_count=902 2748 10996 2241 209 68 58 112 1533 799 1537 178 57 858 1605 103 1870 244 381 789 2119 1079 912 856 87 6428 320 110 5636 109 21032
internal_value=6.74969e-06 0.0075615 -0.010386 -0.342037 -0.527055 -0.408616 -0.509172 -0.00152584 -0.0369837 0.0871433 -0.0746798 -0.501294 0.161831 0.20586 0.507102 0.353051 0.271225 0.26038 0.135174 0.082842 -0.0676914 -0.226009 0.334241 1.49392 -0.0535125 -0.190098 -0.236627 -0.0195444 -0.0619624 -0.0802745
internal_weight=65976 63228 52232 1349 1140 1072 1014 50883 36348 14535 4590 2298 9945 9087 1727 2292 2114 1914 7360 6571 4110 3031 2461 190 34434 6858 6538 27576 21940 21141
internal_count=65976 63228 52232 1349 1140 1072 1014 50883 36348 14535 4590 2298 9945 9087 1727 2292 2114 1914 7360 6571 4110 3031 2461 190 34434 6858 6538 27576 21940 21141
cat_boundaries=0 1
cat_threshold=178
is_linear=0
shrinkage=0.05


Tree=193
num_leaves=31
num_cat=1
split_feature=68 1 1 68 72 66 56 61 73 72 40 67 13 4 75 40 18 71 73 68 2 33 1 75 66 2 21 40 75 62
split_gain=35712.9 63166.2 54527.7 67827.5 87477.8 65137 52102.9 57412.2 51931.1 96560 76411.9 56556.3 63608.7 68593.8 81438.3 63039.6 53246.9 53014 51760.1 58182.2 50906 74761.8 48996.4 67954.2 84095.5 58090.4 56239.1 48914.6 48822.2 48670.7
threshold=5.387500000000002 3.5000000000000004 11.500000000000002 8.7125000000000039 8.7750000000000021 12.141666666666669 1499.594014846117 1462.8495000000003 -0.83333333333333115 12.008333333333336 73.500000000000014 30.912500000000005 0 4.5000000000000009 1012.8818041462599 1.0000000180025095e-35 0.25000000000000006 14.875000000000004 0.96666666666666534 18.662500000000005 30.500000000000004 15.500000000000002 8.5000000000000018 1596.9280000000001 26.191666666666674 1.5000000000000002 1.0000000180025095e-35 4.5000000000000009 1396.3898550292236 1671.7635000000002
decision_type=2 2 2 2 2 2 2 2 2 2 2 2 9 2 2 2 2 2 2 2 2 2 2 2 2 2 2 2 2 2
left_child=-1 6 3 4 -3 20 -2 -8 9 10 -5 12 13 14 -11 -16 -12 -10 -19 -20 -4 -22 23 24 26 27 -14 -24 -13 -26
right_child=1 2 5 8 -6 -7 7 -9 17 11 16 28 22 -15 15 -17 -18 18 19 -21 21 -23 25 -25 29 -27 -28 -29 -30 -31
leaf_value=0.077449965293049525 -0.13142572046910508 0.77865729744018708 -0.099141915066526629 0.020364185935275472 0.094744911705492998 -1.0137419763838122 -2.7428939586877825 -0.33531697915150571 -0.081840506162620993 -0.53009896571545501 0.41295920345563808 1.8034782741632727 0.02052956002590044 -0.15350588152423167 -1.2362104693055154 -4.2848666851337143 1.4890964129496189 0.021342834810285871 -0.064809030940298884 0.25753742674995261 -3.7261437793572747 -0.29621866491246734 -0.35031624898895042 -0.45496404159164988 0.61482186189482213 -0.26816242104733079 -0.67957808809343045 -2.1103860701307839 0.19677824725838086 2.7070425122976305
leaf_weight=12146 8022 641 2674 1077 1728 228 40 65 7110 69 364 54 3317 133 30 39 168 15361 1841 5842 24 47 77 901 269 2903 314 81 380 31
leaf_count=12146 8022 641 2674 1077 1728 228 40 65 7110 69 364 54 3317 133 30 39 168 15361 1841 5842 24 47 77 901 269 2903 314 81 380 31
internal_value=6.4123e-06 -0.0174677 0.00537217 0.019778 0.279797 -0.201678 -0.14591 -1.25249 0.0045161 -0.0929663 0.262534 -0.159493 -0.18906 -0.929499 -1.74473 -2.95936 0.752792 0.0375135 0.074339 0.180297 -0.134228 -1.45563 -0.162255 -0.0633088 0.02646 -0.318978 -0.040014 -1.25263 0.39669 0.831018
internal_weight=65976 53830 45703 42730 2369 2973 8127 105 40361 10207 1609 8598 8164 271 138 69 532 30154 23044 7683 2745 71 7893 4832 3931 3061 3631 158 434 300
internal_count=65976 53830 45703 42730 2369 2973 8127 105 40361 10207 1609 8598 8164 271 138 69 532 30154 23044 7683 2745 71 7893 4832 3931 3061 3631 158 434 300
cat_boundaries=0 1
cat_threshold=18
is_linear=0
shrinkage=0.05


Tree=194
num_leaves=31
num_cat=0
split_feature=0 57 35 68 0 71 1 75 75 67 1 1 26 57 63 66 75 33 72 2 7 71 34 4 72 0 29 20 2 63
split_gain=35935.3 45177 63499.3 47715.2 43908.4 79677.9 50302 44307.9 43376.7 68954.6 39916 76335.3 65556.1 64271.8 83682.8 65695.9 61853.3 59201 58555.3 49152 85127 51742.4 45934 49604.5 48011.9 42797 56430.3 49349.6 43974.1 39842.3
threshold=2020.5000000000002 1256.7745000000002 55.500000000000007 31.912500000000009 2019.5000000000002 19.341666666666672 7.5000000000000009 1711.0388333333337 1402.7821666666671 30.087500000000006 1.5000000000000002 2.5000000000000004 0.95000000000000007 1314.1730000000002 1158.3979501135802 10.958333333333337 1402.7821666666671 96.500000000000014 4.0083333333333346 5.5000000000000009 1.0000000180025095e-35 3.5750000000000006 36.500000000000007 2.5000000000000004 -2.8083333333333331 2022.5000000000002 29.500000000000004 1.0000000180025095e-35 14.500000000000002 1392.6661061261902
decision_type=2 2 2 2 2 2 2 2 2 2 2 2 2 2 2 2 2 2 2 2 2 2 2 2 2 2 2 2 2 2
left_child=1 3 4 -1 5 -3 -6 -7 9 -8 12 18 13 14 -2 29 17 -16 22 20 -13 -22 -12 -24 -25 27 -27 -20 -29 -15
right_child=10 2 -4 -5 6 7 8 -9 -10 -11 11 19 -14 15 16 -17 -18 -19 25 -21 21 -23 23 24 -26 26 -28 28 -30 -31
leaf_value=-0.019291442433658979 0.15465842234874783 -0.54898563424493518 -0.616753099871022 0.94164293442208047 -0.65026824245981585 0.16991593865706661 0.13197461420922568 -1.4693593732657888 -0.41169383629423928 3.0022577621720057 -0.22059553172885274 -0.032542882772555078 -0.75910619487507003 -0.25640509738851502 0.42574692997134761 -2.1230600314704997 3.168317205630816 1.3402076223958286 -0.31365611172906849 0.063798944886207631 -2.3873381688827422 -0.54429481850536632 1.0059968716541274 0.87406825983445313 -0.22879077292159389 -0.25159043534210435 -1.0699374541445106 -0.72598410238479749 1.6046157916980004 0.35995248906984756
leaf_weight=20585 1535 516 714 130 663 2222 428 42 478 22 1086 4848 175 651 606 38 26 250 652 27648 41 535 183 132 391 405 439 29 67 439
leaf_count=20585 1535 516 714 130 663 2222 428 42 478 22 1086 4848 175 651 606 38 26 250 652 27648 41 535 183 132 391 405 439 29 67 439
internal_value=6.09162e-06 -0.0460419 -0.179583 -0.013261 -0.108172 0.0117135 -0.317651 0.139505 -0.080016 0.2723 0.0295769 0.0136568 0.185594 0.23223 0.377671 -0.0794121 0.765795 0.692821 -0.212528 0.0368005 -0.10082 -0.675484 -0.0164897 0.297475 0.0495599 -0.433194 -0.677247 -0.157818 0.90058 -0.00816567
internal_weight=65976 25800 5085 20715 4371 2780 1591 2264 928 450 40176 36456 3720 3545 2417 1128 882 856 3384 33072 5424 576 1792 706 523 1592 844 748 96 1090
internal_count=65976 25800 5085 20715 4371 2780 1591 2264 928 450 40176 36456 3720 3545 2417 1128 882 856 3384 33072 5424 576 1792 706 523 1592 844 748 96 1090
is_linear=0
shrinkage=0.05


Tree=195
num_leaves=31
num_cat=1
split_feature=63 61 1 75 63 61 61 63 3 75 34 75 75 1 2 3 57 57 19 3 72 73 13 61 75 72 57 31 63 75
split_gain=33789.4 50113.2 52569.7 48122.9 44691.9 41484.9 36705.2 76483.8 72204.4 103816 77912.4 69825.7 58959.9 59987.4 55954.1 55621.8 55442.2 87099.9 54348.1 99190.7 87621.8 80914.2 75915.3 74757.3 63247.9 60535.9 58149 57442.3 57223.8 56730.8
threshold=661.0208442166371 738.99900000000014 8.5000000000000018 767.52033333333338 760.62400000000014 803.04171630477651 996.54229427993107 879.94600000000014 8.5000000000000018 897.61266666666677 1.5000000000000002 853.44050000000004 897.61266666666677 4.5000000000000009 30.500000000000004 1.5000000000000002 1263.4405000000002 1158.1971550000003 1.0000000180025095e-35 20.500000000000004 1.0000000180025095e-35 1.7833333333333348 0 1154.9957978323853 933.63666666666677 6.1416666666666675 1263.4405000000002 98.500000000000014 1209.5365228323851 1917.7038333333335
decision_type=2 2 2 2 2 2 2 2 2 2 2 2 2 2 2 2 2 2 2 2 2 2 9 2 2 2 2 2 2 2
left_child=-1 2 4 5 -2 -3 7 -5 9 -8 14 -9 13 -10 -11 -12 17 -13 22 20 -20 23 28 27 -24 -25 -23 -22 -14 -26
right_child=1 3 -4 6 -6 -7 8 11 12 10 15 16 18 -15 -16 -17 -18 -19 19 -21 21 26 24 25 29 -27 -28 -29 -30 -31
leaf_value=-0.40145244645313005 0.17002118381746592 -0.065276447163724952 -0.18628928101384173 -0.050521847242720422 0.72969708049520488 -0.52292450553959657 -1.2800312889452599 -0.13708150905639702 0.059875619566958888 0.019692503527610618 -0.079527341069547244 0.20086972981704668 -0.086048972685450476 1.7388361089759403 -1.064881082086778 -0.53352268427228899 -0.66034686341990056 0.87558542404039352 1.2936051407370015 -0.39566545780833073 0.19597960936615955 0.30162345098911741 1.6144229183878218 0.42443781213893611 -0.47988465809830905 -0.16189304779903518 -1.1091669084279092 1.0405988921995013 0.05078114326265433 -2.7674798505646843
leaf_weight=520 857 1297 510 7621 611 801 201 1593 115 4710 1173 6890 12651 99 122 1588 172 514 207 614 333 122 35 888 845 873 182 509 19295 28
leaf_count=520 857 1297 510 7621 611 801 201 1593 115 4710 1173 6890 12651 99 122 1588 172 514 207 614 333 122 35 888 845 873 182 509 19295 28
internal_value=5.78698e-06 0.00319508 0.251034 -0.00452769 0.402965 -0.240003 0.00352098 0.0665316 -0.0202052 -0.158451 -0.128761 0.163823 0.00907766 0.836591 -0.00769118 -0.340645 0.227094 0.24771 0.00423681 0.185156 0.299679 0.228904 -0.0162924 0.319053 -0.464583 0.13377 -0.542994 0.706563 -0.00340416 -0.553255
internal_weight=65976 65456 1978 63478 1468 2098 61380 16790 44590 7794 7593 9169 36796 214 4832 2761 7576 7404 36582 3728 3114 2907 32854 2603 908 1761 304 842 31946 873
internal_count=65976 65456 1978 63478 1468 2098 61380 16790 44590 7794 7593 9169 36796 214 4832 2761 7576 7404 36582 3728 3114 2907 32854 2603 908 1761 304 842 31946 873
cat_boundaries=0 1
cat_threshold=131
is_linear=0
shrinkage=0.05


Tree=196
num_leaves=31
num_cat=0
split_feature=0 72 34 39 69 2 2 4 72 57 2 0 70 60 4 60 4 75 0 61 3 3 0 40 60 63 1 2 61 73
split_gain=34050.5 58777.3 89978.5 65745.7 65077.5 57220.2 60310.4 52668.7 49662.4 49578.7 69351.6 86074.2 56628.6 52377 62842.3 50438.2 49671.1 48777.8 54764.9 47143.4 45994 59267.8 159153 49854.3 54657.5 45885.6 60150.3 75182.4 48753.3 45482.5
threshold=2024.5000000000002 22.208333333333339 93.500000000000014 1.0000000180025095e-35 133.4025 29.500000000000004 19.500000000000004 3.5000000000000004 -1.7499999999999993 1857.1380000000001 24.500000000000004 2021.5000000000002 28.991666666666674 1373.4328669930303 6.5000000000000009 1890.6195000000002 1.5000000000000002 1358.0430000000003 2020.5000000000002 1147.1686683495252 1.0000000180025095e-35 1.5000000000000002 2022.5000000000002 80.500000000000014 1650.9490000000003 1130.1871382922852 4.5000000000000009 12.500000000000002 890.75800000000015 -1.3666666666666638
decision_type=2 2 2 2 2 2 2 2 2 2 2 2 2 2 2 2 2 2 2 2 2 2 2 2 2 2 2 2 2 2
left_child=9 2 4 5 25 6 7 -3 -4 12 -11 -12 13 -1 16 19 20 -14 -19 -16 -15 22 -22 24 -23 26 27 -2 -29 -10
right_child=1 3 8 -5 -6 -7 -8 -9 29 10 11 -13 17 14 15 -17 -18 18 -20 -21 21 23 -24 -25 -26 -27 -28 28 -30 -31
leaf_value=0.0033618984721932236 0.63641978234660879 0.97759094831302085 2.4571051138142748 -0.48737074617296461 0.16870593324095579 -1.0358595037460328 1.1749631889222809 -0.072620851688529595 0.99324556599589098 -0.1153016951001586 1.3718623003789359 -1.2602125061163005 0.73230131881061911 -1.6676599804037497 0.81411991006605433 2.4049379821007069 -0.15921712032929916 -0.10136839997084607 0.36034918076102118 -0.024333706203802537 -1.217555988181469 -0.31432490187296036 3.3601575732231144 -2.8370352121499871 -2.3617070323712119 -0.10130594359799186 -0.18537125055589621 -0.1276263909597023 -1.8612466302785007 0.19032218219920508
leaf_weight=49553 49 197 30 160 1306 50 383 303 235 1065 35 276 388 95 219 26 5509 1277 1292 715 43 274 34 26 37 1096 347 51 198 707
leaf_count=49553 49 197 30 160 1306 50 383 303 235 1065 35 276 388 95 219 26 5509 1277 1292 715 43 274 34 26 37 1096 347 51 198 707
internal_value=5.49777e-06 0.123949 0.035533 0.449058 -0.0980887 0.609645 0.702822 0.341163 0.454407 -0.0104046 -0.307122 -0.963998 -0.0035413 -0.0146985 -0.142951 0.232731 -0.202881 0.209759 0.130838 0.172263 -0.675458 -0.447779 0.803772 -0.733742 -0.557904 -0.298223 -0.63283 -1.15386 -1.50617 0.390627
internal_weight=65976 5112 4019 1093 3047 933 883 500 972 60864 1376 311 59488 56531 6978 960 6018 2957 2569 934 509 414 77 337 311 1741 645 298 249 942
internal_count=65976 5112 4019 1093 3047 933 883 500 972 60864 1376 311 59488 56531 6978 960 6018 2957 2569 934 509 414 77 337 311 1741 645 298 249 942
is_linear=0
shrinkage=0.05


Tree=197
num_leaves=31
num_cat=1
split_feature=68 1 1 68 72 66 4 65 56 66 61 51 2 33 3 73 72 34 23 2 71 73 68 1 13 0 0 68 2 1
split_gain=33153 57386 48410 61236.9 84284.1 59006.8 47985.1 51553.3 52562.6 49541.6 48267.4 47899.8 46030.8 66879.3 46255.3 45685.8 82787.6 68799 53288.7 73732.7 49140.9 45554.2 51598 44556.3 61180 43423.5 77153.3 74724.1 53801.1 49215.9
threshold=5.387500000000002 3.5000000000000004 11.500000000000002 8.8375000000000039 8.5750000000000028 12.141666666666669 6.5000000000000009 1.0000000180025095e-35 1576.2723714689052 10.958333333333337 1108.7574114458153 0.62500000000000011 30.500000000000004 15.500000000000002 10.500000000000002 -0.83333333333333115 12.008333333333336 89.500000000000014 1.0000000180025095e-35 4.5000000000000009 14.875000000000004 0.96666666666666534 18.662500000000005 8.5000000000000018 0 2022.5000000000002 2021.5000000000002 -6.7624999999999993 28.500000000000004 2.5000000000000004
decision_type=2 2 2 2 2 2 2 2 2 2 2 2 2 2 2 2 2 2 2 2 2 2 2 2 9 2 2 2 2 2
left_child=25 6 3 4 -3 12 7 8 -2 -8 -11 -6 14 -14 -4 16 17 -5 23 -20 -17 -22 -23 24 -18 26 27 -1 -28 -27
right_child=1 2 5 15 11 -7 9 -9 -10 10 -12 -13 13 -15 -16 20 18 -19 19 -21 21 22 -24 -25 -26 29 28 -29 -30 -31
leaf_value=1.5487093737498783 -0.055428546586479478 0.75579144737226367 -0.38900765190587344 0.012695915705521772 -0.30007077040251451 -0.96305763934853317 -0.2737002283783993 -0.84442945750064513 -2.119044243904852 -0.78072652562084244 -2.7725991169611617 0.25479827595331545 -3.5299721280733745 -0.28589979999877041 0.053303649955283361 -0.08113437197983972 -0.67783544605530532 0.71163102824063529 -1.8817516704616339 -0.36734241395661571 0.020184009391120222 -0.061585720787533438 0.24203676695827361 -0.26995604010568225 0.024493663679956992 0.067603647217807719 -0.20157736605677803 0.072921743995062224 -1.3036753837334909 0.42391343006957327
leaf_weight=87 6708 636 882 1069 555 228 937 219 31 196 36 1300 24 47 1792 7028 322 525 92 636 15360 1840 5842 2835 4690 2458 1799 6084 118 1600
leaf_count=87 6708 636 882 1069 555 228 937 219 31 196 36 1300 24 47 1792 7028 322 525 92 636 15360 1840 5842 2835 4690 2458 1799 6084 118 1600
internal_value=5.22333e-06 -0.0168309 0.00493883 0.0185125 0.259085 -0.190151 -0.139255 -0.089456 -0.0649214 -0.435666 -1.08981 0.0887862 -0.125953 -1.38249 -0.0925896 0.00361977 -0.0879948 0.242897 -0.149504 -0.558724 0.0346018 0.0699022 0.169313 -0.111539 -0.0219316 0.0746216 0.00765606 0.0937277 -0.269416 0.208091
internal_weight=65976 53830 45703 42730 2491 2973 8127 6958 6739 1169 232 1855 2745 71 2674 40239 10169 1594 8575 728 30070 23042 7682 7847 5012 12146 8088 6171 1917 4058
internal_count=65976 53830 45703 42730 2491 2973 8127 6958 6739 1169 232 1855 2745 71 2674 40239 10169 1594 8575 728 30070 23042 7682 7847 5012 12146 8088 6171 1917 4058
cat_boundaries=0 1
cat_threshold=22
is_linear=0
shrinkage=0.05


Tree=198
num_leaves=31
num_cat=0
split_feature=72 1 65 61 1 75 1 2 2 3 2 30 57 69 2 74 15 9 61 73 72 74 62 72 4 57 4 61 2 75
split_gain=32949.1 35118.5 98408 82135.5 78955.7 79708.8 73046.8 127888 114352 227006 119422 85064.5 70203.9 68122 87215.3 82097 80817.1 62881.8 60920.4 56228.6 56220.6 52459.7 52272.4 50851.1 50406.5 50289.5 49945.9 49169.6 57923.6 64471.5
threshold=-7.1416666666666648 5.5000000000000009 1.0000000180025095e-35 1228.5954327147103 6.5000000000000009 1917.7038333333335 1.5000000000000002 4.5000000000000009 1.5000000000000002 11.500000000000002 2.5000000000000004 16.500000000000004 1132.1244176462603 15.933472222222212 25.500000000000004 -3.616666666666664 1.0000000180025095e-35 1.0000000180025095e-35 738.99900000000014 -1.2166666666666659 4.8916666666666684 0.35000000000000325 1005.4045884286951 14.16666666666667 6.5000000000000009 1199.2800000000002 1.5000000000000002 1147.1686683495252 17.500000000000004 1063.4890000000003
decision_type=2 2 2 2 2 2 2 2 2 2 2 2 2 2 2 2 2 2 2 2 2 2 2 2 2 2 2 2 2 2
left_child=-1 2 3 18 5 27 7 8 9 -5 11 -10 -8 16 15 -15 19 -16 26 -6 21 24 -9 -18 -17 -21 -2 -3 29 -29
right_child=1 4 -4 6 13 -7 12 22 10 -11 -12 -13 -14 14 17 20 23 -19 -20 25 -22 -23 -24 -25 -26 -27 -28 28 -30 -31
leaf_value=0.54917413926519021 -0.027130720342776572 0.35782175583010456 -0.39718357989989106 -5.0966694085370925 -0.34704094724142054 -1.3021888588351764 -0.79791383381681102 1.9279816262183651 0.73500485921447933 0.99912551910217329 0.80286876964263421 4.5021153592048808 -0.2205795634910008 0.51545084785496753 -0.13609693264722608 0.51118714699127288 0.0078998937817483118 -1.974751410015086 0.008327356781486937 -0.092259553519893928 0.039180918314906332 0.038142638661104226 -0.14223823950780259 -1.2636914371497563 1.8062987406968194 0.25101590044705641 0.70480363322962269 1.2399769847967514 0.29959611926937663 -0.26080495192752962
leaf_weight=272 387 3081 1847 21 1684 87 636 31 22 56 156 47 3060 1075 4382 647 116 47 19557 5345 16095 626 1859 244 85 1333 586 76 1291 1225
leaf_count=272 387 3081 1847 21 1684 87 636 31 22 56 156 47 3060 1075 4382 647 116 47 19557 5345 16095 626 1859 244 85 1333 586 76 1291 1225
internal_value=1.01908e-08 -0.00227345 -0.0443441 -0.0196755 0.0294883 0.199772 -0.184301 0.0443816 0.999795 -0.663364 1.56896 3.30101 -0.319926 -0.00147344 0.0437203 0.0913686 -0.120427 -0.155609 0.0275389 -0.0888472 0.0652477 0.374191 -0.108282 -0.853956 0.661576 -0.0237381 0.413685 0.222806 0.062319 -0.173134
internal_weight=65976 65704 28265 26418 37439 5760 5888 2192 302 77 225 69 3696 31679 22957 18528 8722 4429 20530 8362 17453 1358 1890 360 732 6678 973 5673 2592 1301
internal_count=65976 65704 28265 26418 37439 5760 5888 2192 302 77 225 69 3696 31679 22957 18528 8722 4429 20530 8362 17453 1358 1890 360 732 6678 973 5673 2592 1301
is_linear=0
shrinkage=0.05


Tree=199
num_leaves=31
num_cat=0
split_feature=68 57 62 61 61 72 63 75 61 63 69 3 32 59 75 0 57 31 1 63 73 72 63 57 68 59 17 60 62 4
split_gain=32723 49541.3 64222.5 64128.9 54938.6 69924.3 62660.5 84502 65442.5 61023.4 58875 114585 94967.1 83577 77633.2 60741.4 60433 53495.8 53265.6 59150.7 52289.6 51003.8 65832.2 50177.7 48343.9 47976.1 61116.2 47928.9 46856.7 45205.8
threshold=36.487500000000004 1684.5335746687654 1408.9237319689053 1265.2616052755602 1129.0797418168052 29.875000000000004 879.94600000000014 930.26044845696072 828.96550000000013 1228.7154556123153 56.500277777777782 11.500000000000002 98.500000000000014 1047.0954852455152 1243.8228603698287 2024.5000000000002 1280.0553763709902 1.0000000180025095e-35 4.5000000000000009 1083.0048290000002 1.7000000000000002 15.608333333333336 796.38829844581608 1584.2335 25.612500000000008 1047.0954852455152 1.9500000000000002 851.58650000000011 948.96754040001917 5.5000000000000009
decision_type=2 2 2 2 2 2 2 2 2 2 2 2 2 2 2 2 2 2 2 2 2 2 2 2 2 2 2 2 2 2
left_child=1 2 4 23 5 6 7 8 -1 18 16 14 15 -14 25 -13 27 -17 19 -6 -18 22 -9 -4 -3 26 29 -8 -21 -12
right_child=-2 24 3 -5 9 -7 10 21 -10 -11 11 12 13 -15 -16 17 20 -19 -20 28 -22 -23 -24 -25 -26 -27 -28 -29 -30 -31
leaf_value=0.067093977551669182 0.37753716242681334 -0.9442932417782226 0.575781917207286 0.10515296271109079 -0.75143009408113293 0.3700630765302223 0.22462386186954417 -1.158111315009938 -0.2151364484738012 0.012870245773966419 0.096151993149359002 0.24137293924237901 2.3152794014735547 0.70290348668555713 -0.76497297740778181 -0.30785869232245855 -0.43118232266095124 2.2945495028993981 -0.082684766561028078 1.5974980427537646 -2.4949608851046792 -0.021369194419233684 -0.35006728192977793 2.8736526020728053 -0.1449892897091255 0.26405411323555111 -1.2514550084503844 -0.043575329286928061 -0.2435507096261687 -0.3373882060835296
leaf_weight=6778 569 202 478 6880 646 1427 2025 336 2947 10180 2487 2725 102 379 295 28 114 67 7525 35 42 683 1009 25 2979 1974 102 9391 2753 793
leaf_count=6778 569 202 478 6880 646 1427 2025 336 2947 10180 2487 2725 102 379 295 28 114 67 7525 35 42 683 1009 25 2979 1974 102 9391 2753 793
internal_value=1.02084e-08 -0.00328433 0.00655437 0.144998 -0.0120829 0.0275494 0.0124065 -0.0796548 -0.0184313 -0.0752727 0.0651251 0.161408 0.39546 1.04482 0.0246874 0.284701 -0.00935843 1.52752 -0.15715 -0.320328 -0.986815 -0.373244 -0.551928 0.68999 -0.195747 0.0681807 -0.0461464 0.00399855 -0.220439 -0.00866428
internal_weight=65976 65407 62226 7383 54843 33704 32277 11753 9725 21139 20524 8952 3301 481 5651 2820 11572 95 10959 3434 156 2028 1345 503 3181 5356 3382 11416 2788 3280
internal_count=65976 65407 62226 7383 54843 33704 32277 11753 9725 21139 20524 8952 3301 481 5651 2820 11572 95 10959 3434 156 2028 1345 503 3181 5356 3382 11416 2788 3280
is_linear=0
shrinkage=0.05


Tree=200
num_leaves=31
num_cat=1
split_feature=0 59 4 74 39 74 3 4 75 13 4 1 4 3 19 3 72 61 3 68 28 73 0 50 4 75 72 4 34 62
split_gain=33671.5 44097.1 49267.6 48431.2 39210.6 38478.8 75707.9 46543.2 60054.1 47058.2 45541.3 46574.6 39390 38528 92967.9 87457.8 78556.2 73947.2 93819.8 76429.2 74209.3 59086.1 50727.3 46713.1 110338 89170 73917.9 68888 49533.4 45341.1
threshold=2020.5000000000002 1183.62583442869 1.5000000000000002 -2.116666666666664 95.500000000000014 2.558333333333334 12.500000000000002 5.5000000000000009 1445.0857697511119 0 5.5000000000000009 7.5000000000000009 6.5000000000000009 12.500000000000002 1.0000000180025095e-35 20.500000000000004 1.0000000180025095e-35 962.88768571663707 1.5000000000000002 21.162500000000005 98.500000000000014 1.3833333333333304 2022.5000000000002 0.20833333350000002 1.5000000000000002 1445.0857697511119 34.291666666666679 5.5000000000000009 6.5000000000000009 1687.6401425000001
decision_type=2 2 2 2 2 2 2 2 2 9 2 2 2 2 2 2 2 2 2 2 2 2 2 2 2 2 2 2 2 2
left_child=1 -1 4 -4 -3 13 7 9 -9 -7 11 -8 -12 17 -15 16 -16 19 22 -2 23 29 -19 -20 25 28 -26 -28 -25 -18
right_child=5 2 3 -5 -6 6 10 8 -10 -11 12 -13 -14 14 15 -17 21 18 20 -21 -22 -23 -24 24 26 -27 27 -29 -30 -31
leaf_value=-0.0031351912882437469 0.026821725581231637 -0.52210614980705461 0.0683064021962696 -0.20970711570889075 -2.7260061170373646 0.36934804234554164 -0.032005910119888459 0.21702805553259674 -0.45691288686712683 -0.42953222603207886 0.59622169428277683 -0.54349523957776424 -0.12660132460795523 0.019921742806976641 1.90630208903223 -0.28053357874373075 0.67950842868988326 -0.21624119307455084 -0.021218279169930205 0.84768668039746231 -0.61392400749681286 -0.52902177078649404 0.27930380649018022 -0.7033039074512869 -0.3334497135082472 -4.6067471122741699 0.085838808507630315 2.0293945823396959 -2.764660547839271 -1.6690449760073709
leaf_weight=18404 7991 518 2422 4435 21 3607 1210 1038 485 188 381 704 373 14189 109 341 961 777 2433 294 1197 124 1540 153 1776 20 165 63 36 21
leaf_count=18404 7991 518 2422 4435 21 3607 1210 1038 485 188 381 704 373 14189 109 341 961 777 2433 294 1197 124 1540 153 1776 20 165 63 36 21
internal_value=9.6376e-09 -0.044574 -0.147689 -0.111508 -0.607972 0.0286243 0.126865 0.235908 0.00241127 0.329614 -0.0904834 -0.22014 0.238645 0.00425174 0.0601558 0.427046 0.625634 -0.0492727 -0.156108 0.0559508 -0.26287 0.49942 0.113124 -0.172424 -0.338662 -1.43191 -0.224646 0.622874 -1.09594 0.629285
internal_weight=65976 25800 7396 6857 539 40176 7986 5318 1523 3795 2668 1914 754 32190 15745 1556 1215 16445 8160 8285 5843 1106 2317 4646 2213 209 2004 228 189 982
internal_count=65976 25800 7396 6857 539 40176 7986 5318 1523 3795 2668 1914 754 32190 15745 1556 1215 16445 8160 8285 5843 1106 2317 4646 2213 209 2004 228 189 982
cat_boundaries=0 1
cat_threshold=5
is_linear=0
shrinkage=0.05


Tree=201
num_leaves=31
num_cat=0
split_feature=68 1 65 61 1 2 2 3 58 1 75 57 69 15 2 74 9 72 16 32 61 0 1 62 60 20 40 71 61 63
split_gain=33149.8 39538.1 89070 70932.6 76043.1 113214 102989 203993 112442 70388.1 71540.5 61857.6 61261.1 79911.1 74625.1 71080 57251.2 51610.8 60835.9 51194.9 48347 47860.3 63262 47634.8 45600.2 51502.8 47849.5 100221 44304.2 90638.9
threshold=-2.6624999999999992 5.5000000000000009 1.0000000180025095e-35 1228.5954327147103 1.5000000000000002 4.5000000000000009 1.5000000000000002 11.500000000000002 1140.1147719761802 6.5000000000000009 1917.7038333333335 1132.1244176462603 11.111111111111111 1.0000000180025095e-35 25.500000000000004 -3.616666666666664 1.0000000180025095e-35 7.1000000000000005 1.8500000000000003 13.500000000000002 738.99900000000014 2018.5000000000002 11.500000000000002 1005.4045884286951 1302.1080000000002 1.0000000180025095e-35 99.500000000000014 3.1416666666666671 1392.9721212147103 1311.5291951958902
decision_type=2 2 2 2 2 2 2 2 2 2 2 2 2 2 2 2 2 2 2 2 2 2 2 2 2 2 2 2 2 2
left_child=-1 2 3 20 5 6 7 -5 19 10 -3 -6 13 -11 15 -14 28 18 21 -8 -2 -17 -23 -7 25 -13 -26 -28 -16 -30
right_child=1 9 -4 4 11 23 8 -9 -10 12 -12 24 14 -15 16 17 -18 -19 -20 -21 -22 22 -24 -25 26 -27 27 -29 29 -31
leaf_value=0.21865710608033675 0.36559092619982242 0.2101701173138226 -0.38920814208831872 -4.8289211398079281 -0.77303699770637324 1.881122500325243 1.4003313687112597 0.94963940207713426 0.72542101388273683 -0.096461333146302772 -1.2345749988798695 -0.20197923819480668 0.4651594587162669 -0.9467325952395591 -0.017308713194055952 -0.22941043954239582 -1.8621995878716309 0.022829596826633318 1.9959659895896913 4.1543156190382104 6.6572533077334037e-05 0.89850592668799889 0.19476686729792889 -0.12815333186981934 -0.67687242115980473 0.49234857315238723 1.8265478857925961 -0.72450104792687031 -1.564135377612903 -0.22476181433657827
leaf_weight=1689 951 5673 1824 21 629 30 27 56 153 6821 87 1696 1120 288 3079 452 48 16209 50 45 18558 404 1524 1761 779 317 63 99 139 1384
leaf_count=1689 951 5673 1824 21 629 30 27 56 153 6821 87 1696 1120 288 3079 452 48 16209 50 45 18558 404 1524 1761 779 317 63 99 139 1384
internal_value=-4.47315e-07 -0.0057452 -0.0518121 -0.0273765 -0.182944 0.0565077 0.952037 -0.626332 1.49219 0.0276316 0.188348 -0.322819 -0.00173985 -0.130908 0.0358796 0.0782909 -0.144336 0.0550443 0.269928 3.12157 0.0178847 0.233667 0.342231 -0.0944971 -0.226953 -0.092639 -0.514279 0.267574 -0.126419 -0.347003
internal_weight=65976 64287 27009 25185 5676 2093 302 77 225 37278 5760 3583 31518 7109 24409 19759 4650 18639 2430 72 19509 2380 1928 1791 2954 2013 941 162 4602 1523
internal_count=65976 64287 27009 25185 5676 2093 302 77 225 37278 5760 3583 31518 7109 24409 19759 4650 18639 2430 72 19509 2380 1928 1791 2954 2013 941 162 4602 1523
is_linear=0
shrinkage=0.05


Tree=202
num_leaves=31
num_cat=0
split_feature=0 6 1 72 2 1 61 37 68 3 2 0 4 2 57 60 62 61 68 1 2 3 63 71 56 2 1 18 62 65
split_gain=31093.1 37282 40082.5 44162.9 54812.7 65330.6 53684.8 75546 59566.8 57351.4 47561.8 61255.1 45129.3 68246.5 40867.4 41794.3 82922 61067.7 55030.8 91568 80288.5 88813.8 54607.3 52839.1 67829.7 66130.9 59342.9 55956.1 51903.6 66573.4
threshold=2023.5000000000002 1.0000000180025095e-35 4.5000000000000009 10.408333333333337 24.500000000000004 3.5000000000000004 1265.2616052755602 82.500000000000014 9.6375000000000046 9.5000000000000018 2.5000000000000004 2020.5000000000002 2.5000000000000004 4.5000000000000009 626.14902020966554 996.96900000000016 942.07900000000006 880.70351061231759 9.9625000000000039 11.500000000000002 30.500000000000004 19.500000000000004 1072.4900000000002 20.425000000000008 1421.9219330480435 3.5000000000000004 8.5000000000000018 1.0000000180025095e-35 1639.6550000000002 1.0000000180025095e-35
decision_type=2 2 2 2 2 2 2 2 2 2 2 2 2 2 2 2 2 2 2 2 2 2 2 2 2 2 2 2 2 2
left_child=1 2 3 6 -5 -6 7 8 -1 -9 11 -8 13 -12 -4 16 22 -18 19 -17 -21 -22 -16 24 -20 26 28 -27 29 -25
right_child=-2 -3 14 4 5 -7 10 9 -10 -11 12 -13 -14 -15 15 18 17 -19 23 20 21 -23 -24 25 -26 27 -28 -29 -30 -31
leaf_value=-0.0031612367107876037 0.06645026824702284 0.40516392848338906 -0.82643424836178758 -0.38570572584681651 -0.60844794216214637 0.3584765337056261 1.7051435779122746 -0.060297937220232023 -0.33385566732016358 0.33019691913536942 1.0330419576664764 -0.071980155778348931 -0.15343861061902275 -0.71422728772109467 -0.05498657936066962 0.59104387492559629 1.2138774123424905 0.20914315402653597 -0.11838031468863962 0.054212099592392066 -0.4460445629257076 -4.1122105817000074 1.4026609426908769 -0.035885889955165673 -0.68480214015791641 -0.019118618846090767 -0.1072481121289318 -0.83475493851039462 -0.573021912725454 0.97941745758120335
leaf_weight=4750 13896 516 146 2249 244 615 68 1541 1909 2412 60 169 1722 815 5582 916 156 4950 6674 2169 53 24 65 223 574 12091 499 214 89 585
leaf_count=4750 13896 516 146 2249 244 615 68 1541 1909 2412 60 169 1722 815 5582 916 156 4950 6674 2169 53 24 65 223 574 12091 499 214 89 585
internal_value=-4.24762e-07 -0.0177308 -0.0219627 -0.0860716 -0.255936 0.0838205 -0.0468079 0.00482185 -0.0979646 0.17797 -0.240137 0.437912 -0.302015 -0.594415 0.00835031 0.0118461 0.0938214 0.23984 -0.0247131 0.169718 -0.0021137 -1.58875 -0.0382083 -0.0540602 -0.163238 0.00369609 0.329829 -0.0333036 0.572974 0.699204
internal_weight=65976 52080 51564 16554 3108 859 13446 10612 6659 3953 2834 237 2597 875 35010 34864 10753 5106 24111 3162 2246 77 5647 20949 7248 13701 1396 12305 897 808
internal_count=65976 52080 51564 16554 3108 859 13446 10612 6659 3953 2834 237 2597 875 35010 34864 10753 5106 24111 3162 2246 77 5647 20949 7248 13701 1396 12305 897 808
is_linear=0
shrinkage=0.05


Tree=203
num_leaves=31
num_cat=0
split_feature=72 19 42 2 57 2 43 1 34 57 0 73 72 1 40 3 3 75 4 3 59 67 75 61 39 0 0 30 69 3
split_gain=31406.5 75317.1 51173.5 41897 37773.2 35862 44335.7 68580.3 42017.7 66378 38136.8 34965.9 34556 34466 34050.1 33445.6 32978.5 32344.2 61369.9 143828 78074.9 59605.5 78648.6 65960.1 53057.8 47564.1 53132.7 45906.7 44690.9 41431.5
threshold=-0.62499999999999967 1.0000000180025095e-35 0.95833333350000005 30.500000000000004 1235.1515117414253 1.5000000000000002 0.29166666650000006 5.5000000000000009 39.500000000000007 1244.1988286050353 2018.5000000000002 4.708333333333333 -5.8416666666666641 8.5000000000000018 14.500000000000002 12.500000000000002 22.500000000000004 1672.5867764930301 1.5000000000000002 9.5000000000000018 1927.8894575000002 28.512500000000006 1389.7760000000001 1645.0385000000003 96.500000000000014 2020.5000000000002 2019.5000000000002 51.500000000000007 337.02847222222232 12.500000000000002
decision_type=2 2 2 2 2 2 2 2 2 2 2 2 2 2 2 2 2 2 2 2 2 2 2 2 2 2 2 2 2 2
left_child=1 3 15 4 -1 6 7 8 9 -2 -9 16 -6 -12 -14 -3 17 21 19 -19 29 -7 23 27 28 26 -24 -23 -20 -21
right_child=5 2 -4 -5 12 11 -8 10 -10 -11 13 -13 14 -15 -16 -17 -18 18 24 20 -22 22 25 -25 -26 -27 -28 -29 -30 -31
leaf_value=0.41165675884338421 -1.0244770481763408 0.47197490143775944 -0.1229205126083936 -1.0948267652870041 0.36216912199069734 0.010559946023410156 0.022150969387432516 -1.0920329958200454 -0.45060279065544173 -3.349154922209288 0.3940953594480836 -0.34911683988670655 -0.29931420992015217 -0.3839737929652135 0.21361730722634775 2.0407622945055648 -0.17187017114083292 -3.3561080175897353 -0.21890406305859433 1.6683749312069267 3.6098144964738328 0.49444074345428463 0.22983090622971455 2.8964918921391174 -2.2097504514636417 0.5120425099876792 -0.51909582078612104 2.0586345148536398 1.3194916613399983 0.24604577192803845
leaf_weight=784 160 50 66 73 491 52345 1035 88 206 38 301 711 945 270 492 106 2564 23 2864 64 22 408 543 36 33 481 420 53 48 256
leaf_count=784 160 50 66 73 491 52345 1035 88 206 38 301 711 945 270 492 106 2564 23 2864 64 22 408 543 36 33 481 420 53 48 256
internal_value=-4.03505e-07 0.157864 1.04417 0.0872134 0.119031 -0.00753899 -0.210787 -0.437589 -0.950516 -1.47063 -0.12314 -0.000533777 3.77727e-05 0.0261817 -0.123697 1.53795 0.00358595 0.0113967 -0.140344 0.471203 0.728595 0.0206489 0.292727 0.835238 -0.216138 0.106004 -0.0968038 0.674272 -0.193546 0.530512
internal_weight=65976 3007 222 2785 2712 62969 2098 1063 404 198 659 60871 1928 571 1437 156 60160 57596 3310 365 342 54286 1941 497 2945 1444 963 461 2912 320
internal_count=65976 3007 222 2785 2712 62969 2098 1063 404 198 659 60871 1928 571 1437 156 60160 57596 3310 365 342 54286 1941 497 2945 1444 963 461 2912 320
is_linear=0
shrinkage=0.05


Tree=204
num_leaves=31
num_cat=1
split_feature=3 4 62 0 4 4 3 61 35 66 19 3 3 66 13 60 71 8 72 58 63 73 32 55 3 58 3 4 39 70
split_gain=30924.9 190808 73046.3 53461.2 43284.2 59209.4 36567.1 90370.9 94522 72737.2 64351.1 76978.3 89392 89700.3 66740.2 70344.1 62615.6 69970.5 62284.6 62032.3 76915.7 61851.1 59716.3 67936.4 108179 105276 77518 74480.4 64912.7 60121.4
threshold=1.0000000180025095e-35 1.5000000000000002 1048.8606692799301 2022.5000000000002 2.5000000000000004 6.5000000000000009 8.5000000000000018 983.31050000000016 6.5000000000000009 19.225000000000005 1.0000000180025095e-35 19.500000000000004 12.500000000000002 11.191666666666668 0 851.58650000000011 20.675000000000008 1.0000000180025095e-35 -0.31666666666666649 1082.1060000000002 1093.0331266228352 -4.8666666666666636 99.500000000000014 0.29166666650000006 14.500000000000002 1263.4405000000002 21.500000000000004 6.5000000000000009 68.500000000000014 20.558333333333341
decision_type=2 2 2 2 2 2 2 2 2 2 2 2 2 2 9 2 2 2 2 2 2 2 2 2 2 2 2 2 2 2
left_child=1 2 -1 -3 -5 -6 7 9 -9 -2 14 12 -12 18 15 -8 17 22 -14 20 -20 -18 23 24 27 28 -25 -17 -26 -29
right_child=6 3 -4 4 5 -7 10 8 -10 -11 11 -13 13 -15 -16 16 21 -19 19 -21 -22 -23 -24 26 25 -27 -28 29 -30 -31
leaf_value=-0.37105098899402145 -0.026419355277946872 0.16189660094004144 -1.8143557739980292 1.4805849530520263 0.26569047664740569 1.436412068826181 0.24471831008430622 -0.091853139048642993 -0.50715414107255341 0.35899371477962094 -0.021754869957246362 -0.20846728576760684 1.7679282459213324 0.029184438538092834 -0.41294845316500561 0.020624242442517145 -1.4682789746671916 -1.7122701656073334 2.1364570519678479 0.43168067945575861 0.58061621214472814 0.09030513295262263 0.20429047242307063 0.20548857402931853 -0.35288586240198766 -0.86028993992120995 -0.16282406898330662 -0.5703725985794561 0.10927378386331416 0.28676944609263966
leaf_weight=261 14052 1547 132 135 540 135 2945 4658 1941 1341 1226 883 133 650 945 7326 64 64 136 973 191 11782 1989 3547 2896 802 2392 1003 1030 257
leaf_count=261 14052 1547 132 135 540 135 2945 4658 1941 1341 1226 883 133 650 945 7326 64 64 136 973 191 11782 1989 3547 2896 802 2392 1003 1030 257
internal_value=-3.83579e-07 0.164139 -0.855825 0.334205 0.663293 0.499835 -0.00713959 -0.0592066 -0.214008 0.00715688 0.0206302 0.206307 0.316988 0.516364 -0.00038261 0.0105296 -0.0102709 -0.0615088 0.737345 0.631909 1.22769 0.0818846 -0.0565353 -0.0834808 -0.146211 -0.338274 0.0571465 -0.0404485 -0.231637 -0.395543
internal_weight=65976 2750 393 2357 810 675 63226 21992 6599 15393 41234 4192 3309 2083 37042 36097 33152 21306 1433 1300 327 11846 21242 19253 13314 4728 5939 8586 3926 1260
internal_count=65976 2750 393 2357 810 675 63226 21992 6599 15393 41234 4192 3309 2083 37042 36097 33152 21306 1433 1300 327 11846 21242 19253 13314 4728 5939 8586 3926 1260
cat_boundaries=0 1
cat_threshold=147
is_linear=0
shrinkage=0.05


Tree=205
num_leaves=31
num_cat=0
split_feature=68 66 60 73 71 56 68 73 65 73 61 72 72 39 55 3 3 26 0 56 37 57 28 57 68 61 1 4 61 57
split_gain=32173.8 46569.5 89740.6 70461.3 68412.6 58978.1 57615.2 69134.1 52776.7 67940.2 56522.4 52656.7 52627.2 61378.3 105989 90396.4 73418.8 93689.4 67136.4 61874 61656.7 61594.6 58774.7 50918.3 50319.4 47339.5 45494.4 45397.8 54809.2 48936.8
threshold=5.387500000000002 19.225000000000005 1000.2955000000001 0.94999999999999807 19.341666666666672 1328.6980397755603 10.412500000000003 1.3500000000000012 1.0000000180025095e-35 -5.6416666666666657 1116.4187840797852 13.125000000000004 13.008333333333335 64.500000000000014 0.37500000000000006 10.500000000000002 20.500000000000004 0.15000000000000005 2019.5000000000002 1172.3901154930302 3.5000000000000004 1066.7200089147202 48.500000000000007 1223.8824897040702 10.887500000000005 1190.6544080364952 5.5000000000000009 6.5000000000000009 996.54229427993107 966.78131060503767
decision_type=2 2 2 2 2 2 2 2 2 2 2 2 2 2 2 2 2 2 2 2 2 2 2 2 2 2 2 2 2 2
left_child=-1 5 11 -4 -5 8 -7 -8 12 -10 26 -3 13 14 18 -15 17 -17 19 27 -21 24 -22 -20 25 -19 -11 28 29 -2
right_child=1 2 3 4 -6 6 7 -9 9 10 -12 -13 -14 15 -16 16 -18 21 23 20 22 -23 -24 -25 -26 -27 -28 -29 -30 -31
leaf_value=0.073502621373897264 1.008279272795513 -0.32248200697682894 -0.05759334244151984 -0.19095334109698617 0.26020739962265138 -0.18204979421651626 -0.3612161643601175 -1.7327848151731655 -2.5824563445583468 -0.35112011541869759 -1.0501216009259224 0.3587880685641866 -0.10157990772233089 -0.11276779420080624 0.19928886615744384 0.21282450048154167 -0.19959285733845702 2.4881385511365433 0.019687928795385307 -0.11044280538483271 -3.3315129613876344 0.52424304519812182 -0.97299475414412362 -0.41838002791676221 0.71329747674276511 0.16358777251508502 0.092828912595755847 -0.9486796301439876 -0.40452633282500072 -0.2667997253338496
leaf_weight=12146 151 316 14317 1075 3848 1269 245 147 31 1341 193 2769 11323 2287 2864 3187 719 116 3385 63 50 752 56 825 139 27 1013 253 919 150
leaf_count=12146 151 316 14317 1075 3848 1269 245 147 31 1341 193 2769 11323 2287 2864 3187 719 116 3385 63 50 752 56 825 139 27 1013 253 919 150
internal_value=-3.49372e-06 -0.0165891 0.0386571 -0.00148444 0.161691 -0.0557376 -0.345719 -0.875554 -0.0395984 -0.255836 -0.227519 0.289005 -0.0191531 0.0393879 -0.0499453 0.147127 0.267446 0.347001 -0.171922 -0.443098 -1.34924 0.760561 -2.0855 -0.0661567 1.39074 2.04924 -0.160075 -0.339135 -0.212729 0.372858
internal_weight=65976 53830 22325 19240 4923 31505 1661 392 29844 2578 2547 3085 27266 15943 8716 7227 4940 4221 5852 1642 169 1034 106 4210 282 143 2354 1473 1220 301
internal_count=65976 53830 22325 19240 4923 31505 1661 392 29844 2578 2547 3085 27266 15943 8716 7227 4940 4221 5852 1642 169 1034 106 4210 282 143 2354 1473 1220 301
is_linear=0
shrinkage=0.05


Tree=206
num_leaves=31
num_cat=0
split_feature=0 21 72 39 35 69 69 2 2 75 63 72 2 7 4 67 72 73 4 4 1 57 6 68 75 73 73 56 37 2
split_gain=30762.8 50849 56456.5 58908 58294.6 55797.1 50290.8 49001.4 54687.2 46921.4 75209.5 51423.4 46837.6 73122.5 46392.8 44462.2 68580.9 42786.7 38943.7 59756.7 87588.6 52518.1 38942.3 40101.1 63583.2 65037.7 52595.8 45264.9 54253.7 72262.9
threshold=2024.5000000000002 0.75000000000000011 22.208333333333339 1.0000000180025095e-35 51.500000000000007 61.361111111111143 391.38027777777785 29.500000000000004 19.500000000000004 1997.5980000000004 1789.2425000000001 24.425000000000001 12.500000000000002 1.0000000180025095e-35 3.5000000000000004 3.3125000000000013 3.4250000000000003 -3.0999999999999988 4.5000000000000009 6.5000000000000009 6.5000000000000009 1573.9589587317803 1.0000000180025095e-35 30.962500000000009 1383.6600000000003 -1.7333333333333318 2.1833333333333353 1333.0138626135804 19.500000000000004 25.500000000000004
decision_type=2 2 2 2 2 2 2 2 2 2 2 2 2 2 2 2 2 2 2 2 2 2 2 2 2 2 2 2 2 2
left_child=9 2 4 7 6 17 -2 8 14 22 -11 -12 13 15 -4 -7 -17 -6 -10 20 -20 -21 23 27 25 -25 -26 -1 29 -29
right_child=1 -3 3 -5 5 12 -8 -9 18 10 11 -13 -14 -15 -16 16 -18 -19 19 21 -22 -23 -24 24 26 -27 -28 28 -30 -31
leaf_value=-0.0011428161350235976 -0.21907771999864681 1.2229883993373198 0.90398049674039427 -0.47635430019559727 1.2595045454800129 0.53545331538459939 0.53203102185150553 -0.9579171380996705 0.60040096988409297 -1.4353016803192127 -0.71139067330809891 0.45127511566335504 0.17473021130628733 -0.95379165013631195 -0.081676392619292146 4.4119982576370242 1.3213115368272579 -0.30767832168080705 1.2126033569375674 2.1664290027959008 4.0057240226994386 -0.60360786433924329 0.39401104236932882 2.9501539863389112 0.013048393078111207 0.51742326769678071 0.9101006242807288 0.060413964729808249 -0.28685418592246426 -0.40764802913689729
leaf_weight=47435 2198 102 197 159 48 172 248 50 193 148 183 198 539 48 303 20 175 470 72 28 46 44 603 29 2945 522 173 4359 3252 1017
leaf_count=47435 2198 102 197 159 48 172 248 50 193 148 183 198 539 48 303 20 175 470 72 28 46 44 603 29 2945 522 173 4359 3252 1017
internal_value=-3.31931e-06 0.117805 0.0953039 0.413232 0.00669303 0.255307 -0.142923 0.564834 0.65106 -0.00989808 -0.478746 -0.107171 0.482144 0.881411 0.306672 1.12144 1.63831 -0.162457 1.10065 1.6088 2.30145 0.473629 -0.00578735 -0.00982335 0.15032 0.645462 0.0628207 -0.0203038 -0.125647 -0.0281312
internal_weight=65976 5112 5010 1092 3918 1472 2446 933 883 60864 529 381 954 415 500 367 195 518 383 190 118 72 60335 59732 3669 551 3118 56063 8628 5376
internal_count=65976 5112 5010 1092 3918 1472 2446 933 883 60864 529 381 954 415 500 367 195 518 383 190 118 72 60335 59732 3669 551 3118 56063 8628 5376
is_linear=0
shrinkage=0.05


Tree=207
num_leaves=31
num_cat=0
split_feature=0 61 4 2 2 69 57 57 34 4 2 73 57 72 61 57 75 32 1 1 26 57 63 75 66 72 2 7 9 2
split_gain=31111.9 42762.6 46838.6 53372.5 52434.1 70412 73857.1 68645.3 60177.4 63617.2 91669.5 45952.1 44687 40449.8 40282.4 55822 39665.9 38183.9 37334.8 59759.4 56805.2 54207.9 69471.7 55078.1 51227.4 50213.1 44898.5 63808.2 46558.6 80554.6
threshold=2020.5000000000002 1165.3556614972752 1.5000000000000002 17.500000000000004 4.5000000000000009 43.780277777777755 1087.2760873573802 1028.2628322147102 7.5000000000000009 2.5000000000000004 2.5000000000000004 -0.36666666666666597 1402.1595000000002 1.7416666666666671 1365.3949667510403 1176.3397404769403 1639.1330000000003 82.500000000000014 1.5000000000000002 2.5000000000000004 0.95000000000000007 1314.1730000000002 1053.7855813709903 1389.7760000000001 10.958333333333337 4.0083333333333346 6.5000000000000009 1.0000000180025095e-35 1.0000000180025095e-35 5.5000000000000009
decision_type=2 2 2 2 2 2 2 2 2 2 2 2 2 2 2 2 2 2 2 2 2 2 2 2 2 2 2 2 2 2
left_child=1 -1 3 11 5 6 -4 -7 9 10 -9 -3 -12 -5 15 17 -6 -15 20 25 21 22 -2 -24 -23 -20 27 28 -21 -30
right_child=18 2 4 13 16 7 -8 8 -10 -11 12 -13 -14 14 -16 -17 -18 -19 19 26 -22 24 23 -25 -26 -27 -28 -29 29 -31
leaf_value=0.00048506241877411643 0.091828813925734054 -1.218622813296824 -2.6079349794321591 -1.1692064514194711 -0.11873519231235768 3.3816601824760442 -0.11993805439821606 -0.56571210853755483 -0.0046466226445940825 0.55274327789736266 4.7526908397674559 -0.3869387081730894 1.6582126665115358 -0.34700686610364295 -0.51137711027133392 1.7325819253921511 -0.84577073632288224 1.0413498615871555 -0.0064738223943809972 -0.01519106771284193 -0.70098976920757972 -0.0014795568872482405 0.56871466385119851 2.5820629623958045 -1.8690234806192549 -0.39235475600942654 0.06141701609807812 -0.53755754546754753 -0.099984325405130997 -3.6603117294609548
leaf_weight=17754 1229 271 36 69 5692 20 174 20 390 249 28 429 20 154 159 68 194 73 1792 5737 175 1090 1153 35 38 1592 26568 696 47 24
leaf_count=17754 1229 271 36 69 5692 20 174 20 390 249 28 429 20 154 159 68 194 73 1792 5737 175 1090 1153 35 38 1592 26568 696 47 24
internal_value=-3.15317e-06 -0.0428495 -0.13847 -0.423412 -0.0873949 0.260005 -0.546452 0.492957 0.411239 0.922897 2.27831 -0.708919 3.46332 -0.0412794 0.130146 0.475915 -0.142698 0.0994691 0.0275117 0.0121149 0.1784 0.221812 0.355382 0.62803 -0.0643933 -0.188011 0.0325922 -0.0851534 -0.0309397 -1.30348
internal_weight=65976 25800 8046 1223 6823 937 210 727 707 317 68 700 48 523 454 295 5886 227 40176 36456 3720 3545 2417 1188 1128 3384 33072 6504 5808 71
internal_count=65976 25800 8046 1223 6823 937 210 727 707 317 68 700 48 523 454 295 5886 227 40176 36456 3720 3545 2417 1188 1128 3384 33072 6504 5808 71
is_linear=0
shrinkage=0.05


Tree=208
num_leaves=31
num_cat=1
split_feature=72 3 3 61 35 68 59 13 38 61 72 23 72 57 63 62 4 6 2 1 57 75 61 33 8 60 63 61 75 57
split_gain=29741.3 32753.8 41937.6 82367 89571.4 73922 59367.1 63986.7 57501.3 67400.9 73629.8 71726.9 61436.1 55311.8 53044.3 52794.9 52262.3 51344.1 45103.2 162505 64873.9 42266.5 72752.5 45979.4 42019.6 62164.5 41982.2 41812.3 72956.3 47101.3
threshold=-3.4499999999999997 1.5000000000000002 8.5000000000000018 983.31050000000016 6.5000000000000009 17.812500000000004 1129.6665000000003 0 86.500000000000014 1114.0064528047753 11.075000000000001 0.15000000000000005 16.175000000000004 1012.9157411958901 1064.8614866993253 854.20650000000012 1.5000000000000002 1.0000000180025095e-35 2.5000000000000004 1.5000000000000002 970.25650000000007 933.63666666666677 1162.7510000000004 1.0000000180025095e-35 1.0000000180025095e-35 871.58266216245318 696.32509693327404 796.78552664444157 926.7579992226614 707.01897240001915
decision_type=2 2 2 2 2 2 2 9 2 2 2 2 2 2 2 2 2 2 2 2 2 2 2 2 2 2 2 2 2 2
left_child=-1 -2 3 5 -5 17 7 8 12 10 11 16 14 -7 -4 -16 -10 26 19 -11 -21 22 23 -17 -23 -26 -3 28 -28 -29
right_child=1 2 6 4 -6 13 -8 -9 9 18 -12 -13 -14 -15 15 21 -18 -19 -20 20 -22 24 -24 -25 25 -27 27 29 -30 -31
leaf_value=0.23061581719449029 0.11216711631390799 -0.47661199282486388 -0.18103214496804867 -0.11258826663957187 -0.5630718994896341 0.13297228509082096 -0.033592398969997009 -0.4413923915922367 1.4933797839742442 3.8231668644481234 0.084636374558882316 1.8631942707300189 0.27913508835356832 0.77628604703541126 2.107568772137165 1.2189734894037247 0.45713922839073062 0.40247865636882579 -0.013716715676163864 -2.5403098625796185 0.53654025735393651 0.056320077176193528 3.0460862636566164 -0.17863825178229728 -0.17681762941029608 -3.3761611981825399 0.11344802379961405 -0.8956804221624044 -1.0925540450215341 -0.11625041965247998
leaf_weight=1369 5470 656 2880 3824 1551 1979 25080 532 143 36 638 130 2419 402 32 100 816 559 1539 21 93 5306 29 143 49 22 3546 200 130 6282
leaf_count=1369 5470 656 2880 3824 1551 1979 25080 532 143 36 638 130 2419 402 32 100 816 559 1539 21 93 5306 29 143 49 22 3546 200 130 6282
internal_value=-2.9953e-06 -0.00488973 -0.0157171 -0.0766105 -0.242579 -0.0117507 0.0133977 0.0923442 0.112297 0.29153 0.511171 0.76106 0.0566376 0.241587 -0.00623141 0.0823844 0.611657 -0.0647884 0.0669483 0.894572 -0.0302479 0.0709122 0.679002 0.396511 0.0401515 -1.16816 -0.0889425 -0.0639069 0.0707983 -0.140299
internal_weight=65976 64607 59137 19129 5375 13754 40008 14928 14396 3416 1727 1089 10980 2381 8561 5681 959 11373 1689 150 114 5649 272 243 5377 71 10814 10158 3676 6482
internal_count=65976 64607 59137 19129 5375 13754 40008 14928 14396 3416 1727 1089 10980 2381 8561 5681 959 11373 1689 150 114 5649 272 243 5377 71 10814 10158 3676 6482
cat_boundaries=0 1
cat_threshold=19
is_linear=0
shrinkage=0.05


Tree=209
num_leaves=31
num_cat=0
split_feature=68 1 4 56 5 43 61 72 40 72 66 1 68 68 72 61 2 0 0 68 2 32 64 73 57 75 3 34 33 2
split_gain=30396 44233 42622.8 44196.8 43959.4 51497.5 58940.1 42823 42448.7 50553.8 44114.3 41996.2 52133.7 51873 62414.5 39454.4 41063.2 38920.9 65196.4 63800.6 46617.1 47701.3 41928.7 40907.9 42237 82717.8 46364.5 48706.8 37553.3 37163.9
threshold=5.387500000000002 3.5000000000000004 6.5000000000000009 1576.2723714689052 1.0000000180025095e-35 0.70833333350000005 1039.9866716050353 8.0750000000000028 99.500000000000014 -0.31666666666666649 7.8583333333333352 11.500000000000002 13.512500000000005 8.7125000000000039 8.7750000000000021 1096.7456205141852 25.500000000000004 2022.5000000000002 2021.5000000000002 -6.7624999999999993 28.500000000000004 97.500000000000014 1.0000000180025095e-35 -2.8166666666666669 1276.7945309707252 1338.7875000000004 10.500000000000002 55.500000000000007 2.5000000000000004 21.500000000000004
decision_type=2 2 2 2 2 2 2 2 2 2 2 2 2 2 2 2 2 2 2 2 2 2 2 2 2 2 2 2 2 2
left_child=17 2 3 7 5 6 29 8 -2 -10 -11 13 -13 14 -3 -12 -17 18 19 -1 21 -20 -23 -19 25 -25 -26 -28 -8 -4
right_child=1 11 4 -5 -6 -7 28 -9 9 10 15 12 -14 -15 -16 16 -18 23 20 -21 -22 22 -24 24 26 -27 27 -29 -30 -31
leaf_value=1.4315971791744233 -0.060491269745574797 0.66439825370108685 -0.77238971518796662 -1.9603902120744028 0.54838180283253846 0.0030633469648681019 -2.4906178355216984 -0.26200712248802849 2.234517460158377 -0.10440424580501158 1.5151856215184798 -0.13430977165225161 -1.1658371781973984 0.0022814336961266748 0.086708668795957552 0.67715768371500185 -0.5189122819626818 0.55256931226854622 -0.31027208091247349 0.067937904815203509 -1.2093916440351031 0.59254323898018646 -0.84041770249605185 0.21913031616166176 -0.57270393404079245 2.7799511820077898 -0.15618608863048297 0.68958462452607572 -1.0192382452487947 0.11943445266758811
leaf_weight=87 3958 641 323 31 110 342 61 2020 33 458 92 2845 128 40361 1728 268 98 677 1448 6084 118 289 62 2166 376 32 563 244 150 183
leaf_count=87 3958 641 323 31 110 342 61 2020 33 458 92 2845 128 40361 1728 268 98 677 1448 6084 118 289 62 2166 376 32 563 244 150 183
internal_value=-6.19083e-06 -0.0161271 -0.12361 -0.0766753 -0.402968 -0.501786 -0.742592 -0.0682453 0.0115181 0.311848 0.242582 0.00298568 -0.178721 0.0156282 0.243019 0.589568 0.356899 0.0714403 0.00804155 0.087163 -0.246658 -0.18351 0.339428 0.1978 0.126762 0.256413 -0.114126 0.0995364 -1.44461 -0.449853
internal_weight=65976 53830 8127 6958 1169 1059 717 6927 4907 949 916 45703 2973 42730 2369 458 366 12146 8088 6171 1917 1799 351 4058 3381 2198 1183 807 211 506
internal_count=65976 53830 8127 6958 1169 1059 717 6927 4907 949 916 45703 2973 42730 2369 458 366 12146 8088 6171 1917 1799 351 4058 3381 2198 1183 807 211 506
is_linear=0
shrinkage=0.05


Tree=210
num_leaves=31
num_cat=1
split_feature=0 57 35 0 72 1 63 75 39 75 57 61 62 3 75 39 61 33 13 3 59 4 57 9 3 71 61 75 60 71
split_gain=29464.7 39647.3 54871 39362 71903 42452.6 38062.3 67699.6 38736 36649.9 36174.3 50524.8 78582.2 42804.2 89494.2 58242.5 59685.4 56777.1 71510.4 63520 55257 45368.8 88427.5 78279.9 71049.1 67417.8 52822.9 73626.3 49480 47510.2
threshold=2020.5000000000002 1256.7745000000002 57.500000000000007 2019.5000000000002 19.958333333333339 7.5000000000000009 1616.1680000000003 1389.7760000000001 22.500000000000004 1542.9416557043235 760.83974983238306 825.58173095103655 911.55450000000008 9.5000000000000018 908.57771677993105 1.0000000180025095e-35 1084.3310000000004 99.500000000000014 0 21.500000000000004 1061.4105000000002 1.5000000000000002 1928.1025000000002 1.0000000180025095e-35 11.500000000000002 22.866666666666671 1102.1315000000002 1031.7820797147103 887.8075 30.833333333333339
decision_type=2 2 2 2 2 2 2 2 2 2 2 2 2 2 2 2 2 2 9 2 2 2 2 2 2 2 2 2 2 2
left_child=1 -1 3 4 9 -5 -6 -8 -9 -3 -2 12 -12 15 -15 -13 20 18 21 -19 -17 22 23 24 28 26 27 -26 -16 -27
right_child=10 2 -4 5 6 -7 7 8 -10 -11 11 13 -14 14 17 16 -18 19 -20 -21 -22 -23 -24 -25 25 29 -28 -29 -30 -31
leaf_value=-0.01099327560231252 -0.25828002499029923 -0.28554118395000921 -0.58098230288025698 -0.60364381653008559 0.081429231298066632 -0.081384777724982718 3.0011530319164539 0.82528680108361341 -0.61006894763559105 -1.4174650668352844 0.15221650570526446 0.051040394222665597 1.039328734885369 1.2656955210991157 0.3119969800114632 -0.17741421297569257 -0.39041793689103532 0.37096256366091762 -0.79324311613189913 -0.33839027743471906 0.19709995424933083 0.0043250065800173676 2.8313768595457081 -1.6627077482640744 -0.17939605603026132 0.79465089432895186 -0.14186233643344678 1.6361883828240746 1.4240635322572675 -0.19291516900617886
leaf_weight=20715 1083 674 691 668 1770 932 29 177 64 80 2302 6728 280 153 210 3140 1948 2253 254 367 1435 17315 32 56 118 500 1544 106 191 161
leaf_count=20715 1083 674 691 668 1770 932 29 177 64 80 2302 6728 280 153 210 3140 1948 2253 254 367 1435 17315 32 56 118 500 1544 106 191 161
internal_value=-5.8812e-06 -0.0417026 -0.166805 -0.101671 0.0115757 -0.299428 0.165782 0.718758 0.444113 -0.405639 0.0267707 0.0346675 0.248418 0.0195514 0.0604135 -0.0521754 -0.158635 0.0524329 0.0244046 0.271599 -0.0599436 0.0350439 0.217445 0.188462 0.225093 0.123301 -0.0377648 0.679764 0.841685 0.554109
internal_weight=65976 25800 5085 4394 2794 1600 2040 270 241 754 40176 39093 2582 36511 23260 13251 6523 23107 20487 2620 4575 20233 2918 2886 2830 2429 1768 224 401 661
internal_count=65976 25800 5085 4394 2794 1600 2040 270 241 754 40176 39093 2582 36511 23260 13251 6523 23107 20487 2620 4575 20233 2918 2886 2830 2429 1768 224 401 661
cat_boundaries=0 1
cat_threshold=139
is_linear=0
shrinkage=0.05


Tree=211
num_leaves=31
num_cat=0
split_feature=68 66 60 73 71 56 2 65 73 61 72 18 9 75 61 57 57 58 72 73 26 47 3 2 67 39 1 68 57 63
split_gain=28868.4 41909.9 76772.4 60923.3 60348 51199.6 60761.5 47574.1 61250.9 51774.5 47134.1 43698.7 43262.7 58006.7 42856.2 46629.4 45948.6 42129.8 42095.6 62376.1 64108.1 94880.4 55433.2 52488.1 49843.2 49535.6 42266.7 40702.4 88503.6 67889.9
threshold=5.387500000000002 19.225000000000005 1000.2955000000001 0.94999999999999807 19.475000000000005 1415.561666666667 30.500000000000004 1.0000000180025095e-35 -5.6416666666666657 1116.4187840797852 13.125000000000004 1.0000000180025095e-35 1.0000000180025095e-35 1263.6320057922851 1118.8380000000002 1168.8060002755603 1077.0421816130354 1006.2064419446601 13.008333333333335 0.8833333333333383 0.15000000000000005 0.95833333350000005 12.500000000000002 29.500000000000004 2.0875000000000008 83.500000000000014 10.500000000000002 9.5125000000000046 1241.1970000000003 1171.3419760169852
decision_type=2 2 2 2 2 2 2 2 2 2 2 2 2 2 2 2 2 2 2 2 2 2 2 2 2 2 2 2 2 2
left_child=-1 5 10 11 -5 7 -7 18 -9 -10 -3 14 -12 17 15 -4 -16 -14 19 20 23 22 -22 -2 -25 -24 -26 -21 -29 -30
right_child=1 2 3 4 -6 6 -8 8 9 -11 12 -13 13 -15 16 -17 -18 -19 -20 27 21 -23 25 24 26 -27 -28 28 29 -31
leaf_value=0.06961635406787893 0.017016645499889165 -0.31029163225615825 0.023769157060704052 -0.17449575806989026 0.24535702216733948 -0.40908692324773183 -3.0851483789357275 -2.4229458345100285 -0.15610061862270649 -0.99208911920142429 0.38369146942801446 -0.57053804854401435 -0.49337006940486589 -2.2275769044955571 -0.75074360786799899 0.5046974611910956 -0.066473807621991107 1.5831962680726341 -0.099308636391219007 0.04654145303425386 0.13889744050585703 -0.16806197725170247 0.23401149406001487 -1.7029183905402367 1.1345765507926255 1.0967970886723879 0.0082284031875842194 -0.10103878842512133 -1.5673052580835851 -0.41388098867088924
leaf_weight=12146 8788 316 2143 1103 3820 592 22 32 2357 201 2606 396 94 36 251 659 10868 33 11408 2521 407 563 232 22 242 588 127 2807 185 411
leaf_count=12146 8788 316 2143 1103 3820 592 22 32 2357 201 2606 396 94 36 251 659 10868 33 11408 2521 407 563 232 22 242 588 127 2807 185 411
internal_value=-1.15988e-05 -0.0157222 0.0366873 -0.000440703 0.151289 -0.0528605 -0.504972 -0.0438742 -0.248986 -0.22179 0.268241 -0.052614 0.334264 -0.455976 -0.037881 0.136878 -0.0819205 0.0462102 -0.0251031 0.0250085 0.0956159 0.369341 0.615924 0.0422367 0.609075 0.852692 0.746917 -0.105729 -0.218534 -0.771907
internal_weight=65976 53830 22325 19240 4923 31505 614 30891 2590 2558 3085 14317 2769 163 13921 2802 11119 127 28301 16893 10969 1790 1227 9179 391 820 369 5924 3403 596
internal_count=65976 53830 22325 19240 4923 31505 614 30891 2590 2558 3085 14317 2769 163 13921 2802 11119 127 28301 16893 10969 1790 1227 9179 391 820 369 5924 3403 596
is_linear=0
shrinkage=0.05


Tree=212
num_leaves=31
num_cat=0
split_feature=0 57 71 63 67 71 75 68 0 69 72 24 14 72 2 58 75 31 40 57 75 4 1 61 72 2 4 3 2 0
split_gain=28629.8 35068.4 58567.7 39821.7 64115 50799.5 47234.3 44717.1 41848.4 35363.7 50104 40444.3 66712.2 42000.4 38678.8 77920.1 34890.6 34365.2 39034.8 36627.7 38489.5 35824.7 33646.8 36589.6 70304.6 57286.9 48786.6 52204.6 42587.4 44751.2
threshold=2023.5000000000002 1684.5335746687654 29.441666666666674 1818.6935000000001 35.112500000000004 33.191666666666684 1917.7038333333335 30.537500000000009 2024.5000000000002 126.37513888888887 24.425000000000001 0.15000000000000005 2.3500000000000001 4.3916666666666684 8.5000000000000018 1119.4595000000002 2055.8465000000006 1.0000000180025095e-35 88.500000000000014 1395.8570000000002 1415.9757679422271 6.5000000000000009 4.5000000000000009 1265.2616052755602 -1.3333333333333328 18.500000000000004 1.5000000000000002 11.500000000000002 6.5000000000000009 2022.5000000000002
decision_type=2 2 2 2 2 2 2 2 2 2 2 2 2 2 2 2 2 2 2 2 2 2 2 2 2 2 2 2 2 2
left_child=16 2 9 6 5 -5 7 -3 -7 11 17 -2 13 -13 15 -15 22 19 -19 20 21 -11 23 24 25 -1 27 -25 29 -26
right_child=1 3 -4 4 -6 8 -8 -9 -10 10 -12 12 -14 14 -16 -17 -18 18 -20 -21 -22 -23 -24 26 28 -27 -28 -29 -30 -31
leaf_value=0.73540131075490345 -0.0064889868892555186 -0.44456052810929586 0.81406083719582978 -0.1706706153007406 2.2448406485950243 0.37884736028044746 -0.80514510971522402 0.37057516845836219 2.2602848590204592 -0.034037515135399626 2.4429520492553713 2.028581694751344 -1.5673618395077555 2.2926315152810681 0.085367680775853341 0.10169855394671042 -1.6182141417966169 0.47573165377135312 0.042441183366326934 -0.45416453316547845 2.1734052217524984 0.88573262484353643 0.011776862189642686 0.15052218818255056 -0.34641559863965499 -0.0831312671491026 -0.14484340825292016 -1.0218960485812547 -0.025089108410081652 0.20675301780721467
leaf_weight=510 7730 397 277 656 34 133 361 292 38 724 25 47 38 72 269 93 34 1388 831 344 23 124 35246 131 2139 368 2386 345 10480 441
leaf_count=510 7730 397 277 656 34 133 361 292 38 724 25 47 38 72 269 93 34 1388 831 344 23 124 35246 131 2139 368 2386 345 10480 441
internal_value=-1.10189e-05 0.0637531 0.0954703 -0.135164 0.11689 0.0294046 -0.341848 -0.0991039 0.796945 0.0784691 0.212663 0.0221985 0.44947 0.608804 0.455049 1.05774 -0.0170246 0.196426 0.313467 -0.0173305 0.155196 0.100457 -0.0159786 -0.0742088 -0.0407717 0.392326 -0.237048 -0.699235 -0.0698881 -0.251862
internal_weight=65976 13896 11985 1911 861 827 1050 689 171 11708 3459 8249 519 481 434 165 52080 3434 2219 1215 871 848 52046 16800 13938 878 2862 476 13060 2580
internal_count=65976 13896 11985 1911 861 827 1050 689 171 11708 3459 8249 519 481 434 165 52080 3434 2219 1215 871 848 52046 16800 13938 878 2862 476 13060 2580
is_linear=0
shrinkage=0.05


Tree=213
num_leaves=31
num_cat=0
split_feature=72 74 4 61 63 63 61 67 68 57 56 21 57 75 63 62 2 73 67 57 2 1 59 37 75 2 61 62 26 71
split_gain=28517.4 28671.6 32174.3 31180.2 72025.4 63426.4 59167.6 69736.2 56611.3 63451.1 97637.5 54391.3 48812.6 49252.5 62218.6 48734.9 41326.8 41102.9 40254.1 38929 35425.1 47091.1 42391.6 61381.5 77227.1 51428.3 49393.5 68504.1 40959.7 39516.6
threshold=-7.1416666666666648 6.8833333333333364 6.5000000000000009 1094.4546671079452 1228.7154556123153 934.4181127755586 960.04936187099167 14.837500000000004 31.187500000000007 1276.7945309707252 1241.7950843333335 1.0000000180025095e-35 717.10275140001852 915.48766666666677 1041.8956544689051 1039.4788812770453 17.500000000000004 2.0166666666666684 7.1125000000000016 884.37650000000019 24.500000000000004 10.500000000000002 1553.8995414867502 1.0000000180025095e-35 2152.7256666666667 26.500000000000004 1579.3035000000002 1774.4660000000001 3.0500000000000003 32.808333333333344
decision_type=2 2 2 2 2 2 2 2 2 2 2 2 2 2 2 2 2 2 2 2 2 2 2 2 2 2 2 2 2 2
left_child=-1 3 -3 5 12 6 -2 -8 9 10 11 16 -5 14 -14 -6 -7 -11 -19 -15 21 28 -22 24 26 -26 27 -24 29 -17
right_child=1 2 -4 4 15 8 7 -9 -10 17 -12 -13 13 19 -16 20 -18 18 -20 -21 22 -23 23 -25 25 -27 -28 -29 -30 -31
leaf_value=0.51089842458502122 -0.002895211320604817 0.3227903533427634 -0.38190746055321489 -2.5344024205491658 1.0708150638368996 -0.01407614269681496 -0.59931699210909961 0.017599594555455372 2.1768649213241811 -0.23238085976981349 0.85422047882334518 0.43654485717964664 -1.2289212077856064 -0.75565099828135307 1.4376682206392291 0.01380870645098374 0.17369540913757398 -0.63152292048344849 -2.7587407244954791 -0.11982547368539678 -0.010068179864380564 0.38345902226734252 -0.067584363606205608 -0.7072814527361726 3.4859872963117517 0.61047093916373951 -0.57335802170784544 2.0677526321816955 -1.6803652068546839 0.39848903112921241
leaf_weight=272 14113 1170 188 21 110 6790 959 877 33 332 441 1086 28 245 100 14014 5155 61 35 13826 3103 995 187 624 23 48 357 47 35 701
leaf_count=272 14113 1170 188 21 110 6790 959 877 33 332 441 1086 28 245 100 14014 5155 61 35 13826 3103 995 187 624 23 48 357 47 35 701
internal_value=-1.04678e-05 -0.00212552 0.225233 -0.00692384 -0.0393332 0.0304551 -0.0376306 -0.304635 0.108392 0.103481 0.122522 0.09776 -0.125577 -0.122015 0.854352 0.0212471 0.0669588 -0.495863 -1.40707 -0.130896 0.0155129 0.0505294 -0.110104 -0.351482 -0.0161063 1.54198 -0.203287 0.361308 0.0280707 0.0321343
internal_weight=65976 65704 1358 64346 34464 29882 15949 1836 13933 13900 13472 13031 14220 14199 128 20244 11945 428 96 14071 20134 15745 4389 1286 662 71 591 234 14750 14715
internal_count=65976 65704 1358 64346 34464 29882 15949 1836 13933 13900 13472 13031 14220 14199 128 20244 11945 428 96 14071 20134 15745 4389 1286 662 71 591 234 14750 14715
is_linear=0
shrinkage=0.05


Tree=214
num_leaves=31
num_cat=0
split_feature=72 40 67 48 57 71 70 57 4 0 75 73 27 32 62 2 0 73 31 59 3 4 62 0 68 62 1 61 62 0
split_gain=26962.7 78555 57822.5 42216.9 52801.7 65122 43900.1 50453.1 39669.1 39314.5 45403.2 38896.3 38002.2 33861.1 33793.9 37305.3 45581.1 33365 35385.2 33355.7 32188.8 153355 62957.9 46204.2 37055.2 41615.7 33639.2 65173.7 53945.5 67062.4
threshold=3.1416666666666671 81.500000000000014 -0.63749999999999962 0.54166666650000017 1263.4405000000002 0.31666666666666671 -4.924999999999998 1573.9589587317803 6.5000000000000009 2022.5000000000002 1324.714666666667 -4.8666666666666636 0.15000000000000005 87.500000000000014 956.3816043047766 5.5000000000000009 2024.5000000000002 1.3999999999999997 98.500000000000014 1650.9490000000003 1.0000000180025095e-35 1.5000000000000002 1048.8606692799301 2022.5000000000002 23.162500000000005 1728.6175000000003 4.5000000000000009 1175.7119873573802 1156.9450000000004 2024.5000000000002
decision_type=2 2 2 2 2 2 2 2 2 2 2 2 2 2 2 2 2 2 2 2 2 2 2 2 2 2 2 2 2 2
left_child=1 3 17 4 5 9 -6 12 19 13 -11 -10 -8 -1 -4 16 -16 -3 -19 -5 21 22 -2 -23 -25 -26 27 -22 29 -29
right_child=20 2 14 8 6 -7 7 -9 11 10 -12 -13 -14 -15 15 -17 -18 18 -20 -21 26 23 -24 24 25 -27 -28 28 -30 -31
leaf_value=0.10081492208762828 -0.31259404436374705 0.32206190306976867 1.8697805451372496 0.12010750639008504 0.2313237714368227 -0.16626604157255301 -0.45428663521116697 -2.3472966951482439 2.4789285726845267 0.75877724788354151 3.1621796846389771 0.52179203610353664 0.88986495370214647 1.5758966143109969 0.8402549113780261 0.41074217473932856 2.9188854791224004 0.15655900468980824 -1.0014740549648802 -1.2136331572042158 -0.022612644175235098 0.15336139692856449 -1.6778450687804563 0.44739133723603441 1.8605084955692293 0.21454648002982141 0.0046105735412140516 -0.38568935563442264 -0.17992272701889947 -1.6031917905140867
leaf_weight=528 252 381 52 2005 293 1180 1197 34 28 184 22 272 55 42 150 780 32 135 129 48 11649 1469 127 598 110 59 40247 442 3324 152
leaf_count=528 252 381 52 2005 293 1180 1197 34 28 184 22 272 55 42 150 780 32 135 129 48 11649 1469 127 598 110 59 40247 442 3324 152
internal_value=-9.94447e-06 0.0889278 0.392828 0.00330109 -0.10593 0.0676927 -0.321006 -0.446848 0.167403 0.423455 1.01545 0.704458 -0.395238 0.209505 0.628254 0.561145 1.20573 0.0227146 -0.409298 0.0889241 -0.0114976 0.159955 -0.770079 0.317595 0.632144 1.28588 -0.0195305 -0.081945 -0.258352 -0.697239
internal_weight=65976 7547 1659 5888 3535 1956 1579 1286 2353 776 206 300 1252 570 1014 962 182 645 264 2053 58429 2615 379 2236 767 169 55814 15567 3918 594
internal_count=65976 7547 1659 5888 3535 1956 1579 1286 2353 776 206 300 1252 570 1014 962 182 645 264 2053 58429 2615 379 2236 767 169 55814 15567 3918 594
is_linear=0
shrinkage=0.05


Tree=215
num_leaves=31
num_cat=0
split_feature=63 61 4 4 2 75 4 57 57 69 27 72 57 62 56 31 39 21 72 2 61 59 3 20 57 72 69 72 72 1
split_gain=26672.6 40826.1 45251.5 57307.6 41785.1 37823.5 41376.1 37125.7 28510.6 27777.9 55515.3 39265.3 35018.1 41660.6 44060.2 97864.6 39613.9 38130.9 39287.9 43154.5 37103.9 59299.9 36333.4 33997.3 32182.4 33273.4 34056.9 30752.5 30457.2 47438.4
threshold=661.0208442166371 738.99900000000014 1.5000000000000002 4.5000000000000009 20.500000000000004 738.31506866571647 2.5000000000000004 861.47870555939869 626.14902020966554 115.56250000000004 2.8500000000000001 5.1250000000000009 1684.5335746687654 1396.0509075000002 1302.6886666666669 1.5000000000000002 21.500000000000004 0.55000000000000016 31.850000000000005 29.500000000000004 1195.9603952755604 1047.0954852455152 17.500000000000004 0.45000000000000007 1305.7515372755602 4.3916666666666684 54.759999999999955 10.608333333333336 16.175000000000004 6.5000000000000009
decision_type=2 2 2 2 2 2 2 2 2 2 2 2 2 2 2 2 2 2 2 2 2 2 2 2 2 2 2 2 2 2
left_child=8 2 -2 -4 7 6 -3 -5 -1 12 -11 -12 13 14 17 -16 -14 18 19 -7 21 -15 24 -22 -17 -26 -27 -19 -21 -30
right_child=1 5 3 4 -6 9 -8 -9 -10 10 11 -13 16 20 15 22 -18 27 -20 28 23 -23 -24 -25 25 26 -28 -29 29 -31
leaf_value=-1.1061717301022773 -0.096974410829887073 0.13360466561107726 0.85295297987452767 0.024395323704811747 0.60315685389130003 -0.045411568500984031 -0.56758005845826121 -1.3304086173345384 -0.17380528612392088 0.053683349324814403 0.40331947900835541 -1.7121947507858277 -0.19501189429251301 3.2062289279440175 0.053362292488246914 -0.15402094591171184 -1.1734324583097508 0.67410013617208886 0.3526589131185755 0.44853109525261214 0.10744952462274504 0.47215637925223242 -0.21549881657052189 -0.93779888975469372 -1.6071119225025179 -1.1236189057677985 -0.38017165785034501 -0.018619408999922975 0.40395013630347104 -0.42643203686988146
leaf_weight=102 699 324 456 448 318 28724 600 57 418 20651 31 75 1118 23 1898 235 114 358 679 773 5095 144 826 79 115 260 378 290 346 342
leaf_count=102 699 324 456 448 318 28724 600 57 418 20651 31 75 1118 23 1898 235 114 358 679 773 5095 144 826 79 115 260 378 290 346 342
internal_value=-9.44731e-06 0.00282414 0.226522 0.40332 0.154192 -0.00414639 -0.32171 -0.128523 -0.356693 0.000544423 0.047825 -1.09351 -0.0229358 -0.01496 -0.034691 -0.197624 -0.285548 -0.0154981 -0.0234676 -0.0319285 0.115166 0.848705 -0.460232 0.09149 -0.664837 -0.824255 -0.683144 0.364087 0.233156 -0.00882705
internal_weight=65976 65456 1978 1279 823 63478 924 505 520 62554 20757 106 41797 40565 35224 3712 1232 31512 30864 30185 5341 167 1814 5174 988 753 638 648 1461 688
internal_count=65976 65456 1978 1279 823 63478 924 505 520 62554 20757 106 41797 40565 35224 3712 1232 31512 30864 30185 5341 167 1814 5174 988 753 638 648 1461 688
is_linear=0
shrinkage=0.05


Tree=216
num_leaves=31
num_cat=0
split_feature=0 56 38 61 1 1 26 57 63 63 75 2 72 0 29 20 2 7 71 29 42 2 0 71 34 75 69 2 68 2
split_gain=27012.3 37192.2 47322.7 51182.2 34862.4 54366.7 49406.5 45018.1 62181.8 46940.8 44789.4 41756.7 41499.6 41504.4 46126 41840.7 39626.4 68694.5 39311.1 36852.8 49720.6 36010.4 34645.9 66943.9 47281.9 44527.8 65880.1 40206.9 39016.2 55374.5
threshold=2020.5000000000002 1222.1128333333336 93.500000000000014 904.69839983238319 1.5000000000000002 2.5000000000000004 0.95000000000000007 1309.9255000000001 1053.7855813709903 1341.3690000000004 1389.7760000000001 2.5000000000000004 4.0083333333333346 2022.5000000000002 29.500000000000004 1.0000000180025095e-35 5.5000000000000009 1.0000000180025095e-35 3.5750000000000006 97.500000000000014 1.0000000180025095e-35 14.500000000000002 2019.5000000000002 18.858333333333338 90.500000000000014 1389.7760000000001 121.73444444444446 1.5000000000000002 10.412500000000003 4.5000000000000009
decision_type=2 2 2 2 2 2 2 2 2 2 2 2 2 2 2 2 2 2 2 2 2 2 2 2 2 2 2 2 2 2
left_child=1 -1 3 -3 6 12 7 8 11 -9 19 -2 -6 15 -15 -14 17 -7 -19 -10 -21 -17 23 27 25 26 -25 -5 -24 -30
right_child=4 2 -4 22 5 16 -8 9 10 -11 -12 -13 13 14 -16 21 -18 18 -20 20 -22 -23 28 24 -26 -27 -28 -29 29 -31
leaf_value=-0.0073167990872012104 -0.89255621712654831 -2.5774397604522252 -0.69860144764851262 -1.9865791419619008 -0.015095838045350061 -0.031951097182379332 -0.64868842920235226 -0.37082817083363362 0.3719551600993215 0.26817896173148076 2.3844659955186005 0.17357121553920463 -0.2382091835945376 -0.22140460739349144 -0.96127263626834469 -0.59208895050246146 0.054523881047621382 -2.1016235851660006 -0.4951639699716574 1.6242166938084477 0.33451028721975096 1.5169439135202722 0.07574477777760058 0.26536159756338212 -1.8268710111418078 -0.022939141014414417 1.6192832847833634 -0.32223013253246224 0.39809908130327648 -0.53156978597995508
leaf_weight=19920 100 21 369 38 1792 4848 175 564 835 586 34 1126 652 405 439 29 27648 41 535 159 141 67 579 885 31 1631 100 805 184 1237
leaf_count=19920 100 21 369 38 1792 4848 175 564 835 586 34 1126 652 405 439 29 27648 41 535 159 141 67 579 885 31 1631 100 805 184 1237
internal_value=-8.9748e-06 -0.0399327 -0.150428 -0.113724 0.0256291 0.0107508 0.171436 0.211922 0.335389 -0.0452124 0.596297 0.0866114 -0.180132 -0.365902 -0.606241 -0.0947162 0.0302824 -0.0932851 -0.609513 0.54273 1.01805 0.87984 -0.104299 -0.00921452 0.114366 0.13737 0.402816 -0.397254 -0.270223 -0.41119
internal_weight=65976 25800 5880 5511 40176 36456 3720 3545 2395 1150 1169 1226 3384 1592 844 748 33072 5424 576 1135 300 96 5490 3490 2647 2616 985 843 2000 1421
internal_count=65976 25800 5880 5511 40176 36456 3720 3545 2395 1150 1169 1226 3384 1592 844 748 33072 5424 576 1135 300 96 5490 3490 2647 2616 985 843 2000 1421
is_linear=0
shrinkage=0.05


Tree=217
num_leaves=31
num_cat=1
split_feature=74 73 4 74 57 63 13 75 72 37 52 24 68 0 26 10 70 67 72 69 1 0 75 2 56 73 72 73 61 69
split_gain=26455.9 37645.2 33461.2 28890.5 64765.6 81525.1 77455.2 65505.1 52592 59498.1 78652.8 57813.5 57788.5 58575.3 46979 41799.8 41773 39907.5 38780.3 38587.1 40975 37185.5 50258.6 34045.5 36576.7 33705.9 35458.5 51856.2 33235.9 31482.5
threshold=6.5166666666666693 2.2666666666666684 6.5000000000000009 -2.0333333333333306 1256.7745000000002 1193.7757004610501 0 1402.7821666666671 7.9666666666666677 96.500000000000014 1.0000000180025095e-35 0.15000000000000005 11.762500000000005 2024.5000000000002 1.4500000000000002 1.0000000180025095e-35 20.425000000000008 27.362500000000008 21.458333333333339 445.56180555555562 5.5000000000000009 2018.5000000000002 1473.7218785020984 29.500000000000004 1315.5779406475001 1.45 14.466666666666667 -1.9916666666666669 900.99350000000015 222.01000000000002
decision_type=2 2 2 2 2 2 9 2 2 2 2 2 2 2 2 2 2 2 2 2 2 2 2 2 2 2 2 2 2 2
left_child=3 2 -2 15 7 18 -7 8 9 12 11 -11 13 -5 -12 19 -8 -10 23 20 -1 -18 -23 28 -25 26 -22 -28 -6 -29
right_child=1 -3 -4 4 5 6 16 -9 17 10 14 -13 -14 -15 -16 -17 21 -19 -20 -21 25 22 -24 24 -26 -27 27 29 -30 -31
leaf_value=-0.064969510520742541 0.1510437409910329 0.56529752174431314 -0.51628632882541614 0.064835725214312898 -2.1851994695486847 -0.029382863277952566 -2.6171199770704394 1.5935857595388707 -0.041069873203043152 0.3589740590822435 0.073437268528673869 1.0689659908394018 -0.2288510442660141 0.78436603084808654 -1.1545488358608313 2.2296466849066996 -2.3908330908843451 0.57008750320170765 -0.06157923048184373 0.61834655045085174 0.25753078392849987 0.44815125458433736 -1.0744754014620141 -0.38879731262462558 -2.3846081060667834 0.37826885357307272 -0.39705409001827063 0.053444846821545877 -0.41770734024194855 1.5161764190003679
leaf_weight=6002 1358 478 218 5937 27 8698 31 65 24945 1218 1070 375 1712 297 84 22 28 270 723 292 1971 91 134 44 48 983 681 6355 1782 37
leaf_count=6002 1358 478 218 5937 27 8698 31 65 24945 1218 1070 375 1712 297 84 22 28 270 723 292 1971 91 134 44 48 983 681 6355 1782 37
internal_value=-8.5266e-06 0.176621 0.0587354 -0.00568414 -0.0253848 -0.128087 -0.0564616 0.00775027 0.00487962 0.0978006 0.298394 0.52611 0.0284537 0.0991156 -0.0159482 0.0516699 -0.854667 -0.0345257 -0.373264 0.048734 0.0383574 -0.672495 -0.458658 -0.491806 -1.43009 0.100207 0.0699845 0.0177219 -0.444088 0.0619118
internal_weight=65976 2054 1576 63922 47579 11606 8982 35973 35908 10693 2747 1593 7946 6234 1154 16343 284 25215 2624 16321 16029 253 225 1901 92 10027 9044 7073 1809 6392
internal_count=65976 2054 1576 63922 47579 11606 8982 35973 35908 10693 2747 1593 7946 6234 1154 16343 284 25215 2624 16321 16029 253 225 1901 92 10027 9044 7073 1809 6392
cat_boundaries=0 1
cat_threshold=1
is_linear=0
shrinkage=0.05


Tree=218
num_leaves=31
num_cat=1
split_feature=0 57 4 2 0 2 29 14 75 0 24 69 3 59 62 31 37 1 57 40 73 4 3 61 67 57 4 13 4 75
split_gain=25714.4 33571.8 82984 49101.4 61598.6 82902.6 39211.6 34925.5 34690.1 35061.4 32395.5 43557.9 43014.2 60473.4 41681.2 40932.5 39055.4 38551 35008.1 35005.9 32359.4 31896.3 31587.7 38896.7 46747.3 42381.8 38532 34800.8 90978.2 98306
threshold=2023.5000000000002 1857.1380000000001 6.5000000000000009 15.500000000000002 2024.5000000000002 24.500000000000004 1.0000000180025095e-35 2.3500000000000001 2055.8465000000006 2024.5000000000002 0.15000000000000005 106.77777777777781 10.500000000000002 1063.9640871462602 1545.8410000000001 1.0000000180025095e-35 96.500000000000014 8.5000000000000018 1395.8570000000002 88.500000000000014 1.2666666666666666 6.5000000000000009 21.500000000000004 1079.0013751079453 16.987500000000004 1145.1954766687652 1.5000000000000002 0 6.5000000000000009 1533.7430000000002
decision_type=2 2 2 2 2 2 2 2 2 2 2 2 2 2 2 2 2 2 2 2 2 2 2 2 2 2 2 9 2 2
left_child=22 7 3 -3 5 20 8 10 -4 -10 11 -2 17 -14 15 18 -15 -12 21 -17 -5 -13 27 25 26 -24 -25 28 29 -1
right_child=1 2 6 4 -6 -7 -8 -9 9 -11 12 14 13 16 -16 19 -18 -19 -20 -21 -22 -23 23 24 -26 -27 -28 -29 -30 -31
leaf_value=-0.37349994909852591 0.0038672076211205583 -0.42534376439373811 -0.9619776129621912 0.73615540040967364 0.8969386377106322 -1.0192910166027456 0.25599006291698007 -0.77518602691145033 -3.8033748133429164 -1.1892687763856804 0.28916648936571265 -0.034561693926836244 2.1017857917967966 0.015393381036522956 0.66579508537676935 0.41287633322024464 1.0648331974126115 -1.0844263386486896 -0.50213470039968822 0.0062152813497239525 -0.87871128245181329 0.80361638086085974 -0.028593334587823066 -0.99793469806116419 -0.012093810297510811 0.86661501013456965 -0.32492836484229576 0.00239162655686356 0.77213438942986123 -3.2800739256540936
leaf_weight=960 7771 454 74 192 235 156 34 117 29 23 189 810 68 202 439 1552 158 70 351 803 37 132 1400 251 1150 146 1393 46574 176 30
leaf_count=960 7771 454 74 192 235 156 34 117 29 23 189 810 68 202 439 1552 158 70 351 803 37 132 1400 251 1150 146 1393 46574 176 30
internal_value=-8.32277e-06 0.0604221 -0.188524 -0.0302657 0.259033 -0.130337 -1.25084 0.0846837 -1.65744 -2.64714 0.0927032 0.0733635 0.426517 0.734286 0.205503 0.150112 0.475981 -0.0820748 -0.0759218 0.274214 0.475238 0.08289 -0.0161324 -0.145281 -0.256627 0.0559477 -0.427681 -0.0043916 -0.273016 -0.461578
internal_weight=65976 13896 1234 1074 620 385 160 12662 126 52 12545 11858 687 428 4087 3648 360 259 1293 2355 229 942 52080 4340 2794 1546 1644 47740 1166 990
internal_count=65976 13896 1234 1074 620 385 160 12662 126 52 12545 11858 687 428 4087 3648 360 259 1293 2355 229 942 52080 4340 2794 1546 1644 47740 1166 990
cat_boundaries=0 1
cat_threshold=178
is_linear=0
shrinkage=0.05


Tree=219
num_leaves=31
num_cat=0
split_feature=68 57 62 61 57 61 57 59 62 75 63 72 2 72 57 63 63 75 73 63 66 8 37 3 68 65 5 61 4 66
split_gain=25709 40270.1 54809.4 53736.4 45980.3 43603.7 55294.6 65554.2 58112.9 65110.6 48714.8 47292.6 45538.4 56822.2 72777.9 63084.5 55431.2 62883.1 50546.6 50417 47542.8 40262.2 65536 40132.6 39732.1 37993.2 71443.8 55257.5 52524.2 37711.3
threshold=36.487500000000004 1684.5335746687654 1408.9237319689053 1265.2616052755602 1584.2335 1168.1749388573801 1077.0421816130354 996.96900000000016 1078.7400000000002 930.26044845696072 1223.0053133893302 29.875000000000004 3.5000000000000004 11.41666666666667 1269.7405000000001 1098.0077309458152 968.05700000000013 948.28598493837103 -2.0999999999999921 828.45151540001905 9.6750000000000025 1.0000000180025095e-35 36.500000000000007 10.500000000000002 25.612500000000008 1.0000000180025095e-35 1.0000000180025095e-35 1002.8899887414251 1.5000000000000002 19.608333333333338
decision_type=2 2 2 2 2 2 2 2 2 2 2 2 2 2 2 2 2 2 2 2 2 2 2 2 2 2 2 2 2 2
left_child=1 2 5 4 -4 11 7 8 -7 -10 -8 12 29 14 16 20 17 -14 -18 -19 23 25 -23 -16 -3 27 -27 28 -20 -1
right_child=-2 24 3 -5 -6 6 10 -9 9 -11 -12 -13 13 -15 15 -17 18 19 21 -21 -22 22 -24 -25 -26 26 -28 -29 -30 -31
leaf_value=-0.23013649980595235 0.33463032205887011 -0.85504783835667786 0.52340225695815545 0.097373574781204508 2.7230650172233584 -1.3731664145865092 -0.14748357182787003 -0.68827438230785354 1.8077558723588785 -0.076883797280615437 0.032120786006212605 0.28081482647070433 0.12079420785261263 -0.036334697907267254 -1.6104514671489598 -0.015235440436336728 0.47760338927093787 -0.75424136711336265 1.3603476419440799 -0.10298870612008043 -2.2004822494553742 -2.6666115176863969 0.78978412449359903 -0.18759884350236108 -0.13042562501933319 -0.1151520917499641 -2.5582695122921106 0.11114939966852438 0.36274149701517006 0.27391268258808921
leaf_weight=2973 569 202 478 6880 25 82 6646 767 48 1013 8741 1649 4175 17421 72 450 1427 360 148 1703 61 32 24 159 2979 321 33 4898 1216 424
leaf_count=2973 569 202 478 6880 25 82 6646 767 48 1013 8741 1649 4175 17421 72 450 1427 360 148 1703 61 32 24 159 2979 321 33 4898 1216 424
internal_value=-7.88807e-06 -0.00291903 0.00595141 0.133847 0.632729 -0.011266 -0.0769512 -0.33069 -0.0907355 0.00837794 -0.0454545 0.0189944 0.00696718 0.0251741 0.0962361 -0.386612 0.121226 0.00920153 0.207509 -0.216634 -0.958939 0.149741 -1.1853 -0.631085 -0.176441 0.161041 -0.3429 0.18953 0.470986 -0.167223
internal_weight=65976 65407 62226 7383 503 54843 17297 1910 1143 1061 15387 37546 35897 32500 15079 742 14337 6238 8099 2063 292 6672 56 231 3181 6616 354 6262 1364 3397
internal_count=65976 65407 62226 7383 503 54843 17297 1910 1143 1061 15387 37546 35897 32500 15079 742 14337 6238 8099 2063 292 6672 56 231 3181 6616 354 6262 1364 3397
is_linear=0
shrinkage=0.05


Tree=220
num_leaves=31
num_cat=0
split_feature=72 1 65 61 63 1 63 62 69 2 15 74 75 73 72 1 4 68 2 3 72 73 2 1 57 70 61 1 2 2
split_gain=25780.4 26121.5 66190.2 64102.4 66870.5 57615 54914.9 58314.9 53486.2 63905.9 61639 59518.8 53277 50230.7 49076.1 60897.6 69473.1 52845.7 50834.2 129921 45967.1 45785.9 45609.9 48838 44433 45090.2 45605.6 49701.1 94483.3 76058.1
threshold=-7.1416666666666648 5.5000000000000009 1.0000000180025095e-35 999.6592288047766 981.93449164625952 6.5000000000000009 1026.2243377755601 945.80610471663715 15.933472222222212 25.500000000000004 1.0000000180025095e-35 -3.616666666666664 1917.7038333333335 -6.2416666666666654 26.191666666666674 11.500000000000002 6.5000000000000009 9.2625000000000046 30.500000000000004 18.500000000000004 4.8916666666666684 -1.2166666666666659 30.500000000000004 7.5000000000000009 1554.0390723893302 11.41666666666667 1228.5954327147103 1.5000000000000002 4.5000000000000009 1.5000000000000002
decision_type=2 2 2 2 2 2 2 2 2 2 2 2 2 2 2 2 2 2 2 2 2 2 2 2 2 2 2 2 2 2
left_child=-1 2 3 4 -2 12 -5 -8 10 11 21 -10 -3 -9 15 17 18 -11 -17 -20 -13 -7 -19 -24 25 26 -15 28 29 -28
right_child=1 5 -4 6 -6 8 7 13 9 14 -12 20 -14 24 -16 16 -18 22 19 -21 -22 -23 23 -25 -26 -27 27 -29 -30 -31
leaf_value=0.48576568220433886 0.015307791628103501 0.1896678412736901 -0.32767561488791408 -0.32616146083623099 0.33289563241205644 -0.31188572891971272 0.66760426536533868 0.62719300023469204 0.44084669847218971 0.4729253217559431 -0.74708752619826968 0.33687112531274976 -1.0570991394163547 0.10078359772874719 -0.528329863961713 -0.39272415146068218 0.62175253743900827 -0.14046145863696319 -0.6516277623542569 -4.3497162342071531 0.0339472794385519 -0.020145395476314987 -0.38155146722089162 1.073972887304907 -0.70334294208862491 -0.20614395425098819 -0.464587840395914 -0.25869761486082199 -0.06638416138442764 1.4403610889762639
leaf_weight=272 8144 5673 1847 1987 2081 1684 281 261 1075 604 360 1358 87 5058 663 718 144 1901 114 30 16095 6678 88 167 274 3791 71 2627 1643 200
leaf_count=272 8144 5673 1847 1987 2081 1684 281 261 1075 604 360 1358 87 5058 663 718 144 1901 114 30 16095 6678 88 167 274 3791 71 2627 1643 200
internal_value=-7.49409e-06 -0.00201849 -0.0383021 -0.0180707 0.0799435 0.0253742 -0.0799614 -0.0455252 -0.00107428 0.0389714 -0.106478 0.0797583 0.170836 -0.0599159 -0.131654 -0.06182 -0.394852 0.0595676 -0.564679 -1.42206 0.0575175 -0.0788982 -0.0562339 0.571674 -0.0730405 -0.0601426 -0.00248129 -0.117503 0.0762891 0.941279
internal_weight=65976 65704 28265 26418 10225 37439 16193 14206 31679 22957 8722 18528 5760 13925 4429 3766 1006 2760 862 144 17453 8362 2156 255 13664 13390 9599 4541 1914 271
internal_count=65976 65704 28265 26418 10225 37439 16193 14206 31679 22957 8722 18528 5760 13925 4429 3766 1006 2760 862 144 17453 8362 2156 255 13664 13390 9599 4541 1914 271
is_linear=0
shrinkage=0.05


Tree=221
num_leaves=31
num_cat=1
split_feature=3 3 4 0 63 3 4 61 57 61 19 71 73 33 3 57 14 60 42 3 4 13 3 4 3 41 68 57 1 75
split_gain=24511.8 45188.5 74484 161232 161242 129476 116026 62924.4 75785.3 131840 50379.6 68243.3 63940.8 65820.4 60536.4 56713.1 54827.9 54231.3 59132.6 77888.6 77663.8 113915 89610.1 80981.5 68589.3 67890.5 86123.9 67523.6 76536.5 65711.8
threshold=1.5000000000000002 8.5000000000000018 1.5000000000000002 2022.5000000000002 1023.3026744930302 5.5000000000000009 2.5000000000000004 755.62100324551409 932.80045380477657 983.31050000000016 1.0000000180025095e-35 0.31666666666666671 3.533333333333335 87.500000000000014 19.500000000000004 1047.0954852455152 2.7500000000000004 851.58650000000011 0.29166666650000006 21.500000000000004 6.5000000000000009 0 11.500000000000002 1.5000000000000002 16.500000000000004 99.500000000000014 31.912500000000009 1212.6650000000002 1.5000000000000002 1383.6600000000003
decision_type=2 2 2 2 2 2 2 2 2 2 2 2 2 2 2 2 2 2 2 2 2 9 2 2 2 2 2 2 2 2
left_child=-1 2 3 5 -5 -2 7 -4 9 -9 17 -12 13 -13 15 -15 -16 -3 20 -20 21 22 23 -19 -22 26 27 28 -24 -28
right_child=1 10 6 4 -6 -7 -8 8 -10 -11 11 12 -14 14 16 -17 -18 18 19 -21 24 -23 25 -25 -26 -27 29 -29 -30 -31
leaf_value=0.10106192781167961 -0.40306799456383768 0.20327417601014297 1.0340852892595875 -0.52133569729400608 -2.1707256349856441 0.45242019208299733 -0.091627748397138678 0.15607620932902092 0.60397550933356881 -1.2659914562647527 1.1719497520183118 -0.038553288096902845 -0.89118565037432651 1.1508825325822407 0.046524884261774473 0.38241134040632135 -1.9286310721384852 0.85370132889056594 0.18792709735409885 -0.073502396939374201 -0.42446014864493575 -0.58763344969284592 0.75494465557167256 0.13054761823448932 0.10423650905149882 0.29118682579483685 0.93424061664864433 -0.30615433736817133 -0.087756963331422438 0.081912382779127546
leaf_weight=5499 1032 3062 242 761 184 774 13741 1560 767 182 168 1809 144 296 466 1271 38 433 6602 5012 2418 851 283 3655 822 1264 250 4398 5623 2369
leaf_count=5499 1032 3062 242 761 184 774 13741 1560 767 182 168 1809 144 296 466 1271 38 433 6602 5012 2418 851 283 3655 822 1264 250 4398 5623 2369
internal_value=-7.11921e-06 -0.00919704 -0.0724645 -0.31332 -0.842487 -0.0364302 -0.0322878 0.26411 0.189844 0.00750198 0.0203285 0.184617 0.143396 0.181793 0.374263 0.527572 -0.102396 0.00173618 -0.0164248 0.0751077 -0.0639549 -0.0256066 0.000885978 0.207144 -0.290328 -0.0585468 -0.0927543 -0.157829 -0.0473769 0.163272
internal_weight=65976 60477 19243 2751 945 1806 16492 2751 2509 1742 41234 4192 4024 3880 2071 1567 504 37042 33980 11614 22366 19126 18275 4088 3240 14187 12923 10304 5906 2619
internal_count=65976 60477 19243 2751 945 1806 16492 2751 2509 1742 41234 4192 4024 3880 2071 1567 504 37042 33980 11614 22366 19126 18275 4088 3240 14187 12923 10304 5906 2619
cat_boundaries=0 1
cat_threshold=1
is_linear=0
shrinkage=0.05


Tree=222
num_leaves=31
num_cat=1
split_feature=0 61 57 72 2 61 63 69 1 73 1 75 61 72 4 74 2 2 4 60 4 13 75 42 31 3 2 72 37 75
split_gain=25631.1 32997.7 39530.1 35565.1 35155 34129.9 34334.3 32495.6 31476.2 36050.4 65772 32731.3 31614.2 62471.4 47347.2 46726.1 45012.3 37522 49318.7 36472.8 56842.7 63377.3 53140.2 47310.5 47230.7 43093.6 54254.2 39570 39304.6 49125.8
threshold=2023.5000000000002 835.52791928234967 868.09341781638921 11.41666666666667 24.500000000000004 962.88768571663707 1268.1445000000001 160.44444444444454 4.5000000000000009 -5.6416666666666657 10.500000000000002 2055.8465000000006 1265.2616052755602 -2.274999999999999 1.5000000000000002 -0.21666666666666715 18.500000000000004 2.5000000000000004 4.5000000000000009 946.80500000000018 5.5000000000000009 0 923.10599369071451 0.87500000000000011 87.500000000000014 8.5000000000000018 22.500000000000004 12.641666666666669 7.5000000000000009 1003.842405374508
decision_type=2 2 2 2 2 2 2 2 2 2 2 2 2 2 2 2 2 2 2 2 2 9 2 2 2 2 2 2 2 2
left_child=8 3 4 -2 5 7 -7 -3 12 10 -10 -11 13 16 15 -14 -1 18 -16 20 21 -15 -23 25 -21 -22 28 -26 29 -27
right_child=1 2 -4 -5 -6 6 -8 -9 9 11 -12 -13 14 19 17 -17 -18 -19 -20 24 23 22 -24 -25 27 26 -28 -29 -30 -31
leaf_value=0.77376210799585299 1.0290736263328577 -0.46977799197458137 0.062712016591399508 0.19701182092456215 0.43095319951100958 -1.4306200967471403 0.66159683828768534 0.65786219239234933 -1.1248273746277158 0.017321150089679164 0.23971107685204709 -1.5347936532076669 -1.1745084727323858 -0.029859232936659742 1.0448784669451681 -0.18373057735817774 -0.057576589993864516 -0.19520584406999231 -0.55619625718626264 -0.10349919656678706 -1.0710049033155122 -0.57877245488232132 -2.9965492281046782 -0.099906384064133116 0.19159875253911568 -2.8156855317049252 0.47935734667639801 -0.45238531325806597 -0.38670531115531925 -0.38124240286648275
leaf_weight=393 167 334 12478 556 126 133 23 79 190 34891 165 34 238 3769 141 238 278 2172 73 4499 378 73 33 624 3162 43 138 258 250 40
leaf_count=393 167 334 12478 556 126 133 23 79 190 34891 165 34 238 3769 141 238 278 2172 73 4499 378 73 33 624 3162 43 138 258 250 40
internal_value=-1.12167e-05 0.0603212 0.0422706 0.389203 -0.324734 -0.492075 -1.12215 -0.254079 -0.0161091 0.0107144 -0.490605 0.0158101 -0.0724386 -0.0413579 -0.223802 -0.67912 0.429333 -0.132968 0.498717 -0.0651638 -0.166044 -0.0655418 -1.21669 -0.430435 0.00296464 -0.673368 -0.354245 0.143017 -0.699701 -1.64246
internal_weight=65976 13896 13173 723 695 569 156 413 52080 35280 355 34925 16800 13938 2862 476 671 2386 214 13267 5348 3875 106 1473 7919 849 471 3420 333 83
internal_count=65976 13896 13173 723 695 569 156 413 52080 35280 355 34925 16800 13938 2862 476 671 2386 214 13267 5348 3875 106 1473 7919 849 471 3420 333 83
cat_boundaries=0 1
cat_threshold=1
is_linear=0
shrinkage=0.05


Tree=223
num_leaves=31
num_cat=1
split_feature=0 59 4 37 67 71 0 1 2 75 71 74 3 4 1 73 70 0 9 4 75 70 61 3 32 3 61 13 3 28
split_gain=24625.7 34790.8 41606.7 41800.4 35654.8 36837.7 64908 48867 38635 40944.9 40925.7 34295.6 57525.2 45895.9 42708.1 34762.5 34233.6 38042.7 33639.6 32864.4 41417.5 34848.3 46047 32529.5 64625.9 74364.7 61797.8 76332.5 64404.3 60084.6
threshold=2020.5000000000002 1183.62583442869 1.5000000000000002 38.500000000000007 -9.2874999999999996 20.425000000000008 2019.5000000000002 7.5000000000000009 1.5000000000000002 1563.4390000000001 6.991666666666668 2.558333333333334 12.500000000000002 5.5000000000000009 3.5000000000000004 2.2666666666666684 29.866666666666671 2022.5000000000002 1.0000000180025095e-35 5.5000000000000009 1445.0857697511119 20.191666666666674 1217.22962827993 12.500000000000002 96.500000000000014 20.500000000000004 928.74282987135609 0 1.5000000000000002 81.500000000000014
decision_type=2 2 2 2 2 2 2 2 2 2 2 2 2 2 2 2 2 2 2 2 2 2 2 2 2 2 2 9 2 2
left_child=1 -1 -3 4 -4 8 -7 -8 10 -10 -6 23 15 14 -14 19 17 -16 -9 -13 -21 -22 -23 26 -25 -26 -2 28 -28 -30
right_child=11 2 3 -5 5 6 7 18 9 -11 -12 12 13 -15 16 -17 -18 -19 -20 20 21 22 -24 24 25 -27 27 -29 29 -31
leaf_value=-0.0013227858355174865 0.062407541409279926 -0.55270646042942118 2.0952125945687294 -0.27554373918611857 -2.9870950121879578 0.23920000303457437 -0.64576991193813005 -0.027776687500476838 -0.11040755948436654 -1.43516290353947 -0.50101023450189708 0.24519849143195019 0.19264275696986016 0.25816369413358681 -0.029203999125886532 0.52972853784110507 0.45332436996504549 -0.60898061149991034 2.006742995125907 0.15482255915250304 -1.0426262544897886 1.9798329417904217 -0.30417582866783344 0.0069477369588385619 0.44280368857910091 -0.14060961843556016 0.059475325602155064 0.75774447158603198 -0.14981283664626319 -0.49733129395088399
leaf_weight=18404 7178 539 20 2209 25 2078 438 625 1331 61 49 3276 504 754 420 742 123 867 21 846 156 24 274 13065 1916 764 2506 225 4865 1671
leaf_count=18404 7178 539 20 2209 25 2078 438 625 1331 61 49 3276 504 754 420 742 123 867 21 846 156 24 274 13065 1916 764 2506 225 4865 1671
internal_value=-1.08823e-05 -0.0381302 -0.129721 -0.0964714 -0.0113658 -0.0204695 0.0755824 -0.238068 -0.227643 -0.168461 -1.3409 0.0244683 0.117216 -0.0722435 -0.202404 0.212266 -0.343612 -0.419776 0.0383609 0.160789 -0.0519215 -0.437176 -0.120229 0.00145867 0.0528268 0.276487 -0.0477229 -0.133027 -0.155859 -0.23866
internal_weight=65976 25800 7396 6857 4648 4628 3162 1084 1466 1392 74 40176 7986 2668 1914 5318 1410 1287 646 4576 1300 454 298 32190 15745 2680 16445 9267 9042 6536
internal_count=65976 25800 7396 6857 4648 4628 3162 1084 1466 1392 74 40176 7986 2668 1914 5318 1410 1287 646 4576 1300 454 298 32190 15745 2680 16445 9267 9042 6536
cat_boundaries=0 1
cat_threshold=131
is_linear=0
shrinkage=0.05


Tree=224
num_leaves=31
num_cat=0
split_feature=71 60 4 75 62 71 75 67 75 31 56 72 69 68 63 61 72 1 74 0 57 75 4 3 0 4 72 61 3 73
split_gain=23822.2 64642.8 41497.2 43773.5 38574.6 62101.5 37245.2 44210.5 42917.8 40964.8 44753.6 35793.5 36944.5 35187.4 33558.5 58998.2 49842.7 49093.6 70389.1 47467.7 47445.5 67919.9 56404.9 49593.4 45342.5 59944.2 50512.6 44290.6 61528.4 44071.2
threshold=29.441666666666674 1684.1925788398953 5.5000000000000009 1320.6728333333338 1801.2262358709902 23.541666666666671 1611.0641042860404 30.362500000000008 1383.6600000000003 43.500000000000007 1333.0138626135804 20.775000000000006 327.91180555555565 37.037500000000009 1350.6800000000001 1123.8204905832051 29.875000000000004 9.5000000000000018 1.9499999999999997 2020.5000000000002 1269.7405000000001 1129.0018333333335 2.5000000000000004 7.5000000000000009 2019.5000000000002 1.5000000000000002 1.5250000000000004 996.54229427993107 16.500000000000004 -1.683333333333336
decision_type=2 2 2 2 2 2 2 2 2 2 2 2 2 2 2 2 2 2 2 2 2 2 2 2 2 2 2 2 2 2
left_child=1 4 3 -2 6 -6 7 14 9 -9 -11 -3 -13 -5 15 16 20 18 -17 -18 21 -1 23 -23 25 -19 -26 28 -24 -25
right_child=2 11 -4 13 5 -7 -8 8 -10 10 -12 12 -14 -15 -16 17 19 24 -20 -21 -22 22 27 29 26 -27 -28 -29 -30 -31
leaf_value=-0.0075135040545045335 0.59349341661874522 -0.84658559563777824 0.37582659053798356 -0.075198685576320631 0.014997974442318082 1.0489571945071876 -0.27515657867220589 0.47237962879240514 0.14161865007865682 1.2083932558695476 3.9771715113520623 -0.27124481011678697 1.0896407129959418 1.3203656646868458 0.094325455545047107 -0.22477862439463159 0.069277627061608546 -1.0930007171817124 0.035678833187069568 0.67616180119729496 -0.41224153971564803 0.18642061195603693 0.25955592343758527 3.6577904825625214 0.70292629306694054 -0.084034709983147451 0.060486398284873559 0.0423765293498191 1.2470986101139396 1.2234114700678698
leaf_weight=27440 295 273 1125 2496 400 228 1236 125 447 54 20 1218 52 46 7767 8570 772 178 3720 553 653 101 863 23 333 851 3769 2078 193 97
leaf_count=27440 295 273 1125 2496 400 228 1236 125 447 54 20 1218 52 46 7767 8570 772 178 3720 553 653 101 863 23 333 851 3769 2078 193 97
internal_value=-4.59545e-06 -0.00759876 0.118861 0.0169621 0.000555691 0.390384 -0.00353522 0.00219317 0.413541 1.02434 1.95671 -0.327176 -0.215524 -0.0499446 -0.00239148 -0.0173574 0.0221649 -0.0917081 -0.145942 0.322566 0.00950806 0.0184512 0.230812 1.00284 0.0381953 -0.258569 0.11264 0.176371 0.440044 1.69
internal_weight=65976 62014 3962 2837 60471 628 59843 58607 646 199 74 1543 1270 2542 57961 50194 32773 17421 12290 1325 31448 30795 3355 221 5131 1029 4102 3134 1056 120
internal_count=65976 62014 3962 2837 60471 628 59843 58607 646 199 74 1543 1270 2542 57961 50194 32773 17421 12290 1325 31448 30795 3355 221 5131 1029 4102 3134 1056 120
is_linear=0
shrinkage=0.05


Tree=225
num_leaves=31
num_cat=1
split_feature=72 4 56 71 4 60 69 67 75 61 9 32 66 57 63 13 40 0 3 1 37 1 57 62 72 75 27 58 73 0
split_gain=24424.1 25015.5 43224 23517.3 46395.4 42693.3 41543.7 39150.2 54455.6 41432.9 54895 51919.7 31238.2 30819.5 70202.7 71393 76689 61773 47119.9 46930.4 44321.3 44184.4 42473.7 42389.8 40813.7 58823.3 57964.1 43080.4 42536.7 39737.1
threshold=-5.8416666666666641 2.5000000000000004 1535.9240000000004 31.850000000000005 5.5000000000000009 1768.0641068709901 327.91180555555565 30.362500000000008 1383.6600000000003 1312.1720000000003 1.0000000180025095e-35 20.500000000000004 33.69166666666667 1290.4402397147103 1163.4670576958904 0 1.0000000180025095e-35 2020.5000000000002 16.500000000000004 5.5000000000000009 1.0000000180025095e-35 7.5000000000000009 1524.5447482922852 1586.5365000000002 3.1416666666666671 1389.7760000000001 1.0000000180025095e-35 1395.7175000000004 4.9666666666666686 2022.5000000000002
decision_type=2 2 2 2 2 2 2 2 2 2 2 2 2 2 2 9 2 2 2 2 2 2 2 2 2 2 2 2 2 2
left_child=1 2 -1 5 12 7 -7 13 9 11 -11 -9 -5 24 20 16 23 -17 -18 -19 -15 -21 -23 -16 25 26 29 -26 -28 -2
right_child=3 -3 -4 4 -6 6 -8 8 -10 10 -12 -13 -14 14 15 17 18 19 -20 21 -22 22 -24 -25 27 -27 28 -29 -30 -31
leaf_value=0.15151973898212115 -0.032373454006371989 0.50362696874066504 -2.3208256483078005 -0.0065301376485379691 0.61990615359029255 -0.31231381040790374 1.0179720804339549 -0.045211719280039829 0.12668093587813889 3.1707052611723179 0.53275630030977106 2.3060624720156193 1.8940543174743654 -0.031818900803988269 -1.210120897293091 -0.22890489814668524 -4.7097724210648311 -0.11834694807247977 -1.3602914106278192 0.35781243191550116 -0.56117705743295054 0.15506912463769817 -0.21511846292942144 1.4285476744822834 -0.0054439278930793616 2.4422420263290405 0.6917561754521786 1.2359405611428833 -1.4157423667907716 0.33531296081519851
leaf_weight=90 2662 436 22 1251 444 1549 61 108 1177 41 38 30 22 613 45 2568 21 2656 21 1609 1114 2577 1108 23 43986 28 566 70 25 1015
leaf_count=90 2662 436 22 1251 444 1549 61 108 1177 41 38 30 22 613 45 2568 21 2656 21 1609 1114 2577 1108 23 43986 28 566 70 25 1015
internal_value=-4.36551e-06 0.332409 -0.33412 -0.00278853 0.179813 -0.0077096 -0.261912 -0.00111928 0.260865 0.988676 1.90182 0.465935 0.0263158 -0.00713517 -0.0776124 -0.0295677 -1.24225 -0.0156891 -3.03503 0.0531638 -0.373281 0.139211 0.0437617 -0.31763 0.0108733 0.157981 0.142996 -0.00347151 0.602606 0.0691228
internal_weight=65976 548 112 65428 1717 63711 1610 62101 1394 217 79 138 1273 60707 12355 10628 110 10518 42 7950 1727 5294 3685 68 48352 4296 4268 44056 591 3677
internal_count=65976 548 112 65428 1717 63711 1610 62101 1394 217 79 138 1273 60707 12355 10628 110 10518 42 7950 1727 5294 3685 68 48352 4296 4268 44056 591 3677
cat_boundaries=0 1
cat_threshold=130
is_linear=0
shrinkage=0.05


Tree=226
num_leaves=31
num_cat=0
split_feature=0 2 14 7 2 2 1 2 7 7 2 73 1 70 63 61 70 1 2 57 61 4 73 70 57 66 40 73 72 70
split_gain=23051.4 42863 98691.3 56430.8 81440.4 54700.7 112824 98313.7 84414.5 68068.8 70251.7 56364.7 59378.9 68167.4 51493.5 46710 43805.1 59632.4 70574.1 42678.5 56112 42549.8 42253.7 40755.1 39953.2 46915.1 39822.4 38871.6 38592.7 47641.1
threshold=2024.5000000000002 19.500000000000004 1.0000000180025095e-35 1.0000000180025095e-35 2.5000000000000004 26.500000000000004 6.5000000000000009 24.500000000000004 1.0000000180025095e-35 1.0000000180025095e-35 28.500000000000004 -0.40000000000000013 6.5000000000000009 16.858333333333338 1105.4016244538154 1880.4845000000003 11.541666666666668 3.5000000000000004 1.5000000000000002 2175.3095000000008 1914.4940000000004 2.5000000000000004 0.58333333333333759 8.2750000000000039 1722.4245000000003 29.866666666666671 3.5000000000000004 0.53333333333333366 17.408333333333339 6.9000000000000012
decision_type=2 2 2 2 2 2 2 2 2 2 2 2 2 2 2 2 2 2 2 2 2 2 2 2 2 2 2 2 2 2
left_child=19 2 3 4 -2 6 8 -8 14 11 -11 -7 13 -13 -3 -14 17 -4 23 -1 -21 -16 24 -19 25 -6 -22 -23 29 -24
right_child=1 5 16 -5 22 9 7 -9 -10 10 -12 12 15 -15 21 -17 -18 18 -20 20 26 27 28 -25 -26 -27 -28 -29 -30 -31
leaf_value=-0.0065304551859362587 0.87976337355375289 -0.34086784471011905 0.3627912443001633 -0.64780492325811545 0.12349633403186409 0.63894957404373076 0.93531110140184559 3.612755368153254 1.3238775446730351 -0.40679088210066161 -3.7199195822079982 -0.40099944149454436 -2.8695524407757653 1.4210434731208919 1.2108588420025266 -0.24410561430267991 -0.51683757130169505 -1.7544398924708369 2.2706028500976774 -3.1925957647236913 -1.0801274225297497 0.6818488691332778 -0.13489124363992192 1.3317046600839366 -0.67736594164447428 2.2343973146544562 0.84418937399983407 -0.39538741854120452 -0.02063614480951919 -1.1365946137230352
leaf_weight=60720 225 374 230 430 1048 283 120 48 168 48 24 231 36 66 131 32 66 20 115 22 82 169 215 23 157 27 40 166 395 265
leaf_count=60720 225 374 230 430 1048 283 120 48 168 48 24 231 36 66 131 32 66 20 115 22 82 169 215 23 157 27 40 166 395 265
internal_value=-4.14759e-06 0.101975 -0.00919246 -0.121489 -0.0244414 0.290537 0.500678 1.7003 0.300742 -0.0526925 -1.51117 0.10936 -0.301253 0.00389898 0.0961144 -1.63405 0.673988 0.876551 1.62443 -0.00856942 -0.868333 0.446825 -0.120999 -0.103711 0.0677 0.176514 -0.449204 0.148054 -0.386686 -0.687915
internal_weight=65976 5112 3216 2762 2332 1896 1176 168 1008 720 72 648 365 297 840 68 454 388 158 60864 144 466 2107 43 1232 1075 122 335 875 480
internal_count=65976 5112 3216 2762 2332 1896 1176 168 1008 720 72 648 365 297 840 68 454 388 158 60864 144 466 2107 43 1232 1075 122 335 875 480
is_linear=0
shrinkage=0.05


Tree=227
num_leaves=31
num_cat=1
split_feature=63 61 62 75 4 4 75 60 4 3 74 68 59 61 63 72 74 10 57 63 13 2 75 59 62 75 72 31 61 69
split_gain=22829.5 39543.7 46777 56469.1 51441.4 44070.5 39293.4 32330.6 41101.4 46551.8 33561.1 31289.1 30542.9 27296.3 26689 26325.7 24380.9 38043.7 35689.8 66256 69075.1 49032.7 48459.6 53324.3 41063.5 36193.3 35064.2 34251 33722.9 33051
threshold=661.0208442166371 750.40205910503767 959.70623693549112 901.19995297144362 1.5000000000000002 2.5000000000000004 767.52033333333338 781.69337841060064 5.5000000000000009 18.500000000000004 4.06666666666667 1.7875000000000005 822.33981500800212 816.09252230477716 1032.4692791767652 19.108333333333341 -2.0333333333333306 1.0000000180025095e-35 1290.4402397147103 1209.5365228323851 0 29.500000000000004 1389.7760000000001 1353.4983379930302 1452.0795000000003 1383.6600000000003 21.225000000000005 95.500000000000014 1211.9602525000003 445.56180555555562
decision_type=2 2 2 2 2 2 2 2 2 2 2 2 2 2 2 2 2 2 2 2 9 2 2 2 2 2 2 2 2 2
left_child=15 2 3 4 -2 -6 13 8 11 10 -10 -8 -7 -3 -12 -1 17 29 24 21 28 -20 -22 -24 25 -18 -26 -23 -21 -9
right_child=1 6 -4 -5 5 12 7 16 9 -11 14 -13 -14 -15 -16 -17 18 -19 19 20 22 27 23 -25 26 -27 -28 -29 -30 -31
leaf_value=-0.7083631549458036 -0.11181806087461583 -0.10065224577082728 1.2805165499293558 -0.94120663912700753 1.089298449696037 0.12339898487593984 0.84407173635190347 0.034098338192787916 -0.67390822045932153 1.5278349875527271 0.65838286094729181 0.19522398592678281 0.66487770725194728 -0.50911170877290068 -1.0149767689647213 0.0045104988999124891 -0.01127380872623588 2.124592049555345 -0.29225143597055986 0.39041612928464886 0.29224609985299738 -0.80777525505075209 -2.9759832350413005 -0.79333351375283423 0.17057830032247764 0.89322197797062164 0.96086065092634776 -2.7540287623181943 -0.044577037743765757 0.57747706601069426
leaf_weight=244 807 1299 96 112 193 909 203 15476 314 34 103 2193 365 597 31 276 30690 22 2160 472 46 77 45 74 572 111 186 32 7952 285
leaf_count=244 807 1299 96 112 193 909 203 15476 314 34 103 2193 365 597 31 276 30690 22 2160 472 46 77 45 74 572 111 186 32 7952 285
internal_value=-3.94014e-06 0.00261757 0.198373 0.154833 0.208816 0.385197 -0.00509776 0.00186091 0.165449 -0.255833 -0.391201 0.250197 0.278532 -0.229265 0.271262 -0.329992 -0.00622853 0.0468243 -0.025969 -0.10416 -0.0406779 -0.344465 -1.0239 -1.61871 0.000933024 -0.00801421 0.3645 -1.37915 -0.0201802 0.043924
internal_weight=65976 65456 2482 2386 2274 1467 62974 61078 2878 482 448 2396 1274 1896 134 520 58200 15783 42417 10858 8589 2269 165 119 31559 30801 758 109 8424 15761
internal_count=65976 65456 2482 2386 2274 1467 62974 61078 2878 482 448 2396 1274 1896 134 520 58200 15783 42417 10858 8589 2269 165 119 31559 30801 758 109 8424 15761
cat_boundaries=0 1
cat_threshold=9
is_linear=0
shrinkage=0.05


Tree=228
num_leaves=31
num_cat=0
split_feature=68 57 62 75 65 0 37 68 71 2 57 33 63 72 40 1 61 9 59 71 59 0 71 32 60 39 3 72 71 21
split_gain=22349.8 37024.5 53496.2 39594.9 79015.1 49856.5 38683.4 46329.2 43498.9 38174.5 36227.8 48266.6 57256.4 37351.3 77272 36214.6 35177.3 34375.6 30775.4 33190 30173.7 27676.8 37902.4 31892.7 44205.1 31440.4 65899.8 50645.6 38352 31958.1
threshold=35.562500000000007 1636.1535000000001 1545.8410000000001 1402.7821666666671 1.0000000180025095e-35 2020.5000000000002 22.500000000000004 30.312500000000007 32.808333333333344 26.500000000000004 1436.2430000000002 5.5000000000000009 1530.1452658709902 24.041666666666671 3.5000000000000004 7.5000000000000009 1661.8235000000002 1.0000000180025095e-35 1927.8894575000002 30.833333333333339 1290.3917927755601 2023.5000000000002 28.991666666666674 5.5000000000000009 1421.4720000000002 99.500000000000014 11.500000000000002 1.5250000000000004 3.5750000000000006 1.0000000180025095e-35
decision_type=2 2 2 2 2 2 2 2 2 2 2 2 2 2 2 2 2 2 2 2 2 2 2 2 2 2 2 2 2 2
left_child=1 2 21 4 -4 17 8 -8 18 -10 11 12 15 14 20 -6 -2 -5 -3 -20 -14 -1 25 24 -24 29 -27 -28 -29 -23
right_child=16 6 3 5 10 -7 7 -9 9 -11 -12 -13 13 -15 -16 -17 -18 -19 19 -21 -22 22 23 -25 -26 26 27 28 -30 -31
leaf_value=-0.021320385876678151 0.62253619225791645 -0.07593899090814106 0.15565879421310197 -0.19985686510245793 1.8211844711200051 0.2545143917804823 -0.89819941627052813 -0.15155032293441206 0.54279042044439896 -0.52377259805798537 0.16458904562104082 3.6764644091779539 2.5922770255804064 0.97239316664044828 0.56939940585030457 -0.53531484720962386 -0.00047839803199142578 -1.8840074129402637 -0.94794622332880951 -0.050934720667632855 5.2756602720780812 -0.0048624949214888004 -1.0989145227380701 2.1162507794674155 0.8210545789026007 -0.072090842236081767 1.7841276616612569 -1.2151059116829526 0.53084493227547314 0.38810045238652013
leaf_weight=47401 369 1851 597 570 23 1404 346 520 434 104 72 22 20 63 27 56 587 32 233 185 22 8726 37 34 158 750 79 33 671 550
leaf_count=47401 369 1851 597 570 23 1404 346 520 434 104 72 22 20 63 27 56 587 32 233 185 22 8726 37 34 158 750 79 33 671 550
internal_value=-3.74319e-06 -0.00353248 0.00569971 0.215009 0.49015 0.0912919 -0.15773 -0.449865 -0.067602 0.336615 1.14487 1.4478 1.21542 1.85261 2.65629 0.150755 0.239995 -0.28938 -0.163445 -0.550944 3.99786 -0.0047158 0.06659 0.703141 0.456753 0.053104 0.262868 0.58371 0.449003 0.0184374
internal_weight=65976 65020 61347 2908 902 2006 3673 866 2807 538 305 233 211 132 69 79 956 602 2269 418 42 58439 11038 229 195 10809 1533 783 704 9276
internal_count=65976 65020 61347 2908 902 2006 3673 866 2807 538 305 233 211 132 69 79 956 602 2269 418 42 58439 11038 229 195 10809 1533 783 704 9276
is_linear=0
shrinkage=0.05


Tree=229
num_leaves=31
num_cat=0
split_feature=68 1 4 66 60 56 37 46 0 2 1 68 68 72 73 5 74 62 71 3 4 61 71 9 57 61 4 4 57 57
split_gain=22497.3 44416 34861.2 38358.5 37935.4 45786.9 40657.4 40997.2 40607.8 45008.3 34183 45519.9 38586.6 45525.6 33847.8 32214.1 35316.4 35815.3 31289.9 31175.6 75410.4 68442.5 63877.7 61151.9 58050.6 56452.8 50002.6 49949.2 44141.2 39518.9
threshold=5.9875000000000016 3.5000000000000004 6.5000000000000009 14.466666666666667 939.38245888932863 1311.4656728625571 95.500000000000014 0.79166666650000017 2019.5000000000002 1.5000000000000002 11.500000000000002 13.137500000000005 8.8375000000000039 8.7750000000000021 1.7500000000000013 1.0000000180025095e-35 -0.14999999999999766 942.07900000000006 0.85000000000000009 5.5000000000000009 1.5000000000000002 738.99900000000014 26.025000000000006 1.0000000180025095e-35 1651.2740000000001 1091.8145000000002 2.5000000000000004 6.5000000000000009 1379.1319211958903 966.78131060503767
decision_type=2 2 2 2 2 2 2 2 2 2 2 2 2 2 2 2 2 2 2 2 2 2 2 2 2 2 2 2 2 2
left_child=-1 2 4 15 -2 6 8 -8 9 -6 12 -12 13 -3 -13 16 -4 -18 -10 20 23 -22 25 24 29 -23 -24 -28 -29 -14
right_child=1 10 3 -5 5 -7 7 -9 18 -11 11 14 19 -15 -16 -17 17 -19 -20 -21 21 22 26 -25 -26 -27 27 28 -30 -31
leaf_value=0.057582582356033245 -0.32443518300201563 0.60362041151209989 -0.092480052355195186 -1.8727495028859094 -2.234072050356096 -0.37634807601583276 0.49561354717018435 -0.089726358978567955 0.75842401599194731 -0.28997001155352747 -0.1145665994039133 -0.55702026450272768 -0.22921007484445446 0.084396754889892733 -2.1866837250334874 0.52164947294071318 -0.20729680969034497 -1.0634301691930614 0.0020960383091456671 0.027971036566905517 0.51906983066404111 -0.074306046599067463 0.83284601079389398 1.3526289686243587 -3.1560293209552768 -0.52590635863699919 -0.047459278792701037 0.21626529642300946 1.5248836943916246 -0.79997503331883602
leaf_weight=13492 1296 569 435 42 31 764 808 475 147 751 2553 132 815 1636 42 100 209 294 1961 30775 553 5007 271 47 20 803 1188 175 102 483
leaf_count=13492 1296 569 435 42 31 764 808 475 147 751 2553 132 815 1636 42 100 209 294 1961 30775 553 5007 271 47 20 803 1188 175 102 483
internal_value=-3.55592e-06 -0.0148072 -0.129123 -0.391382 -0.0836816 -0.0204819 0.0446707 0.278905 -0.0593166 -0.367038 0.00370019 -0.167897 0.0147252 0.218382 -0.950387 -0.331443 -0.422391 -0.707701 0.0548381 0.0035653 -0.0757972 -0.0178545 -0.0572024 -0.419591 -0.482788 -0.136722 0.208931 0.0935174 0.698139 -0.441598
internal_weight=65976 52484 7313 1080 6233 4937 4173 1283 2890 782 45171 2727 42444 2205 174 1038 938 503 2108 40239 9464 8099 7546 1365 1318 5810 1736 1465 277 1298
internal_count=65976 52484 7313 1080 6233 4937 4173 1283 2890 782 45171 2727 42444 2205 174 1038 938 503 2108 40239 9464 8099 7546 1365 1318 5810 1736 1465 277 1298
is_linear=0
shrinkage=0.05


Tree=230
num_leaves=31
num_cat=1
split_feature=3 3 61 75 13 75 68 66 3 75 73 10 4 60 3 33 3 67 57 72 3 4 7 4 60 40 71 57 58 69
split_gain=22745.5 27456.6 54782.9 56501.4 47728.6 63326.8 85007 73882.7 66728.7 63311.9 45483.6 45174 43539.8 96093.1 114823 109215 63585.9 89744 59400.5 58218.9 54926.3 140898 111977 104344 102943 74966.5 115567 68684.4 90163.6 55526.5
threshold=22.500000000000004 18.500000000000004 1002.8899887414251 1094.2841142791485 0 1240.9358072046537 26.762500000000006 31.308333333333337 16.500000000000004 1105.6700485080003 2.4666666666666686 1.0000000180025095e-35 5.5000000000000009 1089.7799638323852 14.500000000000002 52.500000000000007 6.5000000000000009 6.6125000000000016 1402.1595000000002 34.291666666666679 6.5000000000000009 1.5000000000000002 1.0000000180025095e-35 2.5000000000000004 1066.7200089147202 51.500000000000007 20.191666666666674 912.28400796193557 1012.9157411958901 42.141805555555543
decision_type=2 2 2 2 9 2 2 2 2 2 2 2 2 2 2 2 2 2 2 2 2 2 2 2 2 2 2 2 2 2
left_child=1 4 3 -3 5 6 9 8 -7 10 -1 -4 20 16 19 -16 -14 18 -18 -15 21 27 24 -23 -22 26 -26 28 -6 -27
right_child=-2 2 11 -5 12 7 -8 -9 -10 -11 -12 -13 13 14 15 -17 17 -19 -20 -21 22 23 -24 -25 25 29 -28 -29 -30 -31
leaf_value=-0.0029084521375382366 -0.14082542685287722 0.24584892724483121 0.0448642701317329 1.3150846496135706 -0.21913249859191414 -2.0955005361991268 1.2671825291854997 0.2397139570897534 0.064832765267541018 -1.4130421761252465 -1.4749552052794843 2.0559135764837264 -0.020604595763568649 0.1538742305087234 -0.43723079263974018 0.36472591503618257 -0.57663316209355941 -0.16320709766415442 -2.0900551641688625 1.3431401865822929 0.22965894406103982 0.29841759965563291 -0.28626124609164266 -0.061649540977774336 -0.24200518363794093 -0.077629956916810572 0.12516148711486039 -0.68639970396730354 2.6947167290581597 0.3817199207823368
leaf_weight=661 2748 467 10333 168 1587 140 98 84 48 109 57 28 2736 5163 1765 559 1393 2785 68 105 9535 2681 1968 8064 4495 996 4096 1074 27 1938
leaf_count=661 2748 467 10333 168 1587 140 98 84 48 109 57 28 2736 5163 1765 559 1393 2785 68 105 9535 2681 1968 8064 4495 996 4096 1074 27 1938
internal_value=-3.37805e-06 0.006117 0.0779278 0.528733 -0.00900077 -0.319764 -0.125224 -0.993096 -1.54393 -0.290226 -0.11977 0.050299 -0.00164901 -0.0746966 0.0484262 -0.244333 -0.208576 -0.3297 -0.647073 0.177578 0.0275487 -0.0528016 0.0744197 0.0281913 0.108124 0.007575 -0.0669482 -0.376562 -0.170388 0.225785
internal_weight=65976 63228 10996 635 52232 1197 925 272 188 827 718 10361 51035 14574 7592 2324 6982 4246 1461 5268 36461 13433 23028 10745 21060 11525 8591 2688 1614 2934
internal_count=65976 63228 10996 635 52232 1197 925 272 188 827 718 10361 51035 14574 7592 2324 6982 4246 1461 5268 36461 13433 23028 10745 21060 11525 8591 2688 1614 2934
cat_boundaries=0 1
cat_threshold=146
is_linear=0
shrinkage=0.05


Tree=231
num_leaves=31
num_cat=1
split_feature=3 4 61 0 4 4 57 61 3 61 34 72 19 71 61 33 60 44 3 4 13 3 4 9 41 68 57 1 61 3
split_gain=23317 139952 56906.8 42824.5 36273.2 49232.4 31986.3 27957.4 27258.1 70926 72794.9 55687.5 44068.1 62383.7 51653.4 50946.6 47457.9 50666.6 68476.6 63342.7 97661.9 76401.4 65083.3 60976.5 55137.8 72017.8 69464.5 68480.1 54667.7 62449.7
threshold=1.0000000180025095e-35 1.5000000000000002 1068.8021243709902 2022.5000000000002 2.5000000000000004 6.5000000000000009 983.90350000000012 989.9788993047772 8.5000000000000018 983.31050000000016 2.5000000000000004 26.850000000000005 1.0000000180025095e-35 2.5250000000000008 1154.9957978323853 91.500000000000014 851.58650000000011 0.29166666650000006 21.500000000000004 6.5000000000000009 0 11.500000000000002 1.5000000000000002 1.0000000180025095e-35 99.500000000000014 30.962500000000009 1212.6650000000002 1.5000000000000002 1661.8235000000002 16.500000000000004
decision_type=2 2 2 2 2 2 2 2 2 2 2 2 2 2 2 2 2 2 2 2 9 2 2 2 2 2 2 2 2 2
left_child=1 2 -1 7 6 -6 -5 -3 9 11 -11 -2 16 -14 15 -15 -10 19 -19 20 21 22 -18 28 25 26 27 -23 29 -21
right_child=8 3 -4 4 5 -7 -8 -9 12 10 -12 -13 13 14 -16 -17 17 18 -20 23 -22 24 -24 -25 -26 -27 -28 -29 -30 -31
leaf_value=-0.33688291491229394 -0.024335025252632272 0.34582496820005398 -1.6495088715295669 0.26035184374322062 0.2195655178739172 1.2871042938185511 1.8841991036125785 -0.079288748348791321 0.18891721167273157 -0.073051175399953566 -0.42759568293578926 0.29052670328417268 0.77883054347378977 0.061833487999759199 -0.043644528932673454 0.63340220128631464 0.76890146798963988 0.17521981588019464 -0.070488325801779467 -0.37948921216442777 -0.54404021845508177 0.71319483427829311 0.12060653917079922 1.4175864239908615 0.25860427060818419 0.12192208444157958 -0.31520588734879262 -0.082679694286922956 -1.3006829212838422 0.1428146948244878
leaf_weight=275 13830 776 118 46 540 135 89 771 3062 4454 2145 1563 384 829 2243 736 433 6530 5012 2308 858 284 3655 53 1269 3136 3957 5595 129 761
leaf_count=275 13830 776 118 46 540 135 89 771 3062 4454 2145 1563 384 829 2243 736 433 6530 5012 2308 858 284 3655 53 1269 3136 3957 5595 129 761
internal_value=-3.20894e-06 0.142523 -0.731005 0.288173 0.582709 0.433073 1.33089 0.133955 -0.00620235 -0.051156 -0.188296 0.00763593 0.0177735 0.171427 0.110176 0.330635 0.000384775 -0.0166042 0.0685235 -0.0603935 -0.025813 -0.00125675 0.189274 -0.264483 -0.055951 -0.0867228 -0.153245 -0.044233 -0.29236 -0.249977
internal_weight=65976 2750 393 2357 810 675 135 1547 63226 21992 6599 15393 41234 4192 3808 1565 37042 33980 11542 22438 19187 18329 4088 3251 14241 12972 9836 5879 3198 3069
internal_count=65976 2750 393 2357 810 675 135 1547 63226 21992 6599 15393 41234 4192 3808 1565 37042 33980 11542 22438 19187 18329 4088 3251 14241 12972 9836 5879 3198 3069
cat_boundaries=0 1
cat_threshold=1
is_linear=0
shrinkage=0.05


Tree=232
num_leaves=31
num_cat=0
split_feature=74 61 63 59 57 57 4 3 4 75 61 4 75 61 75 57 58 75 61 57 0 61 62 59 57 75 63 4 1 57
split_gain=22401.5 26169.3 53667.8 51728.9 68823.9 48894.8 45192.4 92838.4 90714.9 86788.3 93923.2 70225.5 69809.2 57372.4 54027.1 47048.9 89721.2 45964.5 72958.9 47559.7 45896.8 44835.2 43698.5 40993.3 40852.4 41191.6 52438.8 40409.2 38981.2 38245.6
threshold=7.0500000000000034 1094.4546671079452 1228.7154556123153 1247.2875000000001 1287.1944950832053 1145.1954766687652 3.5000000000000004 7.5000000000000009 1.5000000000000002 1122.0046666666669 999.6592288047766 1.5000000000000002 1026.2756002620276 799.91615021663711 786.36913741207366 912.28400796193557 1012.9157411958901 823.0164526256184 928.74282987135609 819.36171377865605 2022.5000000000002 1060.929190526145 1039.4788812770453 717.10275140001852 717.10275140001852 915.48766666666677 1041.8956544689051 2.5000000000000004 5.5000000000000009 884.37650000000019
decision_type=2 2 2 2 2 2 2 2 2 2 2 2 2 2 2 2 2 2 2 2 2 2 2 2 2 2 2 2 2 2
left_child=1 3 24 6 5 -5 7 11 9 10 20 15 -12 14 -13 16 -1 -15 -19 -20 28 -7 -4 -8 -3 26 -26 -6 -9 -27
right_child=-2 2 22 4 27 21 23 8 -10 -11 12 13 -14 17 -16 -17 -18 18 19 -21 -22 -23 -24 -25 25 29 -28 -29 -30 -31
leaf_value=-0.12660260434417392 0.22220617102567661 -2.3110996064685643 1.003513127738344 0.12548133907523468 -1.7792452053696086 0.98863978721899459 -0.48287057483014828 1.068985719018001 0.11178391832134345 2.7248621684809526 -0.094439256189522591 0.27478978880508464 0.93853830589258935 -0.21539334749611375 1.2626899894274539 -0.56646565062935894 2.888256374359131 0.45981134646402355 -1.3895649824124665 -0.025577575625542432 0.22381499438419603 0.17794813406490631 0.013181055843854953 -0.023761607954209479 -1.1237869771463531 -0.72769877751988754 1.3242742710709572 -0.14476364531786248 2.2354501789642707 -0.10129020997033943
leaf_weight=1913 1115 21 112 648 44 507 501 259 2229 48 538 1025 235 1425 160 698 25 1042 67 1385 110 257 20438 16467 28 248 100 269 99 13963
leaf_count=1913 1115 21 112 648 44 507 501 259 2229 48 538 1025 235 1425 160 698 25 1042 67 1385 110 257 20438 16467 28 248 100 269 99 13963
internal_value=-7.17175e-06 -0.00382715 -0.0332446 0.0304609 0.296265 0.444961 0.0142166 0.0918884 0.304862 0.638742 0.558054 -0.00491284 0.219597 0.103321 0.408177 -0.214483 -0.0877112 0.0111411 0.140576 -0.0885164 1.11709 0.715933 0.0185785 -0.0373173 -0.107406 -0.104179 0.788761 -0.374531 1.39156 -0.112222
internal_weight=65976 64861 34910 29951 1725 1412 28226 11258 3518 1289 1241 7740 773 5104 1185 2636 1938 3919 2494 1452 468 764 20550 16968 14360 14339 128 313 358 14211
internal_count=65976 64861 34910 29951 1725 1412 28226 11258 3518 1289 1241 7740 773 5104 1185 2636 1938 3919 2494 1452 468 764 20550 16968 14360 14339 128 313 358 14211
is_linear=0
shrinkage=0.05


Tree=233
num_leaves=31
num_cat=1
split_feature=0 75 57 61 62 3 75 39 3 17 1 71 19 57 54 0 2 75 14 67 69 2 64 13 70 35 72 75 68 58
split_gain=22300.1 32322.6 31289.9 39538.6 53334.9 49199.5 77846.8 63363.3 62552.3 44005.3 43520.3 40374.3 70645.1 54614.8 45770.1 40333.3 46784.8 39086.4 37726 42223.4 36964.7 36162.6 40964.1 33675.2 64453.4 42961.4 42447.8 60125.2 32617.7 32051.5
threshold=2020.5000000000002 1672.5867764930301 717.10275140001852 871.26400000000001 911.55450000000008 9.5000000000000018 911.96518964625955 1.0000000180025095e-35 2.5000000000000004 1.3500000000000003 4.5000000000000009 1.9416666666666671 1.0000000180025095e-35 1379.1319211958903 0.79166666650000017 2024.5000000000002 29.500000000000004 836.72533333333342 0.15000000000000005 -2.6124999999999994 152.52250000000001 4.5000000000000009 1.0000000180025095e-35 0 9.4750000000000032 68.500000000000014 9.6750000000000025 962.50130000000013 5.262500000000002 1044.0039623573803
decision_type=2 2 2 2 2 2 2 2 2 2 2 2 2 2 2 2 2 2 2 2 2 2 2 9 2 2 2 2 2 2
left_child=1 -1 -2 4 -4 7 -7 10 20 -10 -5 12 13 18 21 -12 -17 -6 19 -8 -9 22 -15 -13 25 -25 -26 -28 -23 -29
right_child=2 -3 3 5 17 6 11 8 9 -11 15 23 -14 14 -16 16 -18 -19 -20 -21 -22 28 -24 24 26 -27 27 29 -30 -31
leaf_value=-0.03250421504653575 -0.40967753150976166 -0.86545065170169888 0.094572618112583384 -0.22244866691682921 -0.15303670747129069 1.0837493720881188 1.0235231239209202 -0.13423391823206307 -0.2897174934567015 -1.1389680455788038 0.05084335801529969 0.029391137929696737 1.2097724498662337 -2.9314312175468165 0.6324890560547638 0.59585421601000488 -1.4309569509824118 0.77071144042673423 1.9656050095687043 0.19588475149942428 0.31087783858908336 -0.076727455112175005 -0.28694699928164485 -0.38819051307180658 -2.1485702819361978 2.6061146643161774 1.8410682618618013 -1.856615411026298 -1.2286368814931401 -0.39613039648348047
leaf_weight=25683 413 117 4371 1286 146 181 187 1356 3270 160 4206 20530 176 27 157 559 30 531 37 876 711 562 32 23 49 25 24 53 69 129
leaf_count=25683 413 117 4371 1286 146 181 187 1356 3270 160 4206 20530 176 27 157 559 30 531 37 876 711 562 32 23 49 25 24 53 69 129
internal_value=-6.81343e-06 -0.0362815 0.0232879 0.0277849 0.158534 0.00877227 0.0508794 -0.0753728 -0.198399 -0.329333 0.0358382 0.0427355 0.250454 0.163736 -0.138048 0.10511 0.492621 0.571498 0.39611 0.341481 0.0188742 -0.313374 -1.49713 0.0215678 -0.493199 1.17134 -0.825866 -0.511242 -0.202689 -0.821436
internal_weight=65976 25800 40176 39763 5048 34715 23137 11578 5497 3430 6081 22956 2123 1947 847 4795 589 677 1100 1063 2067 690 59 20833 303 48 255 206 631 182
internal_count=65976 25800 40176 39763 5048 34715 23137 11578 5497 3430 6081 22956 2123 1947 847 4795 589 677 1100 1063 2067 690 59 20833 303 48 255 206 631 182
cat_boundaries=0 1
cat_threshold=139
is_linear=0
shrinkage=0.05


Tree=234
num_leaves=31
num_cat=0
split_feature=68 1 56 4 60 66 61 1 69 68 60 72 30 0 69 25 0 0 68 2 30 64 73 57 73 73 37 73 67 2
split_gain=21870.9 41180.7 30501 31580 38031.8 34701.1 60733.1 30113.6 41155.9 34506.5 40821.1 32478.6 30145 41320.4 29245.5 40340.8 32571.2 55405.3 50324.9 44414.3 39776 36639.2 33655.1 34455.2 36967.2 32826.4 32171.4 28794.3 50476.2 28099.8
threshold=5.9875000000000016 3.5000000000000004 1508.6661666666669 6.5000000000000009 939.38245888932863 10.725000000000003 1108.7574114458153 11.500000000000002 33.446944444444433 8.8375000000000039 925.70963391709461 9.4750000000000032 42.500000000000007 2024.5000000000002 120.26777777777779 0.45000000000000007 2022.5000000000002 2021.5000000000002 -6.7624999999999993 30.500000000000004 89.500000000000014 1.0000000180025095e-35 -0.33333333333333254 1524.5447482922852 2.5166666666666684 0.85000000000000042 96.500000000000014 -0.83333333333333115 7.4875000000000016 15.500000000000002
decision_type=2 2 2 2 2 2 2 2 2 2 2 2 2 2 2 2 2 2 2 2 2 2 2 2 2 2 2 2 2 2
left_child=14 2 3 4 -2 -5 -7 9 -9 10 -3 12 -12 -14 15 -1 17 18 -16 20 -19 -22 -18 24 -24 -25 -23 28 -10 -11
right_child=1 7 -4 5 -6 6 -8 8 27 29 11 -13 13 -15 16 -17 22 19 -20 -21 21 26 23 25 -26 -27 -28 -29 -30 -31
leaf_value=0.41621001046726996 -0.31111954000065634 -0.0014037008152217743 -1.1081247879144474 -0.20368110682335369 -0.0063056776456433955 -0.52218702514310955 -2.5602434759790249 -0.82178996957979322 -0.082415785756063675 -0.039495904846517021 0.36727554606843804 0.19732436048462451 0.86230366670873748 2.6870491896020741 1.2552908177690947 2.7746973037719727 0.30094726395578775 -0.33684989178982383 0.044914230288350489 -1.8266596444817478 0.38452637884498503 1.1408797706876483 -0.0084893084191490394 0.45802440678669232 0.53281304116759987 -0.91184620138412054 -1.0258585266849047 -0.20134474031523603 0.90831214765256107 0.04408223244560918
leaf_weight=194 1296 1142 78 815 4864 216 44 215 477 19773 232 624 169 38 87 20 2132 1467 6659 43 418 21 1745 59 385 169 93 1859 176 20466
leaf_count=194 1296 1142 78 815 4864 216 44 215 477 19773 232 624 169 38 87 20 2132 1467 6659 43 418 21 1745 59 385 169 93 1859 176 20466
internal_value=-6.24974e-06 -0.0146023 -0.124676 -0.114074 -0.0704353 -0.364133 -0.867089 0.00321828 -0.157842 0.0135663 0.206155 0.42914 0.758645 1.19728 0.0567724 0.636629 0.0474269 -0.00854863 0.0605239 -0.236738 -0.202538 0.16783 0.156984 0.0268196 0.0893517 -0.557362 -0.626723 -0.101015 0.18461 0.00301286
internal_weight=65976 52484 7313 7235 6160 1075 260 45171 2727 42444 2205 1063 439 207 13492 214 13278 8788 6746 2042 1999 532 4490 2358 2130 228 114 2512 653 40239
internal_count=65976 52484 7313 7235 6160 1075 260 45171 2727 42444 2205 1063 439 207 13492 214 13278 8788 6746 2042 1999 532 4490 2358 2130 228 114 2512 653 40239
is_linear=0
shrinkage=0.05


Tree=235
num_leaves=31
num_cat=0
split_feature=57 4 75 72 70 28 75 0 30 57 37 62 2 69 2 73 75 72 40 0 61 7 57 63 61 65 4 3 75 61
split_gain=21984.6 43065.2 45555.6 43470.8 41655.7 38956.5 42874.6 42985.6 37829.2 32365.8 66036.5 44554.2 32169.3 31850.7 31338.8 31186.2 30881.7 28823 66792.4 44167.8 37605.1 45940.5 49189.3 45626.5 71573.7 43605.9 38735.2 123700 86208.2 83285.9
threshold=1857.1380000000001 6.5000000000000009 2055.8465000000006 25.408333333333335 29.191666666666674 4.5000000000000009 2152.7256666666667 2024.5000000000002 51.500000000000007 1524.5447482922852 12.500000000000002 1545.8410000000001 28.500000000000004 97.680277777777832 24.500000000000004 2.2666666666666684 1372.4351936632754 3.1416666666666671 81.500000000000014 2024.5000000000002 1094.4546671079452 1.0000000180025095e-35 950.00128827555864 866.76450000000011 854.49650000000008 1.0000000180025095e-35 1.5000000000000002 7.5000000000000009 1122.0046666666669 973.17294921471012
decision_type=2 2 2 2 2 2 2 2 2 2 2 2 2 2 2 2 2 2 2 2 2 2 2 2 2 2 2 2 2 2
left_child=4 5 14 -4 9 6 -2 -8 -6 11 15 17 -9 -7 -3 -11 -10 18 -1 -20 23 -22 -23 24 -19 -24 27 -25 29 -29
right_child=1 2 3 -5 8 13 7 12 16 10 -12 -13 -14 -15 -16 -17 -18 20 19 -21 21 22 25 26 -26 -27 -28 28 -30 -31
leaf_value=0.011462280742581672 -0.017459759966168605 0.045716827428131775 -1.0319461911916734 -3.8294015464328583 0.14187941220908271 -1.7450970144853706 -0.48125730872154238 2.3719258237343568 1.982680795920339 -0.052643704219460699 -0.48990762577840985 0.25725551593119617 0.35702578742057089 -0.31272055346540628 -1.5962793945502014 0.73615424042581612 0.50661119543429878 0.015314662569416722 0.31673657738061678 1.3951460993392211 -0.045690460568747752 -1.3582096530331507 -0.2007403731176218 -0.17530740811247728 -0.28321495498345428 -1.7493616687490587 0.045189809060968228 1.233558284872436 2.6929735254496339 0.25934934956952932
leaf_weight=5373 923 114 41 21 2720 42 35 52 47 2166 1023 1696 32 511 39 133 144 8077 1373 102 19855 108 1384 857 2672 47 15243 303 48 795
leaf_count=5373 923 114 41 21 2720 42 35 52 47 2166 1023 1696 32 511 39 133 144 8077 1373 102 19855 108 1384 857 2672 47 15243 303 48 795
internal_value=-5.93722e-06 -0.171856 -0.836141 -1.97947 0.00484162 -0.0823126 0.0977021 0.990932 0.189643 -0.00394062 -0.155717 0.00476258 1.60434 -0.421509 -0.372831 -0.00701077 0.869833 -0.00285212 0.0932785 0.391311 -0.016181 -0.0660893 -0.32926 0.0219593 -0.0588942 -0.251604 0.0723532 0.279069 0.61886 0.528188
internal_weight=65976 1810 215 62 64166 1595 1042 119 2911 61255 3322 57933 84 553 153 2299 191 56237 6848 1475 49389 21394 1539 27995 10749 1431 17246 2003 1146 1098
internal_count=65976 1810 215 62 64166 1595 1042 119 2911 61255 3322 57933 84 553 153 2299 191 56237 6848 1475 49389 21394 1539 27995 10749 1431 17246 2003 1146 1098
is_linear=0
shrinkage=0.05


Tree=236
num_leaves=31
num_cat=0
split_feature=3 71 62 75 33 62 61 65 1 73 63 4 75 56 1 75 67 1 73 73 0 75 9 32 72 57 63 21 72 3
split_gain=21580 26686 24987.3 23877 43941.4 38580.8 46627.3 58742.3 54612.2 36028.4 40485.4 58491.1 41911 39035.1 37231.4 33839.5 60196.5 71127.1 55422.3 40994.2 43364.7 40230.7 44465.5 36801.1 34011.6 32036.8 53139.6 34878.8 33704.6 37998.4
threshold=22.500000000000004 29.866666666666671 1167.2309901135802 1672.5867764930301 37.500000000000007 1408.9237319689053 1292.5560000000003 1.0000000180025095e-35 7.5000000000000009 2.6166666666666689 1818.6935000000001 1.5000000000000002 1917.7038333333335 1921.5421666666668 7.5000000000000009 1415.9757679422271 25.587500000000006 8.5000000000000018 -1.5166666666666646 1.0499999999999956 2023.5000000000002 1358.0430000000003 1.0000000180025095e-35 68.500000000000014 19.841666666666672 1290.4402397147103 1173.7645000000002 0.25000000000000006 31.850000000000005 8.5000000000000018
decision_type=2 2 2 2 2 2 2 2 2 2 2 2 2 2 2 2 2 2 2 2 2 2 2 2 2 2 2 2 2 2
left_child=3 2 -2 5 9 25 7 -7 -9 10 12 13 -5 -12 -13 16 -8 18 -18 20 23 22 -20 -17 -21 28 27 -27 29 -1
right_child=1 -3 -4 4 -6 6 15 8 -10 -11 11 14 -14 -15 -16 19 17 -19 21 24 -22 -23 -24 -25 -26 26 -28 -29 -30 -31
leaf_value=-0.037678044813917316 -0.068900754574119885 0.29431295426862097 -0.39977416169956898 -0.11923325207539862 -1.3186702753702801 0.22028400032971607 0.11316335451861517 2.2183673777958242 0.55253106215438708 1.1513379953409497 0.66732027510004333 0.41533287319085421 -0.63099886101953107 2.8157675971984863 -0.22554060954611008 -0.17773429099887161 3.8349220001697542 -0.013930810263873142 2.6922010983918505 -0.066885772693026285 0.25836514306592256 0.31333663268014789 0.82610902916377693 -1.3194104011540544 0.56366818410278174 -0.27435096125771791 -0.014836644198994782 -1.4339541058598171 0.32018881854200865 0.055078397793225264
leaf_weight=22237 1516 317 915 1595 75 523 2331 82 123 57 137 332 534 25 714 2134 20 172 58 387 618 96 71 73 478 2017 5458 67 884 21930
leaf_count=22237 1516 317 915 1595 75 523 2331 82 123 57 137 332 534 25 714 2134 20 172 58 387 618 96 71 73 478 2017 5458 67 884 21930
internal_value=-5.6403e-06 -0.137172 -0.193438 0.00595587 -0.121572 0.0133588 0.122197 0.501478 1.21887 -0.0951186 -0.11641 0.114794 -0.247595 0.998871 -0.0221276 0.0793079 0.212143 0.765429 1.31257 -0.0196162 -0.111834 1.08836 1.66513 -0.215497 0.281559 -0.00147072 -0.0968469 -0.311632 0.0144962 0.00837781
internal_weight=65976 2748 2431 63228 3469 59759 7166 728 205 3394 3337 1208 2129 162 1046 6438 2748 417 245 3690 2825 225 129 2207 865 52593 7542 2084 45051 44167
internal_count=65976 2748 2431 63228 3469 59759 7166 728 205 3394 3337 1208 2129 162 1046 6438 2748 417 245 3690 2825 225 129 2207 865 52593 7542 2084 45051 44167
is_linear=0
shrinkage=0.05


Tree=237
num_leaves=31
num_cat=0
split_feature=0 61 4 2 2 69 57 57 34 4 2 71 73 2 61 57 4 37 75 1 1 2 31 0 37 2 67 72 57 63
split_gain=22299.5 31675.2 46122.3 44017.3 38924.4 58455.8 63039.8 53886.8 48368.7 51048.7 74401.8 46298.6 37278.4 36533.1 46381.1 36455.9 31848.1 30871.3 29349.5 28918.2 48421.9 41966.3 49937.3 38595.7 68820.1 53617.2 40891.1 35086.1 42041.2 48815.4
threshold=2020.5000000000002 1165.3556614972752 1.5000000000000002 17.500000000000004 4.5000000000000009 43.780277777777755 1142.8155000000004 1028.2628322147102 7.5000000000000009 2.5000000000000004 2.5000000000000004 19.608333333333338 -0.36666666666666597 27.500000000000004 1365.3949667510403 1395.8570000000002 3.5000000000000004 11.500000000000002 1639.1330000000003 1.5000000000000002 2.5000000000000004 15.500000000000002 98.500000000000014 2021.5000000000002 93.500000000000014 7.5000000000000009 -1.2874999999999994 6.7916666666666687 1309.9255000000001 1148.0353765554903
decision_type=2 2 2 2 2 2 2 2 2 2 2 2 2 2 2 2 2 2 2 2 2 2 2 2 2 2 2 2 2 2
left_child=1 -1 3 12 5 6 11 -7 9 10 -9 -4 -3 14 -5 -12 -11 -18 -6 21 23 27 -23 24 -21 -25 -26 28 29 -2
right_child=19 2 4 13 18 7 -8 8 -10 16 15 -13 -14 -15 -16 -17 17 -19 -20 20 -22 22 -24 25 26 -27 -28 -29 -30 -31
leaf_value=0.0010163962405302677 0.32136035972472393 -1.1196964112595 -3.2993550164946193 0.62124743511892644 -0.094928989806010333 3.0030829644203187 0.057324769921802188 -0.5180379009246826 -0.0015761151881172109 -0.55135998135166508 4.379274085851816 -0.56097551764863907 -0.37060591453178365 -0.65911336361303841 -0.61236187710955337 1.6137560400095854 0.53709781900411702 2.3068212558483259 -0.72031356375088407 -0.042749279310236449 0.028171185548058648 0.18771971654890435 -0.34127402404838425 0.13289219568347715 2.2935252617164092 -0.38206034940888334 0.26118219753106436 0.093538374288196113 0.14451982074172703 1.2565394160709018
leaf_weight=17754 264 271 29 243 5692 20 148 20 390 56 26 33 429 169 111 22 164 29 194 572 33072 1215 705 672 55 2040 45 840 400 296
leaf_count=17754 264 271 29 243 5692 20 148 20 390 56 26 33 429 169 111 22 164 29 194 572 33072 1215 705 672 55 2040 45 840 400 296
internal_value=-5.35844e-06 -0.0362795 -0.118575 -0.40133 -0.0678925 0.231426 -0.503378 0.44368 0.371279 0.829996 2.04416 -1.84183 -0.660611 -0.0543006 0.234438 3.11174 0.498416 0.803015 -0.115541 0.023289 0.00973838 0.156085 -0.00652017 -0.170406 0.168816 -0.254461 1.37897 0.329531 0.536024 0.815669
internal_weight=65976 25800 8046 1223 6823 937 210 727 707 317 68 62 700 523 354 48 249 193 5886 40176 36456 3720 1920 3384 672 2712 100 1800 960 560
internal_count=65976 25800 8046 1223 6823 937 210 727 707 317 68 62 700 523 354 48 249 193 5886 40176 36456 3720 1920 3384 672 2712 100 1800 960 560
is_linear=0
shrinkage=0.05


Tree=238
num_leaves=31
num_cat=1
split_feature=72 1 65 61 63 1 60 69 2 15 74 7 72 1 4 2 3 68 63 62 73 2 1 67 73 4 7 72 73 13
split_gain=21703.7 24832.2 62495.3 61857.2 50770.9 49129.9 49353.9 45333.1 56751.6 55031.1 47024.1 43412.9 42386.8 50485.6 62766.4 43451.7 116412 43281.9 41787.8 50254.3 43681.3 40994.1 43547 40587.1 60057.1 49678.3 41837.5 40529 40087.8 40065.4
threshold=-7.1416666666666648 5.5000000000000009 1.0000000180025095e-35 999.6592288047766 981.93449164625952 6.5000000000000009 1970.6030000000003 15.933472222222212 25.500000000000004 1.0000000180025095e-35 -3.616666666666664 1.0000000180025095e-35 26.191666666666674 11.500000000000002 6.5000000000000009 30.500000000000004 18.500000000000004 9.2625000000000046 1026.2243377755601 935.50850000000003 -6.2416666666666654 30.500000000000004 7.5000000000000009 -0.12499999999999985 -4.5916666666666641 4.5000000000000009 1.0000000180025095e-35 28.775000000000006 -1.2166666666666659 0
decision_type=2 2 2 2 2 2 2 2 2 2 2 2 2 2 2 2 2 2 2 2 2 2 2 2 2 2 2 2 2 9
left_child=-1 2 3 4 11 6 27 9 10 28 -9 -2 13 17 15 -15 -17 -10 29 -20 -21 -19 -23 -4 25 -25 -26 -3 -7 -5
right_child=1 5 23 18 -6 7 -8 8 12 -11 -12 -13 -14 14 -16 16 -18 21 19 20 -22 22 -24 24 26 -27 -28 -29 -30 -31
leaf_value=0.44570757339105893 -0.028813939675530333 0.12724417543067773 0.68260116432017348 -0.3460102512750387 0.29912260383551476 -0.28855258536829526 -1.1603694463627681 0.39669518489113381 0.42602413776932002 -0.70190205289047702 0.055969035757361667 0.28264015986360863 -0.49214083428296568 -0.36425995452199483 0.60447230458052625 -0.58663950087992767 -4.0872013950347901 -0.13271678686426117 0.645878916176298 0.57969584771257132 -0.073282553768872286 -0.35768735164945781 1.0167328176205743 -0.7120516108701358 -0.51691715835580021 -3.5639621672722011 -0.0072101269005818876 0.54507487902826657 -0.015568687596149464 0.61939875365331254
leaf_weight=272 6805 5034 96 1881 2081 1684 70 1075 604 360 17453 1339 663 718 144 114 30 1901 256 261 13689 88 167 37 1025 26 663 656 6678 106
leaf_count=272 6805 5034 96 1881 2081 1684 70 1075 604 360 17453 1339 663 718 144 114 30 1901 256 261 13689 88 167 37 1025 26 663 656 6678 106
internal_value=-5.09018e-06 -0.00185024 -0.0372271 -0.0175685 0.078714 0.0248579 0.159182 0.000434509 0.0373019 -0.0966034 0.0757381 0.0223939 -0.12349 -0.0585889 -0.361817 -0.523239 -1.31592 0.0519355 -0.0783656 -0.048326 -0.0610655 -0.0528649 0.542423 -0.318408 -0.373289 -1.88903 -0.316718 0.175416 -0.0705442 -0.293133
internal_weight=65976 65704 28265 26418 10225 37439 5760 31679 22957 8722 18528 8144 4429 3766 1006 862 144 2760 16193 14206 13950 2156 255 1847 1751 63 1688 5690 8362 1987
internal_count=65976 65704 28265 26418 10225 37439 5760 31679 22957 8722 18528 8144 4429 3766 1006 862 144 2760 16193 14206 13950 2156 255 1847 1751 63 1688 5690 8362 1987
cat_boundaries=0 1
cat_threshold=1
is_linear=0
shrinkage=0.05


Tree=239
num_leaves=31
num_cat=1
split_feature=2 48 5 0 67 1 3 15 0 73 57 63 67 71 70 30 3 41 13 4 75 63 2 75 73 3 61 75 3 29
split_gain=21471.4 30419.5 46129.2 47861.1 56127.8 46175.6 76332.6 24012.6 23948.1 28715.9 30359.3 41930.8 43768.2 39602.9 39404 36274.9 28692.3 33023.3 29728.6 75857.8 75189.9 52903.7 74736.8 74004.4 69203 59361.4 38428.2 41510.8 34146.9 27731.1
threshold=1.5000000000000002 0.29166666650000006 1.0000000180025095e-35 2018.5000000000002 6.1125000000000016 1.5000000000000002 11.500000000000002 0.8500000000000002 2023.5000000000002 4.0166666666666693 1793.1225000000002 1818.6935000000001 35.112500000000004 32.808333333333344 29.191666666666674 31.500000000000004 21.500000000000004 95.500000000000014 0 6.5000000000000009 1533.7430000000002 1664.1516493709903 15.500000000000002 1311.2050000000002 0.083333333333334161 17.500000000000004 1360.7755000000002 1122.0046666666669 6.5000000000000009 1.0000000180025095e-35
decision_type=2 2 2 2 2 2 2 2 2 2 2 2 2 2 2 2 2 2 9 2 2 2 2 2 2 2 2 2 2 2
left_child=1 2 3 4 -1 6 -5 -7 16 10 14 -12 13 -13 -10 -16 18 -18 19 20 21 22 24 26 -2 -25 27 -24 -21 -28
right_child=8 -3 -4 5 -6 7 -8 -9 9 -11 11 12 -14 -15 15 -17 17 -19 -20 28 -22 -23 23 25 -26 -27 29 -29 -30 -31
leaf_value=-3.4774989875880156 -0.55481184711301235 0.034772581533496036 -2.3421237639018471 -3.4180165614400595 -0.71707778984466497 -0.10975905814051212 -0.047701660472722285 1.3535457907051878 0.085796574711922757 -0.46730584667090436 -0.43589953119586311 -0.20408863659690551 1.8671153471750372 0.64576941316247627 0.3027314902335968 1.491638689746311 -0.072203406723805333 -0.44546522655894755 0.0068067459498173249 -0.3328826691777933 -2.9022105979919437 1.2750966083971744 -0.79330101962892796 -4.9420135593414312 0.73121778702179163 -1.0896974813938141 1.3165477248600552 -3.0198302393374234 1.3936977100786236 -0.94885484820062471
leaf_weight=22 246 1078 28 28 113 843 42 29 11484 249 658 499 34 189 212 92 3484 714 45188 42 30 47 233 20 182 20 35 23 90 22
leaf_count=22 246 1078 28 28 113 843 42 29 11484 249 658 499 34 189 212 92 3484 714 45188 42 30 47 233 20 182 20 35 23 90 22
internal_value=-2.76432e-06 -0.154197 -0.338549 -0.286459 -1.16692 -0.160278 -1.39583 -0.0610941 0.00527376 0.0646351 0.0746938 -0.147195 0.115917 0.0293753 0.10067 0.662532 -0.0105364 -0.135688 0.000841073 -0.268812 -0.443198 -0.354103 -0.452147 -0.990723 -0.00794878 -3.01586 -0.73192 -0.993341 0.844331 0.442182
internal_weight=65976 2183 1105 1077 135 942 70 872 63793 13417 13168 1380 722 688 11788 304 50376 4198 46178 990 858 828 781 353 428 40 313 256 132 57
internal_count=65976 2183 1105 1077 135 942 70 872 63793 13417 13168 1380 722 688 11788 304 50376 4198 46178 990 858 828 781 353 428 40 313 256 132 57
cat_boundaries=0 1
cat_threshold=50
is_linear=0
shrinkage=0.05


Tree=240
num_leaves=31
num_cat=1
split_feature=3 4 62 4 4 56 56 3 61 37 72 65 2 52 19 72 58 60 55 3 4 13 3 4 3 67 75 63 41 2
split_gain=21346.6 122514 53502.2 39520.2 51657.8 43556.6 36748.8 23640.7 62142.5 71440.9 51840.3 44633.5 44233 40702.3 39037.6 55401.6 103355 41729.2 47089.7 58978 54497.7 84523.3 70264.8 56172.4 53729.2 50760.6 70575.9 64356.3 64201.9 44505.4
threshold=1.0000000180025095e-35 1.5000000000000002 1111.0845000000002 2.5000000000000004 6.5000000000000009 1442.9812324689053 1659.2731556225167 8.5000000000000018 1094.4546671079452 32.500000000000007 26.850000000000005 1.0000000180025095e-35 26.500000000000004 0.20833333350000002 1.0000000180025095e-35 6.1416666666666675 1082.1060000000002 851.58650000000011 0.29166666650000006 21.500000000000004 6.5000000000000009 0 11.500000000000002 1.5000000000000002 17.500000000000004 30.087500000000006 1383.6600000000003 1511.7137998927103 99.500000000000014 30.500000000000004
decision_type=2 2 2 2 2 2 2 2 2 2 2 2 2 2 2 2 2 2 2 2 2 9 2 2 2 2 2 2 2 2
left_child=1 2 -1 5 -5 -3 -6 8 10 12 -2 -11 -10 -12 17 16 -16 -9 20 -20 21 22 23 -19 -22 28 27 -27 -24 -28
right_child=7 3 -4 4 6 -7 -8 14 9 11 13 -13 -14 -15 15 -17 -18 18 19 -21 24 -23 25 -25 -26 26 29 -29 -30 -31
leaf_value=-0.35610867781192068 -0.045377310424234103 0.59023003820989695 -1.7287278950855296 0.053005872314746086 0.57093700109120549 2.7079742981837347 2.5902555038531623 0.1768157425503521 -0.0519036059508209 -0.51829812803138908 0.58068790011582205 -1.5891357674271116 -0.58311023697688735 0.094535612834599089 1.1875500815468176 -0.0049637304241496065 0.19624766490429801 0.71804091192816344 0.16534090027759166 -0.062758258030728861 -0.33142428626589743 -0.50784950453436517 -0.13231157963498777 0.11575947256133257 0.24403633823819262 0.81416243714495351 0.048476044160361401 3.8608259484171867 0.24762084583195476 1.432697213490804
leaf_weight=300 15780 367 93 1572 368 26 24 3062 2464 497 540 121 466 2124 315 2286 1591 433 6521 5012 2777 859 10997 3655 475 130 1804 20 1237 60
leaf_count=300 15780 367 93 1572 368 26 24 3062 2464 497 540 121 466 2124 315 2286 1591 433 6521 5012 2777 859 10997 3655 475 130 1804 20 1237 60
internal_value=-2.5742e-06 0.136369 -0.680927 0.272642 0.181057 0.730335 0.694569 -0.00593401 -0.0477987 -0.239431 -0.0109352 -0.727961 -0.136389 0.19308 0.0163944 0.161012 0.360078 2.81736e-05 -0.0159025 0.0662138 -0.0580928 -0.0260256 -0.00317457 0.179553 -0.24737 -0.0556045 0.176996 1.22038 -0.093896 0.0930325
internal_weight=65976 2750 393 2357 1964 393 392 63226 21992 3548 18444 618 2930 2664 41234 4192 1906 37042 33980 11533 22447 19195 18336 4088 3252 14248 2014 150 12234 1864
internal_count=65976 2750 393 2357 1964 393 392 63226 21992 3548 18444 618 2930 2664 41234 4192 1906 37042 33980 11533 22447 19195 18336 4088 3252 14248 2014 150 12234 1864
cat_boundaries=0 1
cat_threshold=1
is_linear=0
shrinkage=0.05


Tree=241
num_leaves=31
num_cat=1
split_feature=68 66 60 73 3 57 44 73 71 33 61 57 20 33 57 65 13 61 70 0 72 61 2 0 28 43 72 1 4 1
split_gain=20671 35866.2 55490.3 43744 55780.9 42502.4 74252.4 57529.1 38767.9 37509.9 37423.8 41244.6 40634.8 35098.8 33904.7 31586.4 50836.2 50641.4 40592.5 35408.4 33271.2 33709.8 40261.2 45972.8 73371.5 46139.9 40776.9 33267.2 49527 41033.1
threshold=5.387500000000002 19.225000000000005 894.58898129228521 0.75833333333333297 1.5000000000000002 1402.1595000000002 0.54166666650000017 3.4333333333333353 19.225000000000005 10.500000000000002 1116.4187840797852 1168.8060002755603 1.0000000180025095e-35 6.5000000000000009 1066.7200089147202 1.0000000180025095e-35 0 884.00055538932804 9.6750000000000025 2021.5000000000002 16.458333333333339 1381.7575000000002 3.5000000000000004 2018.5000000000002 81.500000000000014 0.37500000000000006 5.0083333333333355 3.5000000000000004 6.5000000000000009 11.500000000000002
decision_type=2 2 2 2 2 2 2 2 2 2 2 2 2 2 2 2 9 2 2 2 2 2 2 2 2 2 2 2 2 2
left_child=-1 5 -3 10 -5 15 7 9 -6 -7 11 -4 14 -14 -12 20 18 -18 -17 -19 21 22 23 24 25 -2 -26 28 -24 -29
right_child=1 2 3 4 8 6 -8 -9 -10 -11 12 -13 13 -15 -16 16 17 19 -20 -21 -22 -23 27 -25 26 -27 -28 29 -30 -31
leaf_value=0.058912374619083621 -2.4440542973481216 0.33982243940165552 0.021180129613054578 0.702343196674444 -0.14186656421265995 -1.7753132387002311 0.017312370332161209 -2.3638470155994096 0.15410593031549596 -0.37088903798416717 -0.57540765059929277 0.45973078502802417 -0.10932790745483262 -0.98880290111174463 -0.041529000572403496 -3.2361937761306763 0.068936394645012916 -0.52590662324247539 -0.84028924372461111 0.11858959788878035 -0.11192099271751571 -0.27533871991112674 0.015782955032641554 -0.098721614968037733 1.4696276095935277 -0.36764944533749327 -0.55816921886782545 0.14566790735268739 -0.38118138562579801 -0.094505650334499647
leaf_weight=12146 77 1401 2334 389 1443 60 449 60 4743 229 306 696 232 222 10559 22 1250 959 90 274 7641 983 5036 1837 35 41 85 9244 931 2202
leaf_count=12146 77 1401 2334 389 1443 60 449 60 4743 229 306 696 232 222 10559 22 1250 959 90 274 7641 983 5036 1837 35 41 85 9244 931 2202
internal_value=-6.29437e-06 -0.0133005 0.0351831 0.0147855 0.121585 -0.0476568 -0.407907 -0.954966 0.0850648 -0.662465 -0.0341523 0.121917 -0.0759305 -0.53938 -0.0565651 -0.0382948 -0.205203 -0.154705 -1.20346 -0.382685 -0.0228876 0.010345 0.0247553 -0.183434 -0.837282 -1.72259 0.0332715 0.0495639 -0.0461533 0.0994629
internal_weight=65976 53830 22325 20924 6575 31505 798 349 6186 289 14349 3030 11319 454 10865 30707 2595 2483 112 1233 28112 20471 19488 2075 238 118 120 17413 5967 11446
internal_count=65976 53830 22325 20924 6575 31505 798 349 6186 289 14349 3030 11319 454 10865 30707 2595 2483 112 1233 28112 20471 19488 2075 238 118 120 17413 5967 11446
cat_boundaries=0 1
cat_threshold=42
is_linear=0
shrinkage=0.05


Tree=242
num_leaves=31
num_cat=0
split_feature=61 62 75 75 57 59 60 4 4 56 61 15 5 61 57 63 67 2 57 75 3 56 1 2 3 72 1 40 4 3
split_gain=20040.5 64154.7 93046.2 62574.2 45837.1 42805.2 40796.4 34797 57816.4 36495 31295.2 27876.7 24634.2 23509.7 55222.5 53979.9 48568.6 39184.6 38945 66640.1 42783.2 38406.7 33955 60322.7 82973.9 37780.5 49234 34763.6 33826.2 33780
threshold=803.04171630477651 911.55450000000008 886.03300000000002 819.77078577555869 789.3649182580001 825.75800000000015 781.69337841060064 1.5000000000000002 2.5000000000000004 633.4910638000373 732.09150000000011 0.45000000000000007 1.0000000180025095e-35 989.9788993047772 957.32370500000013 796.38829844581608 22.662500000000005 25.500000000000004 1287.1944950832053 1126.7128333333335 16.500000000000004 1247.7101537620285 11.500000000000002 30.500000000000004 19.500000000000004 26.191666666666674 6.5000000000000009 1.5000000000000002 6.5000000000000009 9.5000000000000018
decision_type=2 2 2 2 2 2 2 2 2 2 2 2 2 2 2 2 2 2 2 2 2 2 2 2 2 2 2 2 2 2
left_child=1 2 4 -2 7 -4 11 -1 -9 -10 -11 -5 -3 15 16 29 -15 -16 19 -17 21 -21 25 -24 -25 28 -27 -28 -19 -8
right_child=3 12 5 6 -6 -7 13 8 9 10 -12 -13 -14 14 17 18 -18 22 -20 20 -22 -23 23 24 -26 26 27 -29 -30 -31
leaf_value=-0.27812181312308021 -0.23628672768913225 0.99039796174186034 -1.2944276879766798 0.25451075414034458 0.30365202172111405 -0.29608388523454776 -0.1922533088366021 0.51582153672526865 -0.95988635122776034 0.271120046534084 -0.14624067960272683 -0.53845551443150919 -0.37527218492407549 -0.31987836398013747 0.013460752057473893 0.058410398811998138 0.80827601620554934 0.013366701910697774 -0.85175965898605588 0.2043260935690924 1.1488248690861977 1.228651907037084 -0.23799624781268813 -0.72961739212617116 -3.858945621762957 0.31308273164470768 -0.39597443886916478 -1.3150037936866283 -0.37489549079125184 -1.1049004263405142
leaf_weight=843 2880 252 153 2103 1964 360 805 614 102 720 1194 117 38 2075 33853 8946 100 5187 108 762 194 104 580 87 28 220 722 120 629 116
leaf_count=843 2880 252 153 2103 1964 360 805 614 102 720 1194 117 38 2075 33853 8946 100 5187 108 762 194 104 580 87 28 220 722 120 629 116
internal_value=-5.97971e-06 0.0852563 0.0498621 -0.00891244 0.110597 -0.593836 0.00260504 0.00142367 0.091027 -0.0383499 0.0107602 0.212719 0.811448 -0.00593244 -0.0224327 0.0592628 -0.268009 -0.00953918 0.0926337 0.102827 0.477687 0.32734 -0.112354 -0.445417 -1.49154 -0.078699 -0.352934 -0.526952 -0.0286238 -0.307201
internal_weight=65976 6240 5950 59736 5437 513 56856 3473 2630 2016 1914 2220 290 54636 43601 11035 2175 41426 10114 10006 1060 866 7573 695 115 6878 1062 842 5816 921
internal_count=65976 6240 5950 59736 5437 513 56856 3473 2630 2016 1914 2220 290 54636 43601 11035 2175 41426 10114 10006 1060 866 7573 695 115 6878 1062 842 5816 921
is_linear=0
shrinkage=0.05


Tree=243
num_leaves=31
num_cat=0
split_feature=72 1 65 57 61 0 2 2 57 28 2 61 0 32 57 33 63 75 3 4 3 61 71 72 61 75 61 4 57 2
split_gain=19881.1 25990 52323.1 57782.6 46025.2 44869.5 47254.9 74935 57651.5 77247.6 44391.3 61179.5 41628.2 52061.5 38986.6 46617.9 41633.3 37518.5 36978 61381 47175.3 47266.5 53305.1 47957.3 46130.1 38166.7 69767.8 54874.1 84454.4 113324
threshold=-3.4499999999999997 5.5000000000000009 1.0000000180025095e-35 1238.2425000000001 738.99900000000014 2024.5000000000002 6.5000000000000009 5.5000000000000009 1620.4102215088403 13.500000000000002 19.500000000000004 1478.2700000000002 2019.5000000000002 28.500000000000004 2175.3095000000008 1.5000000000000002 1789.2425000000001 1378.0908743204934 5.5000000000000009 1.5000000000000002 1.0000000180025095e-35 1099.3549699458151 24.158333333333342 30.116666666666671 877.52287807812911 1430.4056331687655 1520.0296677887252 1.5000000000000002 1402.1595000000002 16.500000000000004
decision_type=2 2 2 2 2 2 2 2 2 2 2 2 2 2 2 2 2 2 2 2 2 2 2 2 2 2 2 2 2 2
left_child=-1 2 3 4 -2 14 7 -7 9 -8 -10 -12 -5 -14 18 16 -16 -6 19 -3 -21 23 -23 24 -22 26 -20 -28 29 -29
right_child=1 5 -4 12 17 6 8 -9 10 -11 11 -13 13 -15 15 -17 -18 -19 25 20 21 22 -24 -25 -26 -27 27 28 -30 -31
leaf_value=0.18854805331526173 0.34859711880113969 -0.3925275058329078 -0.29940272686089514 -0.72887269344625127 -0.0062834741983416936 0.075519979501030218 0.65880410802217815 -2.0721477367915213 -0.38419451406715732 3.1883603306487203 -1.608684328570962 0.68591800270572545 -0.32336979859649145 0.031175735242254796 -2.9822720760909416 1.2025272612149518 -0.72163688869393894 2.1082335017976308 0.063826138487262166 0.25754047777660399 0.064077598783185793 -1.0396495548081031 -0.19642642173690852 0.36891957297309647 -0.26677995783282688 -0.053228270570603323 -0.26279233066986002 2.5941943808528016 0.1988683169337371 0.43902827999213845
leaf_weight=1369 970 1284 1829 327 19994 264 531 48 266 32 32 315 2034 2109 26 24 94 21 18826 1284 2629 227 1075 731 1758 7240 144 121 249 123
leaf_count=1369 970 1284 1829 327 19994 264 531 48 266 32 32 315 2034 2109 26 24 94 21 18826 1284 2629 227 1075 731 1758 7240 144 121 249 123
internal_value=-5.68058e-06 -0.00400107 -0.041092 -0.0225317 0.0122364 0.0231133 0.292149 -0.25489 0.437281 0.80258 0.101779 0.474312 -0.185755 -0.142888 0.0119419 -0.809113 -1.21144 -0.0040649 0.0152546 -0.0724679 -0.0191246 -0.0744576 -0.34344 -0.00602949 -0.0685068 0.0447812 0.0812395 0.595878 0.846686 1.50778
internal_weight=65976 64607 27284 25455 20985 37323 1488 312 1176 563 613 347 4470 4143 35835 144 120 20015 35691 8988 7704 6420 1302 5118 4387 26703 19463 637 493 244
internal_count=65976 64607 27284 25455 20985 37323 1488 312 1176 563 613 347 4470 4143 35835 144 120 20015 35691 8988 7704 6420 1302 5118 4387 26703 19463 637 493 244
is_linear=0
shrinkage=0.05


Tree=244
num_leaves=31
num_cat=3
split_feature=3 13 3 14 19 3 68 56 33 57 13 75 4 0 3 4 56 57 61 61 3 14 61 57 50 3 13 3 71 39
split_gain=20077.4 35523.4 29713.8 69330.2 54488 62670.4 78462.2 60671.7 53582 44110.7 43274.3 88210 42478.3 183116 149210 121644 81692 44887 105408 44330 51143.2 42194.1 40282.9 63743.4 38175.3 58343.1 58049.9 55264.2 51581.2 116624
threshold=1.5000000000000002 0 9.5000000000000018 1.0000000180025095e-35 1.0000000180025095e-35 19.500000000000004 5.137500000000002 1555.528824846117 49.500000000000007 1280.0553763709902 1 1226.6935000000001 1.5000000000000002 2022.5000000000002 6.5000000000000009 2.5000000000000004 1526.4858333333339 932.80045380477657 996.54229427993107 867.72979846215105 8.5000000000000018 2.7500000000000004 825.58173095103655 744.82950000000017 0.37500000000000006 14.500000000000002 2 21.500000000000004 21.108333333333341 68.500000000000014
decision_type=2 9 2 2 2 2 2 2 2 2 9 2 2 2 2 2 2 2 2 2 2 2 2 2 2 2 9 2 2 2
left_child=1 -1 3 10 24 6 -6 8 -8 -5 11 -2 13 14 -12 17 19 18 22 -15 -21 -7 -14 -24 25 -4 -26 -28 29 -27
right_child=2 -3 4 9 5 21 7 -9 -10 -11 12 -13 15 16 -16 -17 -18 -19 -20 20 -22 -23 23 -25 26 28 27 -29 -30 -31
leaf_value=0.067224772625714621 -0.35191407236365646 0.76540938796741631 0.036138406892688345 -0.2649189300956708 1.0129661705766035 -0.082217662599625776 -0.14515308567451871 -1.7458150016955842 0.37211198605867163 -1.4655808826413337 -0.24681568035368492 -3.5959737829186702 0.55627960511784524 -0.33583349646436739 0.70279284626709748 -0.04095197127485134 -3.917069836258888 0.59348100238578494 -1.2644610322072727 -1.3286870935251118 -0.12629484885956271 -1.4556297452747824 -0.90100823154254839 0.24662082214670922 1.1187888236218737 -0.37296553662008169 0.15586479539800369 -0.065170379782027846 -0.0054158131954278668 0.11137074182205819
leaf_weight=5320 441 179 12113 2414 345 823 671 39 1972 79 1114 22 711 456 658 13657 20 999 119 353 118 60 147 684 121 4051 6518 4995 4984 1793
leaf_count=5320 441 179 12113 2414 345 823 671 39 1972 79 1114 22 711 456 658 13657 20 999 119 353 118 60 147 684 121 4051 6518 4995 4984 1793
internal_value=-5.39655e-06 0.0914658 -0.00832261 -0.0546851 0.018171 0.195087 0.303202 0.211902 0.24079 -0.302966 -0.0229417 -0.495361 -0.0111853 -0.194162 0.105804 0.0192983 -0.75545 0.328636 0.169346 -0.687238 -1.02745 -0.175541 0.279997 0.0436106 -0.00183605 -0.0392504 0.071941 0.059915 -0.123586 -0.224366
internal_weight=65976 5499 60477 21992 38485 3910 3027 2682 2643 2493 19499 463 19036 2719 1772 16317 947 2660 1661 927 471 883 1542 831 34575 22941 11634 11513 10828 5844
internal_count=65976 5499 60477 21992 38485 3910 3027 2682 2643 2493 19499 463 19036 2719 1772 16317 947 2660 1661 927 471 883 1542 831 34575 22941 11634 11513 10828 5844
cat_boundaries=0 1 2 3
cat_threshold=131 146 144
is_linear=0
shrinkage=0.05


Tree=245
num_leaves=31
num_cat=0
split_feature=6 61 75 61 75 62 75 58 61 63 57 67 73 56 75 57 62 3 4 47 66 57 63 58 1 2 1 2 3 1
split_gain=20040.4 28685.7 25460.5 27839 56868.3 47735.1 92090 38734 37985.9 67040.7 48937.3 48738.2 44696.4 44283.3 38294.8 58522.2 37039.3 33936.3 33358.6 35946.6 36635.1 33276.4 32894.3 32315.9 31077.6 30478.8 35124.8 56608.2 73477 38879
threshold=1.0000000180025095e-35 1002.8899887414251 738.31506866571647 825.58173095103655 843.39931356289469 900.65825138932814 930.26044845696072 864.55563235738157 999.6592288047766 796.38829844581608 868.09341781638921 1.0000000180025095e-35 -2.6666666666666643 752.37464914625957 1105.6700485080003 1263.4405000000002 1154.3737682779204 8.5000000000000018 3.5000000000000004 1.0000000180025095e-35 21.891666666666669 922.07331854101005 1026.2243377755601 1019.1061220974601 10.500000000000002 25.500000000000004 11.500000000000002 30.500000000000004 19.500000000000004 8.5000000000000018
decision_type=2 2 2 2 2 2 2 2 2 2 2 2 2 2 2 2 2 2 2 2 2 2 2 2 2 2 2 2 2 2
left_child=2 -2 -1 5 -5 6 -4 -8 9 12 11 22 17 -11 18 16 -16 -6 19 20 -15 23 -10 -21 -17 -12 29 -28 -29 -27
right_child=1 -3 3 4 8 -7 7 -9 10 13 25 -13 -14 14 15 24 -18 -19 -20 21 -22 -23 -24 -25 -26 26 27 28 -30 -31
leaf_value=-0.19292735086770257 0.34258243759969637 -1.1265885006529943 0.12267163506158917 -0.23388239170249123 -0.51725159861147407 0.57743953321060526 -1.4383562621446924 -0.35970306425998305 -0.77890925511069931 1.391180707262281 0.0084892412602187908 -0.58023096530832585 -0.27330445596941888 0.34794920153977404 0.35839847098661387 -0.2024625625891181 1.1995587396193039 -2.895496441523234 -0.0070994695197291379 0.23095252640195577 1.298695138456921 -0.1019935682755983 1.5058634070307018 1.5315889535248282 -1.9130122348666192 -0.13009975124749526 -0.23543698607532113 -0.74053809388980762 -3.6695393971034456 0.14589970075235148
leaf_weight=1715 655 35 5188 2669 30 489 109 352 23 68 35560 617 584 651 1263 156 146 30 5327 1065 120 1060 50 50 32 5560 597 91 28 1656
leaf_count=1715 655 35 5188 2669 30 489 109 352 23 68 35560 617 584 651 1263 156 146 30 5327 1065 120 1060 50 50 32 5560 597 91 28 1656
internal_value=9.66226e-06 0.268059 -0.00282332 0.00230525 -0.00851157 0.103518 0.0624932 -0.614743 0.00247219 0.087561 -0.0179074 -0.435687 -0.40682 0.119598 0.110837 0.334998 0.445559 -1.70637 0.0675656 0.202576 0.495925 0.0985888 0.786004 0.289277 -0.49362 -0.0112793 -0.0999038 -0.433927 -1.42971 -0.0667606
internal_weight=65976 690 65286 63571 57433 6138 5649 461 54764 10582 44182 690 644 9938 9870 1597 1409 60 8273 2946 771 2175 73 1115 188 43492 7932 716 119 7216
internal_count=65976 690 65286 63571 57433 6138 5649 461 54764 10582 44182 690 644 9938 9870 1597 1409 60 8273 2946 771 2175 73 1115 188 43492 7932 716 119 7216
is_linear=0
shrinkage=0.05


Tree=246
num_leaves=31
num_cat=0
split_feature=68 57 72 0 14 37 33 59 6 1 72 2 1 61 37 4 51 0 2 74 3 37 2 0 3 40 58 4 62 74
split_gain=19813.1 30916.6 32443.1 28924.4 29787.4 26070.4 27523.2 29540.8 25964.6 28907.7 29820.9 45605 50097.6 40744.4 47612.4 47254.7 40757.2 44377.5 121828 36454.9 34140.2 46885.2 32485.9 43565.7 31956.6 32652.8 35431.1 31829.8 31228.1 30824.5
threshold=36.487500000000004 1857.1380000000001 24.833333333333339 2023.5000000000002 2.3500000000000001 4.5000000000000009 1.5000000000000002 2174.6465000000003 1.0000000180025095e-35 4.5000000000000009 10.408333333333337 24.500000000000004 3.5000000000000004 1265.2616052755602 57.500000000000007 1.5000000000000002 0.79166666650000017 2018.5000000000002 2.5000000000000004 -0.21666666666666715 5.5000000000000009 96.500000000000014 2.5000000000000004 2020.5000000000002 9.5000000000000018 99.500000000000014 1052.8517576667302 6.5000000000000009 1247.9265000000003 2.6500000000000044
decision_type=2 2 2 2 2 2 2 2 2 2 2 2 2 2 2 2 2 2 2 2 2 2 2 2 2 2 2 2 2 2
left_child=1 3 -3 8 -5 -4 7 -7 9 10 13 20 -13 14 16 19 17 18 -1 -15 -12 -22 23 -17 -16 -26 28 -20 -27 -19
right_child=-2 2 5 4 -6 6 -8 -9 -10 -11 11 12 -14 15 24 22 -18 29 27 -21 21 -23 -24 -25 25 26 -28 -29 -30 -31
leaf_value=-3.4704020579655968 0.2937806401434494 -0.43508261519655972 0.27340358715982477 0.077927241486212329 -0.72359791265593643 -0.31393788474756229 0.92141471839312361 -1.8675549900565203 0.338870200764951 0.008604306197519531 -0.15612817731275652 -0.50774818116829534 0.33897759177214737 -1.1079104191058466 -0.044363432420018598 1.5409873308557454 0.050635409569753591 -0.27246249524377891 -0.26001365752838967 -0.22904429145767785 -0.37046039283702714 -1.210000932372012 -0.17452554415843957 -0.012028004343693074 0.12283612961052404 1.3465345191955569 0.30389505926785726 -1.486593893939449 -0.70421486922672827 0.10035287378064345
leaf_weight=36 569 831 413 12494 117 142 33 39 516 34268 1253 244 615 234 2021 66 2438 1584 360 238 785 211 2153 143 2517 160 560 62 21 853
leaf_count=36 569 831 413 12494 117 142 33 39 516 34268 1253 244 615 234 2021 66 2438 1584 360 238 785 211 2153 143 2517 160 560 62 21 853
internal_value=9.1792e-06 -0.00254645 -0.230209 0.00264413 0.070491 0.0413214 -0.406575 -0.648695 -0.0140222 -0.0176052 -0.0718607 -0.211445 0.0984641 -0.0395963 0.00538255 -0.208021 -0.0999885 -0.226835 -0.678402 -0.664753 -0.329813 -0.548315 -0.116752 0.478398 0.111831 0.208722 0.500456 -0.440222 1.1086 -0.141969
internal_weight=65976 65407 1458 63949 12611 627 214 181 51338 50822 16554 3108 859 13446 10612 2834 5333 2895 458 472 2249 996 2362 209 5279 3258 741 422 181 2437
internal_count=65976 65407 1458 63949 12611 627 214 181 51338 50822 16554 3108 859 13446 10612 2834 5333 2895 458 472 2249 996 2362 209 5279 3258 741 422 181 2437
is_linear=0
shrinkage=0.05


Tree=247
num_leaves=31
num_cat=0
split_feature=69 27 68 72 24 31 59 67 60 3 21 73 73 73 61 2 1 2 18 4 56 0 0 68 73 72 73 29 69 1
split_gain=20687.1 42791.1 29948.7 76442.3 39757.9 32247 64929.3 42057.8 46279.4 40504 37784.3 32813.3 35953.5 32297.8 32037.5 29183.1 37550.3 39490.7 37159.6 36997.6 27888.4 27670.9 46545.6 43965.5 32564.3 35740.9 33324.6 36604.2 32502.2 30065.1
threshold=126.37513888888887 2.8500000000000001 7.0625000000000018 7.3916666666666675 1.8500000000000003 11.500000000000002 1290.3917927755601 13.412500000000003 922.07331854101005 9.5000000000000018 1.0000000180025095e-35 2.6833333333333345 -2.5999999999999988 -4.8666666666666636 1529.6115000000002 16.500000000000004 1.5000000000000002 9.5000000000000018 0.25000000000000006 2.5000000000000004 1102.0543333333337 2022.5000000000002 2021.5000000000002 -6.7624999999999993 -0.16666666666666249 27.208333333333339 2.6166666666666689 12.500000000000002 213.16000000000005 1.5000000000000002
decision_type=2 2 2 2 2 2 2 2 2 2 2 2 2 2 2 2 2 2 2 2 2 2 2 2 2 2 2 2 2 2
left_child=2 21 3 4 -1 7 9 -4 14 -7 15 12 -8 -10 -9 16 17 18 19 -11 -12 22 23 -2 -23 26 29 -28 -24 -26
right_child=1 -3 5 -5 -6 6 11 8 13 10 20 -13 -14 -15 -16 -17 -18 -19 -20 -21 -22 24 28 -25 25 -27 27 -29 -30 -31
leaf_value=0.56521548091178453 1.1731057518001262 -1.0389918510402951 -0.086084117050085632 -0.10586669259605277 2.7808428945995516 -0.14104050100554558 -0.82547791727373143 0.25474261717561825 -0.9873897889437967 2.5765150741526957 0.45601811973074735 -0.80516602453839692 -0.17662350898259516 0.032981868481746744 2.0916573251287143 0.074616933595315876 -0.1145039610875654 -0.37054525964400353 -1.0154238230060963 0.76471351262079468 0.05065036699996045 0.24014506561115129 0.0063739343886453446 0.044141878916601797 0.29844147619658284 1.2563513657656209 0.81894689407352306 0.0143377440859608 -0.33825364841994343 -0.12889513543621031
leaf_weight=565 87 91 6958 806 21 5798 230 2164 78 38 786 262 2975 13522 24 4958 5848 85 21 109 922 3348 1276 9829 490 58 244 336 1475 2572
leaf_count=565 87 91 6958 806 21 5798 230 2164 78 38 786 262 2975 13522 24 4958 5848 85 21 109 922 3348 1276 9829 490 58 244 336 1475 2572
internal_value=8.72003e-06 0.0427559 -0.018329 0.210069 0.644615 -0.0254291 -0.0685421 0.0163305 0.0614661 -0.031449 0.0183209 -0.267167 -0.223187 0.0271297 0.274892 -0.0154831 -0.0887032 0.507672 0.952009 1.23307 0.237195 0.047749 0.00356357 0.0540471 0.127161 0.0249262 0.00531536 0.352828 -0.178405 -0.0605101
internal_weight=65976 19806 46170 1392 586 44778 22032 22746 15788 18565 12767 3467 3205 13600 2188 11059 6101 253 168 147 1708 19715 12667 9916 7048 3700 3642 580 2751 3062
internal_count=65976 19806 46170 1392 586 44778 22032 22746 15788 18565 12767 3467 3205 13600 2188 11059 6101 253 168 147 1708 19715 12667 9916 7048 3700 3642 580 2751 3062
is_linear=0
shrinkage=0.05


Tree=248
num_leaves=31
num_cat=0
split_feature=72 19 42 3 1 61 62 57 73 2 2 72 70 8 0 8 67 0 1 0 71 63 28 73 0 0 62 0 1 64
split_gain=19799.2 47433.3 31004.2 41094.3 26003.1 55668.8 72769.2 54356.6 48647.8 50789.4 46130.2 72313.3 60742 51283.2 49923.5 49011.4 45746.3 45222.6 40433.8 56102 38617.5 37363.1 37200.3 36670.3 36503.6 34188 38703.9 33872.2 35859.8 40535.1
threshold=-0.31666666666666649 1.0000000180025095e-35 0.37500000000000006 12.500000000000002 4.5000000000000009 1201.2520000000002 1238.8479772922853 1066.7200089147202 1.2333333333333347 3.5000000000000004 22.500000000000004 12.141666666666669 11.41666666666667 1.0000000180025095e-35 2024.5000000000002 1.0000000180025095e-35 5.8625000000000016 2018.5000000000002 1.5000000000000002 2024.5000000000002 8.0750000000000028 841.00200000000007 2.5000000000000004 2.7500000000000018 2024.5000000000002 2024.5000000000002 999.20212700000013 2022.5000000000002 2.5000000000000004 1.0000000180025095e-35
decision_type=2 2 2 2 2 2 2 2 2 2 2 2 2 2 2 2 2 2 2 2 2 2 2 2 2 2 2 2 2 2
left_child=1 -1 3 -3 5 10 7 -7 9 18 11 12 20 17 -13 21 -16 23 19 -8 -2 -14 -11 -12 -22 26 -9 -19 29 -29
right_child=4 2 -4 -5 -6 6 8 25 -10 22 13 14 15 -15 16 -17 -18 27 -20 -21 24 -23 -24 -25 -26 -27 -28 28 -30 -31
leaf_value=0.0654956548243356 -0.0030861471255140089 0.10986654717751124 0.065168538990039979 1.8215539045333864 0.01559812407234238 -1.1035938321936427 0.78044145740568638 1.7607738407949609 -0.39790217930926136 -0.43394219944668527 0.67269236384442044 -0.2625777016807565 -1.6312189891934397 2.0151361385153401 -0.43185547090845539 -2.1085264320309096 -2.0324515041708948 -0.080950576905479313 0.18146143474169379 3.3918204460144041 0.21444641564776773 -0.20931519759235326 0.057238921248380939 -0.41905836997346751 1.1944691938512466 -0.89622849564852936 -0.26914982802439175 -0.65627461369011075 0.41250103627674167 0.25514772873879837
leaf_weight=3035 5954 54 93 100 42920 282 116 24 839 496 529 1578 48 36 101 37 80 2049 246 25 1388 1232 1730 90 102 229 1088 202 965 308
leaf_count=3035 5954 54 93 100 42920 282 116 24 839 496 529 1578 48 36 101 37 80 2049 246 25 1388 1232 1730 90 102 229 1088 202 965 308
internal_value=8.28414e-06 0.119722 0.786028 1.22135 -0.00625868 -0.0536995 -0.196475 -0.472598 -0.0666529 0.0397069 -0.00440446 -0.0602318 -0.00149272 0.136132 -0.352792 -0.314495 -1.1393 0.119805 0.568388 1.24345 0.053884 -0.262637 -0.0522066 0.513956 0.281535 -0.339905 -0.225339 0.0505715 0.233276 -0.105847
internal_weight=65976 3282 247 154 62694 19774 5075 1623 3452 2613 14699 10520 8761 4179 1759 1317 181 4143 387 141 7444 1280 2226 619 1490 1341 1112 3524 1475 510
internal_count=65976 3282 247 154 62694 19774 5075 1623 3452 2613 14699 10520 8761 4179 1759 1317 181 4143 387 141 7444 1280 2226 619 1490 1341 1112 3524 1475 510
is_linear=0
shrinkage=0.05


Tree=249
num_leaves=31
num_cat=0
split_feature=0 61 4 2 2 69 57 57 34 4 2 71 73 72 57 61 57 32 4 37 73 8 57 61 3 75 41 3 57 71
split_gain=19803.5 30819.7 41335.8 39062.6 32835.5 51428.2 55408.3 47255 42308.5 42724.6 64149.2 40644 31538.6 31162.6 30328.7 30282.8 43584.9 32469.6 29165.3 27672.5 27301 32681.2 27006.5 32717.3 41730.4 68273.7 51828.8 52797.5 40943.2 35455.6
threshold=2020.5000000000002 1165.3556614972752 1.5000000000000002 17.500000000000004 4.5000000000000009 43.780277777777755 1142.8155000000004 1028.2628322147102 7.5000000000000009 2.5000000000000004 2.5000000000000004 19.608333333333338 -0.36666666666666597 1.7416666666666671 1402.1595000000002 1365.3949667510403 1176.3397404769403 82.500000000000014 3.5000000000000004 11.500000000000002 0.30000000000000121 1.0000000180025095e-35 717.10275140001852 871.26400000000001 9.5000000000000018 908.57771677993105 5.5000000000000009 2.5000000000000004 1031.3754054458152 1.9416666666666671
decision_type=2 2 2 2 2 2 2 2 2 2 2 2 2 2 2 2 2 2 2 2 2 2 2 2 2 2 2 2 2 2
left_child=1 -1 3 12 5 6 11 -7 9 10 -9 -4 -3 -5 -12 16 17 -15 -11 -20 -6 -22 -2 28 26 -26 -25 -28 -24 -27
right_child=22 2 4 13 20 7 -8 8 -10 18 14 -13 -14 15 -16 -17 -18 -19 19 -21 21 -23 23 24 25 29 27 -29 -30 -31
leaf_value=0.0026127866040644575 -0.38028050358756732 -1.0495528648342816 -3.102125383245534 -1.0461282869234034 -0.19967013906718259 2.8033702039718627 0.04398935111160894 -0.50050531178712843 -0.0098880195909012598 -0.54008483881396907 3.9321336867553849 -0.53641362334742693 -0.36054024959638681 -0.350208300526266 1.382819038629532 -0.46188248636775048 1.5045585359720623 0.93005676086966516 0.50422734562761906 2.1797549354618995 0.00070019065138395042 1.8180876770019532 0.10256904025627914 0.017177624593114085 1.0343170130047306 0.23480335451194032 0.02245727694777494 -0.32869992027852385 0.62211118193735659 0.02031555173608441
leaf_weight=17754 413 271 29 69 3512 20 148 20 390 56 28 33 429 154 20 159 68 73 164 29 2349 25 4635 6982 174 2123 1697 2899 413 20840
leaf_count=17754 413 271 29 69 3512 20 148 20 390 56 28 33 429 154 20 159 68 73 164 29 2349 25 4635 6982 174 2123 1697 2899 413 20840
internal_value=7.86992e-06 -0.0341761 -0.115353 -0.383034 -0.067372 0.207541 -0.48168 0.406628 0.338828 0.767847 1.87862 -1.7365 -0.627287 -0.0561188 2.86992 0.0943452 0.394143 0.0615069 0.464504 0.755991 -0.111136 0.0198386 0.0219599 0.0261378 0.0088428 0.0476222 -0.0686523 -0.199041 0.145075 0.0401456
internal_weight=65976 25800 8046 1223 6823 937 210 727 707 317 68 62 700 523 48 454 295 227 249 193 5886 2374 40176 39763 34715 23137 11578 4596 5048 22963
internal_count=65976 25800 8046 1223 6823 937 210 727 707 317 68 62 700 523 48 454 295 227 249 193 5886 2374 40176 39763 34715 23137 11578 4596 5048 22963
is_linear=0
shrinkage=0.05


Tree=250
num_leaves=31
num_cat=1
split_feature=24 61 62 75 75 57 59 60 4 4 56 61 63 68 3 69 73 5 2 1 70 72 72 1 4 57 63 2 73 13
split_gain=18947.7 18702.7 51195.2 80174.1 51039.1 40686 36037.2 35666 29962.8 49292.4 31848.1 26643.1 24187.8 23658.7 23432 21597.3 45556.1 30223.7 29262.9 37683.1 41980.2 40015 39449.5 52923 47391 68232.8 72526.7 51780.4 44465.1 64503.3
threshold=3.8500000000000001 803.04171630477651 911.55450000000008 886.03300000000002 819.77078577555869 796.88605433238308 825.75800000000015 781.69337841060064 1.5000000000000002 2.5000000000000004 633.4910638000373 732.09150000000011 724.97227875857709 1.7875000000000005 20.500000000000004 4.9506944444444434 -0.8499999999999982 1.0000000180025095e-35 25.500000000000004 5.5000000000000009 11.41666666666667 16.991666666666671 3.8583333333333334 7.5000000000000009 6.5000000000000009 2017.2716675000001 1237.1745000000003 20.500000000000004 0.96666666666666534 0
decision_type=2 2 2 2 2 2 2 2 2 2 2 2 2 2 2 2 2 2 2 2 2 2 2 2 2 2 2 2 2 9
left_child=1 2 3 5 -3 8 -5 13 12 -10 -11 -12 -1 -6 -15 16 -9 -18 19 20 21 -17 -21 24 27 26 -26 28 29 -24
right_child=-2 4 -4 6 7 -7 -8 15 9 10 11 -13 -14 14 -16 18 17 -19 -20 22 -22 -23 23 -25 25 -27 -28 -29 -30 -31
leaf_value=-0.48363548552410474 -0.43888391647934538 -0.21261083484414259 0.73515508058998325 -1.1877279430140857 0.7649435648444104 0.31268453535360829 -0.27170350340996974 -0.2760823473192241 0.48853515287995342 -0.87723649760671707 0.26687917885419049 -0.10442824440633279 0.0370905323710485 0.13358313937479876 1.6442276002122806 0.01950806037147202 0.0072483249594687245 -1.339488755361665 -0.075557223308593699 0.36965166033021751 -0.17921323563671174 -1.088619931610074 0.015031049609415696 -0.002983910655478397 0.34348936583404988 -2.0974314904212954 1.4516920520208818 0.38526237444832889 0.26274125158172934 -0.66492975686547129
leaf_weight=468 245 2872 288 153 171 1689 360 2178 625 102 749 1361 426 2022 26 12539 5151 42 8586 1040 3700 82 2984 13867 801 25 181 1359 1499 385
leaf_count=468 245 2872 288 153 171 1689 360 2178 625 102 749 1361 426 2022 26 12539 5151 42 8586 1040 3700 82 2984 13867 801 25 181 1359 1499 385
internal_value=7.47646e-06 0.00164336 0.0841335 0.0525316 -0.00697991 0.109078 -0.544904 0.00344722 0.0169073 0.0964477 -0.0143366 0.0273771 -0.235504 0.199937 0.152761 -0.00456489 -0.0841446 -0.00364383 0.00790285 0.0265339 -0.0311099 0.0123084 0.0690254 0.0542085 0.163842 0.482081 0.547751 0.112378 0.0361966 -0.064602
internal_weight=65976 65731 6221 5933 59510 5420 513 56638 3731 2837 2212 2110 894 2219 2048 54419 7371 5193 47048 38462 16321 12621 22141 21101 7234 1007 982 6227 4868 3369
internal_count=65976 65731 6221 5933 59510 5420 513 56638 3731 2837 2212 2110 894 2219 2048 54419 7371 5193 47048 38462 16321 12621 22141 21101 7234 1007 982 6227 4868 3369
cat_boundaries=0 1
cat_threshold=1
is_linear=0
shrinkage=0.05


Tree=251
num_leaves=31
num_cat=0
split_feature=70 57 72 37 67 33 30 0 14 35 8 4 72 73 33 73 61 17 1 4 1 73 74 63 3 9 68 67 57 61
split_gain=18378.2 33763.6 27220.8 28173.6 27985.4 33338.6 26611.2 24758.5 25934.4 25405.4 47956.6 85189.7 40455.4 37805.6 35094.4 29780.7 32579.6 34598.1 29733.9 35658 43932.3 32883.1 29857.7 33942.3 45505.9 40035 32806.8 29261.9 41441.8 37474
threshold=33.69166666666667 1857.1380000000001 24.291666666666671 12.500000000000002 28.787500000000005 1.0000000180025095e-35 86.500000000000014 2023.5000000000002 2.3500000000000001 51.500000000000007 1.0000000180025095e-35 2.5000000000000004 0.31666666666666671 3.8916666666666653 98.500000000000014 -2.7499999999999982 828.96550000000013 0.95000000000000007 5.5000000000000009 6.5000000000000009 8.5000000000000018 3.8916666666666653 7.0500000000000034 1045.1467242755602 16.500000000000004 1.0000000180025095e-35 20.762500000000006 5.1125000000000016 1276.7945309707252 1425.9435000000001
decision_type=2 2 2 2 2 2 2 2 2 2 2 2 2 2 2 2 2 2 2 2 2 2 2 2 2 2 2 2 2 2
left_child=1 7 -3 -4 -5 -6 -2 -1 9 18 12 -12 13 14 -11 16 -14 -18 21 22 -21 27 23 26 -25 -26 -20 28 29 -9
right_child=6 2 3 4 5 -7 -8 8 -10 10 11 -13 15 -15 -16 -17 17 -19 19 20 -22 -23 -24 24 25 -27 -28 -29 -30 -31
leaf_value=-0.012717209941170024 0.20671912420479979 -0.49198173574003035 0.12636270453222095 -1.3893376249600859 -0.52937088715402714 1.5922057763389921 1.976763743636283 0.26434582413793389 -0.67546894557009907 0.67781755490882978 -0.060547432303428655 3.8801858683427177 2.4084305564562483 -1.2034905739805914 2.3111108307540418 0.060283578754045025 0.23006665063987022 1.5467656744153877 0.094939492836874362 0.85622192816836962 -0.042261905587999984 -0.92897419090117883 0.72759691264480353 -0.18128360126551216 0.33685732609908386 -1.3916663063849724 0.79505110106021171 -0.16615565668447138 -0.18226742093561862 2.305632472038269
leaf_weight=51353 610 623 576 68 95 23 22 1001 117 185 32 24 21 22 40 3273 400 57 506 331 231 109 160 1971 781 35 250 2304 733 23
leaf_count=51353 610 623 576 68 95 23 22 1001 117 185 32 24 21 22 40 3273 400 57 506 331 231 109 160 1971 781 35 250 2304 733 23
internal_value=2.17744e-06 -0.0025931 -0.246833 -0.0464036 -0.581422 -0.115843 0.268335 0.0026958 0.0654837 0.0724251 0.175291 1.62834 0.154938 0.774753 0.968181 0.114124 0.482781 0.394294 0.0229862 0.115811 0.486916 -0.0719528 0.0594882 0.0293168 -0.0512855 0.262717 0.326458 -0.0489498 0.104745 0.310195
internal_weight=65976 65344 1385 762 186 118 632 63959 12606 12489 4054 56 3998 247 225 3751 478 457 8435 4265 562 4170 3703 3543 2787 816 756 4061 1757 1024
internal_count=65976 65344 1385 762 186 118 632 63959 12606 12489 4054 56 3998 247 225 3751 478 457 8435 4265 562 4170 3703 3543 2787 816 756 4061 1757 1024
is_linear=0
shrinkage=0.05


Tree=252
num_leaves=31
num_cat=2
split_feature=3 68 13 69 73 57 37 58 58 60 3 61 34 59 4 43 4 75 75 75 65 72 59 13 35 57 2 57 68 24
split_gain=18411.7 34282.1 31281.3 27468.5 59690.4 67416.2 31269.3 32875.5 28828.8 26039.6 25976.7 56643.5 57976.8 48346.7 54282.9 47838.6 49781.1 85281.5 47304.7 45205.3 40829.1 40220.3 36808.4 46074.7 39966.9 52147.3 56986.2 39763.5 56619.4 52209.2
threshold=1.5000000000000002 28.862500000000008 0 154.17361111111123 -0.34999999999999937 960.62594211358271 1.0000000180025095e-35 1283.4471121245854 1395.7175000000004 2016.8965000000003 8.5000000000000018 874.3641710848932 16.500000000000004 845.38147383238311 6.5000000000000009 0.70833333350000005 1.5000000000000002 1445.0857697511119 889.61463688330377 819.77078577555869 1.0000000180025095e-35 30.116666666666671 1129.6665000000003 1 51.500000000000007 1052.8517576667302 29.500000000000004 1263.4405000000002 0.60000000000000042 0.15000000000000005
decision_type=2 2 9 2 2 2 2 2 2 2 2 2 2 2 2 2 2 2 2 2 2 2 2 9 2 2 2 2 2 2
left_child=1 2 3 4 5 -1 -7 -8 -6 -10 11 13 15 14 19 -13 17 -17 -16 -2 -14 -18 23 24 25 26 -12 28 -26 -30
right_child=10 -3 -4 -5 8 6 7 -9 9 -11 22 12 20 -15 18 16 21 -19 -20 -21 -22 -23 -24 -25 27 -27 -28 -29 29 -31
leaf_value=0.12073399483542253 -0.064782332223593114 2.1539152240753174 0.71412053470836678 0.24557940820022159 0.058558928214590612 -0.29274540907627827 -0.65032424344420436 -1.7347877092889903 0.67957124810711278 -0.71968166119343524 -0.15082754833053114 0.093368851177047518 -0.27003390258853599 0.16144148891334123 -0.22940528030207458 -0.55303749149743786 -0.25430644004880332 -3.9149375867843634 -1.1025123220258559 0.35266453750022958 -0.92998019586306369 0.099713841606977827 -0.021350536501387702 -0.38054367367570341 1.5599394741692123 0.1342419753049888 0.81880877646087091 -0.3040039736114824 0.14099422763478747 0.56400138954009327
leaf_weight=557 3974 20 178 1420 2242 370 250 97 328 37 3699 2862 2661 4033 730 332 2106 20 197 775 257 1296 26206 522 79 4939 158 371 4385 875
leaf_count=557 3974 20 178 1420 2242 370 250 97 328 37 3699 2862 2661 4033 730 332 2106 20 197 775 257 1296 26206 522 79 4939 158 371 4385 875
internal_value=2.06871e-06 0.0875966 0.0800539 0.0573076 -0.0114306 -0.291933 -0.612512 -0.953474 0.125646 0.537729 -0.00796265 -0.0559314 -0.1425 0.0290764 -0.0649737 -0.0606145 -0.178009 -0.744055 -0.414952 0.00334176 -0.328158 -0.119442 0.0144233 0.0768062 0.0934619 0.0266578 -0.111107 0.196534 0.231316 0.211361
internal_weight=65976 5499 5479 5301 3881 1274 717 347 2607 365 60477 19243 9534 9709 5676 6616 3754 352 927 4749 2918 3402 41234 15028 14506 8796 3857 5710 5339 5260
internal_count=65976 5499 5479 5301 3881 1274 717 347 2607 365 60477 19243 9534 9709 5676 6616 3754 352 927 4749 2918 3402 41234 15028 14506 8796 3857 5710 5339 5260
cat_boundaries=0 1 2
cat_threshold=131 23
is_linear=0
shrinkage=0.05


Tree=253
num_leaves=31
num_cat=0
split_feature=72 61 57 62 75 21 71 2 63 61 4 3 75 61 2 59 57 75 57 59 4 57 59 4 66 70 0 19 24 71
split_gain=18322.1 19843.4 47559.6 44527 69707 44979.5 42198.3 41381.1 40704.1 50726.5 44237.3 108698 84153.1 76492.8 51976.8 41862.5 42168.9 46408.5 39814.7 62822.7 38634.5 38504.4 36882.1 49047 37699.2 36900.1 38921.2 42230 39529.2 38260.6
threshold=-7.1416666666666648 1094.4546671079452 1040.5738653254152 1073.3670222542603 930.26044845696072 1.0000000180025095e-35 7.7833333333333341 6.5000000000000009 879.94600000000014 854.49650000000008 1.5000000000000002 7.5000000000000009 1122.0046666666669 976.58004710866555 14.500000000000002 1238.2425000000001 1276.7945309707252 1117.4225837779936 946.80500000000018 1114.6280000000004 3.5000000000000004 953.92375317580115 1220.8040000000003 6.5000000000000009 27.958333333333339 24.425000000000001 2019.5000000000002 1.0000000180025095e-35 0.8500000000000002 2.3416666666666672
decision_type=2 2 2 2 2 2 2 2 2 2 2 2 2 2 2 2 2 2 2 2 2 2 2 2 2 2 2 2 2 2
left_child=-1 8 3 -3 5 7 -6 -5 9 -2 11 18 13 -13 -15 -12 17 -17 19 -10 -18 -16 23 -4 -25 26 -24 -28 29 -29
right_child=1 2 22 4 6 -7 -8 -9 10 -11 15 12 -14 14 21 16 20 -19 -20 -21 -22 -23 25 24 -26 -27 27 28 -30 -31
leaf_value=0.40952558481846668 0.022298150032502954 -0.63775067089560133 0.082653340208276652 2.5719429528171367 0.077974019949823933 -1.1461438276228451 -0.36751321104767865 0.60966996382112093 0.044681237407175584 -0.20321232353733487 0.021252028362703956 1.1760940738947641 2.5053937111524021 -0.16909454192302026 0.39514751303593321 0.07906283474495758 -1.4732683615615736 0.68676856318511548 -0.48373992220693557 2.5957748046288125 0.019685523277865005 1.5572875308042224 -0.3583367408827392 -0.43241629906474749 1.7726872849464419 0.022029421437819705 -0.11694544205889297 1.0981010671597029 -0.43540830064962793 0.20313466422767995
leaf_weight=272 8704 525 11574 44 867 21 1374 69 336 3495 14348 310 55 387 375 561 52 714 430 26 260 88 1408 628 20 9391 8411 138 206 887
leaf_count=272 8704 525 11574 44 867 21 1374 69 336 3495 14348 310 55 387 375 561 52 714 430 26 260 88 1408 628 20 9391 8411 138 206 887
internal_value=4.49289e-06 -0.00169083 -0.0269874 -0.22104 -0.128925 0.978834 -0.195163 1.37374 0.0281563 -0.0423104 0.0760674 0.297291 0.594377 0.503768 0.258567 0.0482045 0.291881 0.419378 -0.158466 0.227909 -0.22914 0.616029 -0.00975837 0.0589532 -0.364358 -0.0508421 -0.112773 -0.0769139 0.196608 0.323628
internal_weight=65976 65704 35563 2900 2375 134 2241 113 30141 12199 17942 2007 1215 1160 850 15935 1587 1275 792 362 312 463 32663 12222 648 20441 11050 9642 1231 1025
internal_count=65976 65704 35563 2900 2375 134 2241 113 30141 12199 17942 2007 1215 1160 850 15935 1587 1275 792 362 312 463 32663 12222 648 20441 11050 9642 1231 1025
is_linear=0
shrinkage=0.05


Tree=254
num_leaves=31
num_cat=0
split_feature=0 75 1 1 2 16 0 37 2 67 0 2 7 9 2 71 72 2 57 63 71 73 18 21 72 4 71 32 34 72
split_gain=17879.4 28158.8 25570.2 38576.9 35256.5 43456.2 34895.9 56632.7 45211 34222 32305.1 32043.4 44920.3 35971 68611.6 33301.6 29317.3 41169.6 29546.7 33822 54561.7 29639.1 28761.9 28293.1 30441.9 35681 29096.1 27636.9 30692.9 26968
threshold=2020.5000000000002 1711.0388333333337 1.5000000000000002 2.5000000000000004 15.500000000000002 0.25000000000000006 2021.5000000000002 93.500000000000014 7.5000000000000009 -1.2874999999999994 2024.5000000000002 6.5000000000000009 1.0000000180025095e-35 1.0000000180025095e-35 5.5000000000000009 3.5750000000000006 7.2833333333333341 2.5000000000000004 1309.9255000000001 1168.9056892414253 0.31666666666666671 -0.083333333333335244 1.0000000180025095e-35 1.0000000180025095e-35 28.333333333333339 2.5000000000000004 12.641666666666669 92.500000000000014 28.500000000000004 -4.1583333333333323
decision_type=2 2 2 2 2 2 2 2 2 2 2 2 2 2 2 2 2 2 2 2 2 2 2 2 2 2 2 2 2 2
left_child=1 -1 4 6 16 -6 7 22 10 -9 -8 12 13 23 -15 -14 18 27 19 -2 -21 -22 29 24 -5 -26 -25 28 -18 -4
right_child=2 -3 3 11 5 -7 8 9 -10 -11 -12 -13 15 14 -16 -17 17 -19 -20 20 21 -23 -24 26 25 -27 -28 -29 -30 -31
leaf_value=-0.030221355852988036 0.34816475837062044 -1.2423835055902601 1.2233977616490688 -0.091641991671322615 0.064174071653522277 -0.84183957086081485 -0.077053699065147654 2.1043247302553869 -0.34976631887562976 0.24508521308501563 0.72355499013903601 0.048924283474093562 -1.6236969838983246 -0.037239052886341481 -3.3230559994777047 -0.35217760304891277 -0.63781052785502235 0.2074671648459992 0.15371751115335344 3.3178532791137698 0.45592617717821426 1.5318018386477517 1.0649996019493451 0.57925639326027845 0.9448519715724828 0.056246424417169594 -0.30387632849197543 0.45417405753223988 -2.8317124214172367 -0.23349110171754167
leaf_weight=25752 334 48 34 4674 1777 143 504 55 2040 45 168 26568 56 47 24 640 44 648 428 25 164 105 55 359 154 424 126 27 25 483
leaf_count=25752 334 48 34 4674 1777 143 504 55 2040 45 168 26568 56 47 24 640 44 648 428 25 164 105 55 359 154 424 126 27 25 483
internal_value=4.26829e-06 -0.0324765 0.0208626 0.00812052 0.145735 -0.00330507 -0.152671 0.169882 -0.232596 1.26767 0.123098 0.0245731 -0.0748983 -0.0294108 -1.14794 -0.454484 0.304711 0.0643077 0.474087 0.692427 1.08353 0.875878 -0.0220379 -0.0155681 -0.0493105 0.293003 0.349824 -0.902018 -1.4327 -0.13768
internal_weight=65976 25800 40176 36456 3720 1920 3384 672 2712 100 672 33072 6504 5808 71 696 1800 744 1056 628 294 269 572 5737 5252 578 485 96 69 517
internal_count=65976 25800 40176 36456 3720 1920 3384 672 2712 100 672 33072 6504 5808 71 696 1800 744 1056 628 294 269 572 5737 5252 578 485 96 69 517
is_linear=0
shrinkage=0.05


Tree=255
num_leaves=31
num_cat=1
split_feature=61 63 61 75 57 3 67 4 35 72 57 57 74 4 60 3 1 74 75 63 61 13 0 75 63 62 58 62 33 63
split_gain=17866.9 49107.2 42853.3 42224.8 39846.3 49261.6 46798.6 31973.3 41282.8 53634.3 30249.8 49576.4 35264.8 33279.4 80183.9 35232.7 43164.9 29870.7 41813.7 29464.6 31874 42024.3 80577.8 55164.7 39264.8 36879 46866.4 35120.9 51004.3 32699.3
threshold=999.6592288047766 870.34600000000012 854.49650000000008 833.61758994565105 868.09341781638921 7.5000000000000009 1.1625000000000005 1.5000000000000002 51.500000000000007 12.875000000000004 1263.4405000000002 1158.1971550000003 -0.71666666666666401 2.5000000000000004 887.8075 8.5000000000000018 5.5000000000000009 1.7833333333333337 1105.6700485080003 1228.7154556123153 1162.7510000000004 0 2024.5000000000002 951.55133333333345 910.64150000000006 1051.8460000000002 953.92375317580115 1402.6590000000003 97.500000000000014 1026.2243377755601
decision_type=2 2 2 2 2 2 2 2 2 2 2 2 2 2 2 2 2 2 2 2 2 9 2 2 2 2 2 2 2 2
left_child=1 2 -1 -3 5 -2 -7 -8 9 -9 11 13 -13 14 15 -5 -17 18 -15 20 21 29 23 -23 -22 -25 -27 -26 -29 -6
right_child=4 3 -4 10 19 6 7 8 -10 -11 -12 12 -14 17 -16 16 -18 -19 -20 -21 24 22 -24 25 27 26 -28 28 -30 -31
leaf_value=0.019309933092686301 -1.3167527176953595 -0.12215225465841278 -0.21055178225561055 0.51908496142464344 -0.14476096258770038 0.89533124222474947 -0.58188177818332665 -1.2249911163488161 1.4272884176969529 0.78457664959132678 -0.47694843849572149 1.2741759795184231 0.38225098650865447 0.088355206948717638 0.11397849541086058 0.92730377252883978 2.5894042322268853 -0.18423033238995529 0.61380403560654428 0.029466599523735423 0.50654095947493072 2.1079650262423928 2.6216869899204802 0.58368815445356959 -0.16720661481427654 -2.1676626281605826 0.047024075141255284 0.14680695633008464 2.3479611752288685 0.034084849407663056
leaf_weight=8438 116 1592 2669 347 3570 85 448 69 50 64 184 153 402 4946 1343 157 52 890 410 21814 239 35 42 118 8174 36 71 438 28 8996
leaf_count=8438 116 1592 2669 347 3570 85 448 69 50 64 184 153 402 4946 1343 157 52 890 410 21814 239 35 42 118 8174 36 71 438 28 8996
internal_value=4.05501e-06 0.0373208 -0.0359256 0.114979 -0.0181386 -0.360902 -0.206043 -0.354406 0.202475 -0.257981 0.157473 0.17089 0.628133 0.139734 0.323029 0.827982 1.34084 0.0840057 0.128578 -0.0115919 -0.052777 -0.00249469 0.57073 0.261372 -0.125649 -0.0258753 -0.698104 -0.143137 0.279065 -0.0167119
internal_weight=65976 21583 11107 10476 44393 832 716 631 183 133 8884 8700 555 8145 1899 556 209 6246 5356 43561 21747 12868 302 260 8879 225 107 8640 466 12566
internal_count=65976 21583 11107 10476 44393 832 716 631 183 133 8884 8700 555 8145 1899 556 209 6246 5356 43561 21747 12868 302 260 8879 225 107 8640 466 12566
cat_boundaries=0 1
cat_threshold=9
is_linear=0
shrinkage=0.05


Tree=256
num_leaves=31
num_cat=0
split_feature=74 59 61 63 61 75 57 72 56 63 7 61 1 57 61 57 2 71 3 65 63 75 71 67 33 2 75 18 69 56
split_gain=17852.3 20862.6 19344.7 43220.4 38271.8 38265.8 34993.3 34849.4 32721.1 30847.5 28587.8 35703.6 28177.1 47321.1 44199.5 37924.3 36451.4 73641.1 36256 38699.7 34641.3 38188 33753.9 37273.3 36059.2 32543.2 40528.2 32391.5 32084.2 32442.7
threshold=7.0500000000000034 1584.1075000000003 999.6592288047766 870.34600000000012 854.49650000000008 853.44050000000004 717.10275140001852 9.4750000000000032 752.37464914625957 1228.7154556123153 1.0000000180025095e-35 626.14902020966554 4.5000000000000009 946.80500000000018 1198.6563375364951 1429.2002758893302 22.500000000000004 10.958333333333337 8.5000000000000018 1.0000000180025095e-35 1056.6762209786452 1040.3270000000005 1.3083333333333338 0.42500000000000027 12.500000000000002 27.500000000000004 1445.0857697511119 1.0000000180025095e-35 9.8177777777777937 943.70991480223972
decision_type=2 2 2 2 2 2 2 2 2 2 2 2 2 2 2 2 2 2 2 2 2 2 2 2 2 2 2 2 2 2
left_child=2 -2 3 4 10 7 -4 -5 -7 12 -1 -12 13 16 15 20 17 -8 -18 27 21 -15 23 -16 -25 28 -27 -20 -14 -30
right_child=1 -3 6 5 -6 8 9 -9 -10 -11 11 -13 25 14 22 -17 18 -19 19 -21 -22 -23 -24 24 -26 26 -28 -29 29 -31
leaf_value=-0.016402112479442978 0.26050583637165792 -0.55450603986487668 -1.4161850926611159 0.31823333841738077 -0.1989273443868643 1.3315144691174314 -0.39005540851074072 -0.17734325614415314 0.14976359742001547 0.021848123225749205 -0.67119740539408745 0.34887743425516604 -0.11729158772753828 0.10412353543757365 -0.20259134223601266 -1.2953300070867204 -0.68745335912940531 -1.6700398035803621 0.5300078242163484 -1.3666279402646153 0.093560580035392929 -0.42721655345796039 -0.42538237359223618 0.039343165550658955 1.7669262135570702 -0.16028213133331681 -1.1161622388554473 2.6978776517368499 0.3799771231944622 0.02791155384360778
leaf_weight=7339 1030 85 45 445 2653 59 477 1749 8141 21253 94 981 3823 580 335 57 101 147 96 22 3175 811 1391 67 55 1627 119 21 709 8489
leaf_count=7339 1030 85 45 445 2653 59 477 1749 8141 21253 94 981 3823 580 335 57 101 147 96 22 3175 811 1391 67 55 1627 119 21 709 8489
internal_value=3.85238e-06 0.198375 -0.00340627 0.0354248 -0.0333399 0.108642 -0.022608 -0.0768275 0.158266 -0.0211615 0.0188711 0.25968 -0.062519 -0.142622 -0.0962167 -0.0135972 -0.490179 -0.69159 0.0334899 0.557341 0.00240339 -0.205666 -0.302899 0.0699099 0.818172 -0.0227306 -0.225431 0.919113 0.00444968 0.0550495
internal_weight=65976 1115 64861 21461 11067 10394 43400 2194 8200 43355 8414 1075 22102 7335 6471 4623 864 624 240 139 4566 1391 1848 457 122 14767 1746 117 13021 9198
internal_count=65976 1115 64861 21461 11067 10394 43400 2194 8200 43355 8414 1075 22102 7335 6471 4623 864 624 240 139 4566 1391 1848 457 122 14767 1746 117 13021 9198
is_linear=0
shrinkage=0.05


Tree=257
num_leaves=31
num_cat=0
split_feature=68 66 60 23 56 2 68 73 71 73 38 68 4 27 61 60 31 2 62 75 61 2 67 9 61 2 1 0 9 37
split_gain=17924 30373.3 46315.9 41576.9 36606 38441.6 33705.3 36702.9 32974.4 39305.6 34158 48470.4 47080.2 30666.8 30487.2 29335 39901.4 41065.4 37676.1 42622.1 55802.7 39520.9 38602 41709.5 53652.7 31626.7 47098.6 30833.5 65750.7 32238.9
threshold=5.9875000000000016 19.225000000000005 1000.2955000000001 1.0000000180025095e-35 1328.6980397755603 29.500000000000004 10.312500000000002 2.133333333333336 20.308333333333337 1.3999999999999997 93.500000000000014 30.737500000000008 1.5000000000000002 0.45000000000000007 1783.9415000000001 1606.5360912356552 2.5000000000000004 24.500000000000004 1525.9514599689053 1402.7821666666671 1300.3005000000001 30.500000000000004 27.587500000000006 1.0000000180025095e-35 1591.2520000000002 3.5000000000000004 8.5000000000000018 2018.5000000000002 1.0000000180025095e-35 9.5000000000000018
decision_type=2 2 2 2 2 2 2 2 2 2 2 2 2 2 2 2 2 2 2 2 2 2 2 2 2 2 2 2 2 2
left_child=-1 4 -3 8 5 -2 -6 -8 14 10 15 12 -12 -14 -4 18 -17 -18 21 22 -21 25 -20 24 -24 26 -10 28 -22 -29
right_child=1 2 3 -5 6 -7 7 -9 9 -11 11 -13 13 -15 -16 16 17 -19 19 20 27 -23 23 -25 -26 -27 -28 29 -30 -31
leaf_value=0.051404381299326091 -0.046111917452098174 0.21085115337691526 -0.092955853435055399 -0.41217071633195757 -0.1417164487150295 0.23064606836285201 -0.39572629519673286 -1.4814154142354217 0.67307999328304946 0.25109235556851367 -2.5122821582481265 1.1741559144013969 -0.30723399877797614 -2.1477388198375702 -0.87874744355212897 0.046541667631312081 -0.14814042729168547 -0.77545101221185186 0.4159284630798018 1.859301762885236 -0.1638043132643183 -0.7910785687278058 1.1462988919606716 0.54802039265632629 4.217109147071838 0.0070168373597875883 -0.21018433618885668 0.03591657166028496 -3.2245764830335975 0.58901943832329695
leaf_weight=13492 27364 3085 3462 587 1074 1315 301 105 439 2051 32 39 239 25 128 2368 1275 328 243 47 143 145 33 55 25 6014 230 947 20 365
leaf_count=13492 27364 3085 3462 587 1074 1315 301 105 439 2051 32 39 239 25 128 2368 1275 328 243 47 143 145 33 55 25 6014 230 947 20 365
internal_value=3.65974e-06 -0.0132099 0.0309996 0.00216166 -0.0459356 -0.0334219 -0.288423 -0.676508 0.0152005 0.047655 0.0155885 -0.482756 -0.701066 -0.481524 -0.120973 0.0287576 -0.0838621 -0.276498 0.080126 0.278458 0.163257 0.025576 0.770976 1.53448 2.46992 0.0432948 0.369417 0.109213 -0.539359 0.18979
internal_weight=65976 52484 22325 19240 30159 28679 1480 406 18653 15063 13012 335 296 264 3590 12677 3971 1603 8706 1878 1522 6828 356 113 58 6683 669 1475 163 1312
internal_count=65976 52484 22325 19240 30159 28679 1480 406 18653 15063 13012 335 296 264 3590 12677 3971 1603 8706 1878 1522 6828 356 113 58 6683 669 1475 163 1312
is_linear=0
shrinkage=0.05


Tree=258
num_leaves=31
num_cat=1
split_feature=2 48 5 0 67 1 3 1 71 0 31 8 1 72 14 68 75 73 73 3 19 70 68 62 3 41 4 13 4 75
split_gain=17892.9 25484.2 39256.4 38081.4 45731.9 41733.7 64971.5 21001.4 20614.6 20487.1 25734.1 56914.3 58397.1 36002.3 46097 26293.8 25625.5 25047.3 23626 37679.3 33336.8 24406.2 30212.3 46700.9 22555.6 28773.8 24203.3 22962.7 64766.8 66537.9
threshold=1.5000000000000002 0.29166666650000006 1.0000000180025095e-35 2018.5000000000002 6.1125000000000016 1.5000000000000002 11.500000000000002 6.5000000000000009 -1.7499999999999993 2023.5000000000002 76.500000000000014 1.0000000180025095e-35 3.5000000000000004 1.5250000000000004 0.25000000000000006 -0.56249999999999989 2055.8465000000006 -8.4249999999999972 -2.1999999999999984 13.500000000000002 1.0000000180025095e-35 16.725000000000005 12.112500000000002 1128.8015317799302 21.500000000000004 95.500000000000014 1.5000000000000002 0 6.5000000000000009 1533.7430000000002
decision_type=2 2 2 2 2 2 2 2 2 2 2 2 2 2 2 2 2 2 2 2 2 2 2 2 2 2 2 9 2 2
left_child=1 2 3 4 -1 6 -5 -6 -7 16 15 13 -13 14 -12 17 24 -11 19 20 -15 22 23 -21 27 -26 -27 28 29 -2
right_child=9 -3 -4 5 7 8 -8 -9 -10 10 11 12 -14 18 -16 -17 -18 -19 -20 21 -22 -23 -24 -25 25 26 -28 -29 -30 -31
leaf_value=-3.1324600869959056 -0.31296457872896993 0.032206066520815521 -2.1577947175928527 -3.1891453481146268 0.21283870004117489 1.1909642832353711 -0.079743653997069314 -1.185082617531652 -0.10204235518240326 2.0557973027229308 0.44502501553368001 -0.060465126866031262 3.4845500689286455 0.23135124537268004 2.3459584944957013 -0.0025632203864498788 -1.3820109464885559 0.29268158482338646 0.051014759623383858 -1.1729893226623536 -1.3822658582345435 0.13340904304274806 2.1929867691718616 1.2531721688807012 -0.060577108789908719 -1.1345644105865498 -0.29219680654316593 0.0064654133579352124 0.79291209452080003 -2.7099881259600322
leaf_weight=22 828 1078 28 28 44 32 42 69 840 21 231 21 26 203 37 9192 34 494 2900 25 38 81 52 96 3484 99 615 45154 132 30
leaf_count=22 828 1078 28 28 44 32 42 69 840 21 231 21 26 203 37 9192 34 494 2900 25 38 81 52 96 3484 99 615 45154 132 30
internal_value=3.47651e-06 -0.140756 -0.309492 -0.261439 -1.04681 -0.148885 -1.3235 -0.640759 -0.0545926 0.00482027 0.0597248 0.171734 1.90061 0.149551 0.707467 0.0169151 -0.00980284 0.364576 0.105509 0.424767 -0.023078 0.84969 1.18506 0.751899 -0.00887608 -0.119836 -0.408996 0.00121866 -0.23577 -0.396777
internal_weight=65976 2183 1105 1077 135 942 70 113 872 63793 13417 3710 47 3663 268 9707 50376 515 3395 495 241 254 173 121 50342 4198 714 46144 990 858
internal_count=65976 2183 1105 1077 135 942 70 113 872 63793 13417 3710 47 3663 268 9707 50376 515 3395 495 241 254 173 121 50342 4198 714 46144 990 858
cat_boundaries=0 1
cat_threshold=50
is_linear=0
shrinkage=0.05


Tree=259
num_leaves=31
num_cat=0
split_feature=24 0 1 1 0 20 2 2 20 2 2 56 2 7 0 72 17 58 38 61 0 71 34 67 2 60 2 4 56 2
split_gain=17550.8 17959.3 27607.2 36177.2 31721 51140.3 39643.4 30361.3 42326 29619.1 56941.6 38080.7 29464.5 47880.3 28609.3 28263.6 35373 27598.8 40813.6 30117.5 32322 46881.7 40175.2 39316.4 44433.7 49886.7 39248.4 33376.1 32138.5 36441.4
threshold=3.0500000000000003 2020.5000000000002 1.5000000000000002 2.5000000000000004 2021.5000000000002 1.0000000180025095e-35 7.5000000000000009 18.500000000000004 0.15000000000000005 18.500000000000004 8.5000000000000018 1377.2289349689052 5.5000000000000009 1.0000000180025095e-35 2024.5000000000002 0.56666666666666676 1.0000000180025095e-35 1212.6650000000002 93.500000000000014 900.99350000000015 2019.5000000000002 18.991666666666671 95.500000000000014 20.887500000000006 4.5000000000000009 1379.0815000000002 3.5000000000000004 3.5000000000000004 1260.7312986746667 4.5000000000000009
decision_type=2 2 2 2 2 2 2 2 2 2 2 2 2 2 2 2 2 2 2 2 2 2 2 2 2 2 2 2 2 2
left_child=1 17 7 4 5 9 14 15 -9 10 -4 -11 13 -5 -6 16 -3 -1 19 -19 21 28 -23 -22 25 26 27 -25 -21 -30
right_child=-2 2 3 12 6 -7 -8 8 -10 11 -12 -13 -14 -15 -16 -17 -18 18 -20 20 23 22 -24 24 -26 -27 -28 -29 29 -31
leaf_value=-0.00082471636349013195 -0.34292831141464014 0.51448378488302549 -0.296179170312458 -0.029859287310434142 -0.077751627506037799 1.9192908083781219 -0.3323239589267335 0.067646730086834139 -0.83837020481136482 -0.19350159353851765 0.91401857665257913 -2.4722785043716433 0.046647906488147262 -0.51367820938072217 0.67567025484583743 0.20545947847033955 2.1229359234869483 -1.6931520923458299 -0.57762854795427054 0.03008463063092336 0.027326025741663332 0.13745429691665725 -1.8374069149677572 -0.69108687705463834 -0.52474115969115587 -0.45952458414402636 3.170259416103363 1.679329015269424 -1.9474976663078583 -0.41670511796728604
leaf_weight=19276 371 235 190 4824 504 39 2035 1398 142 220 199 20 27483 572 168 1865 40 29 454 467 866 2709 26 27 1108 91 20 33 42 523
leaf_count=19276 371 235 190 4824 504 39 2035 1398 142 220 199 20 27483 572 168 1865 40 29 454 467 866 2709 26 27 1108 91 20 33 42 523
internal_value=3.35174e-06 0.00194265 0.0229174 0.00967225 -0.146223 0.162353 -0.222369 0.153403 -0.0158951 0.0534177 0.322919 -0.3834 0.0256747 -0.0811462 0.110604 0.275235 0.74844 -0.0306858 -0.120694 -0.0857759 -0.0778912 0.0103289 0.11868 -0.232821 -0.408965 0.34121 1.25205 0.612642 -0.276824 -0.530499
internal_weight=65976 65605 39934 36254 3375 668 2707 3680 1540 629 389 240 32879 5396 672 2140 275 25671 6395 5941 5912 3767 2735 2145 1279 171 80 60 1032 565
internal_count=65976 65605 39934 36254 3375 668 2707 3680 1540 629 389 240 32879 5396 672 2140 275 25671 6395 5941 5912 3767 2735 2145 1279 171 80 60 1032 565
is_linear=0
shrinkage=0.05


Tree=260
num_leaves=31
num_cat=0
split_feature=75 62 72 31 24 68 71 1 62 2 75 57 0 70 9 2 2 2 72 69 4 61 63 74 73 4 33 65 70 30
split_gain=17352.8 45452.6 36764.2 37763.6 31935.6 29862 39011.1 29284.1 37332.5 36582.8 35990.4 39291.4 40209.6 36344.9 39515.6 31909.2 24425.4 22652.7 22546.6 23787.1 23803.9 30041.7 30736.7 23499.8 21790.9 21657.6 22157.1 50409.9 21173 35874.5
threshold=1611.0641042860404 1545.8410000000001 20.991666666666674 1.5000000000000002 1.0000000180025095e-35 28.462500000000009 20.075000000000006 7.5000000000000009 1706.4025000000004 30.500000000000004 1402.7821666666671 1373.6210000000003 2018.5000000000002 29.191666666666674 1.0000000180025095e-35 30.500000000000004 25.500000000000004 23.500000000000004 28.333333333333339 337.02847222222232 1.5000000000000002 1614.8391708709903 1217.5143697040703 6.6333333333333364 1.7333333333333314 2.5000000000000004 2.5000000000000004 1.0000000180025095e-35 29.866666666666671 65.500000000000014
decision_type=2 2 2 2 2 2 2 2 2 2 2 2 2 2 2 2 2 2 2 2 2 2 2 2 2 2 2 2 2 2
left_child=1 28 -2 5 7 16 -7 8 15 10 13 12 -12 25 -15 -3 24 -5 19 20 -8 22 -22 -24 -4 -9 -27 -28 -1 -30
right_child=2 4 3 17 -6 6 18 9 -10 -11 11 -13 -14 14 -16 -17 -18 -19 -20 -21 21 -23 23 -25 -26 26 27 -29 29 -31
leaf_value=-0.0061390337562479127 -0.38066669764493488 0.40652587819287533 -0.039079060916852509 -0.098684778561289974 -0.7455729992264275 -0.63580775270156109 0.80708641894161703 -0.073237962710360691 1.3235114869253661 1.5162933002347532 -2.6140548275067257 0.039740221624208774 -0.44678028809630183 2.9472510714616096 0.42718866518565585 -1.4858026026383691 -0.6405403345420555 -0.5313096818812002 1.0111287080084108 1.7933315441608428 -0.7114911952936972 -0.021737066348238538 1.0458644635655692 -0.58739904999732973 1.5699656253511256 0.27940479168212234 0.57568624742103347 3.4411182653903967 0.17295988699563902 1.7629272391667237
leaf_weight=57599 897 709 483 1304 86 113 156 240 113 46 26 1111 121 28 35 23 185 394 112 25 37 720 185 25 22 196 66 20 862 37
leaf_count=57599 897 709 483 1304 86 113 156 240 113 46 26 1111 121 28 35 23 185 394 112 25 37 720 185 25 22 196 66 20 862 37
internal_value=3.18431e-06 0.00707071 -0.0930339 -0.0244334 0.203136 0.119305 0.254161 0.232979 0.477645 0.123533 0.0887705 -0.0619034 -0.830108 0.412784 1.54722 0.347067 -0.149038 -0.19907 0.333976 0.267912 0.233953 0.141493 0.617307 0.851428 0.0310179 0.27587 0.572982 1.24207 -0.00238098 0.238398
internal_weight=65976 61318 4658 3761 2820 2063 1373 2734 845 1889 1843 1258 147 585 63 732 690 1698 1260 1148 1123 967 247 210 505 522 282 86 58498 899
internal_count=65976 61318 4658 3761 2820 2063 1373 2734 845 1889 1843 1258 147 585 63 732 690 1698 1260 1148 1123 967 247 210 505 522 282 86 58498 899
is_linear=0
shrinkage=0.05


Tree=261
num_leaves=31
num_cat=0
split_feature=71 1 65 61 4 0 72 2 60 72 57 61 2 2 1 73 2 73 71 68 2 1 2 2 51 1 3 19 2 4
split_gain=16843.1 21059.8 44047.5 46413.9 45994 39137.6 41169.8 37158.1 36457.8 34927 33786.5 39359.2 32924.9 47182 35044 49343.3 40660.8 35738 48453.2 33370.7 33228.9 77599.1 32800.2 75849 32796.2 32462.1 32171.5 34961.2 32716.6 58025.3
threshold=-4.1583333333333323 5.5000000000000009 1.0000000180025095e-35 1228.5954327147103 1.5000000000000002 2024.5000000000002 18.991666666666671 19.500000000000004 744.82950000000017 12.258333333333336 2175.3095000000008 1914.4940000000004 19.500000000000004 26.500000000000004 6.5000000000000009 1.916666666666665 6.5000000000000009 -0.18333333333332821 19.341666666666672 19.962500000000006 24.500000000000004 6.5000000000000009 11.500000000000002 9.5000000000000018 0.87500000000000011 2.5000000000000004 9.5000000000000018 1.2500000000000002 2.5000000000000004 4.5000000000000009
decision_type=2 2 2 2 2 2 2 2 2 2 2 2 2 2 2 2 2 2 2 2 2 2 2 2 2 2 2 2 2 2
left_child=-1 2 3 7 -5 10 -7 9 -6 -2 -3 -12 14 20 16 -16 19 18 -18 -8 -14 -22 23 -19 -4 -9 27 -10 29 -28
right_child=1 5 24 4 8 6 12 25 26 -11 11 -13 13 -15 15 -17 17 22 -20 -21 21 -23 -24 -25 -26 -27 28 -29 -30 -31
leaf_value=0.19455747461849671 0.016757336406953011 0.013828811461536578 -0.44221876218492184 -0.47177920795140871 1.8206698948740963 -0.383657364948716 0.4470388770103455 -0.053571344206677619 -0.39606436623856262 -0.16671997377489919 -2.7002093922008168 -0.40256336087086164 0.75250470908806877 0.10810080800133133 -0.27712849331681433 1.4842014643278989 2.0538483453833538 0.8657636185261337 -0.60596426867727027 -1.7925891668632112 0.28102406427264215 3.2628963570110501 0.68785017742051024 4.2720491001239189 -0.0090633874491501381 0.1738518770102494 0.94272155598053153 -2.5328102168440818 -0.093464687819490966 -0.31987485628109424
leaf_weight=1094 9000 35730 1119 911 25 206 39 2253 447 3644 22 122 213 206 413 44 23 44 67 29 40 48 90 26 717 5169 211 20 3844 160
leaf_count=1094 9000 35730 1119 911 25 206 39 2253 447 3644 22 122 213 206 413 44 23 44 67 29 40 48 90 26 717 5169 211 20 3844 160
internal_value=3.02499e-06 -0.00327743 -0.0364689 -0.0195562 -0.146585 0.0211706 0.27244 0.0160088 -0.0836465 -0.0361208 0.0107483 -0.753593 0.377866 0.691148 0.172919 -0.107547 0.57598 0.870849 0.0737656 -0.508097 1.09018 1.9075 1.31921 2.13096 -0.273062 0.104816 -0.0938148 -0.487574 -0.0501884 0.398206
internal_weight=65976 64882 27520 25684 5618 37362 1488 20066 4707 12644 35874 144 1282 507 775 457 318 250 90 68 301 88 160 70 1836 7422 4682 467 4215 371
internal_count=65976 64882 27520 25684 5618 37362 1488 20066 4707 12644 35874 144 1282 507 775 457 318 250 90 68 301 88 160 70 1836 7422 4682 467 4215 371
is_linear=0
shrinkage=0.05


Tree=262
num_leaves=31
num_cat=0
split_feature=57 62 72 73 3 61 61 4 9 2 67 32 27 72 70 37 2 70 3 70 71 61 63 4 73 60 37 2 75 62
split_gain=17313 52360.1 45423.9 46063.2 42869.5 42918.9 41335.6 39070.3 80722.8 75611.5 50980.8 47901.8 35002.1 33569.9 31014.6 34997.4 27422.2 26281.3 26015.2 30086.6 32843.2 25182 30372 32681.2 37652.6 29630.2 28942.7 29411.7 28207.8 25307.5
threshold=1524.5447482922852 1555.7110000000002 20.308333333333337 2.6166666666666689 17.500000000000004 1351.0430000000003 1240.2453336687652 2.5000000000000004 1.0000000180025095e-35 19.500000000000004 26.187500000000007 7.5000000000000009 1.0500000000000003 21.558333333333337 28.541666666666671 12.500000000000002 21.500000000000004 32.808333333333344 11.500000000000002 29.191666666666674 30.341666666666669 1694.8995000000002 1818.6935000000001 1.5000000000000002 -0.78333333333333444 2174.6465000000003 42.500000000000007 14.500000000000002 2152.7256666666667 2124.0905000000007
decision_type=2 2 2 2 2 2 2 2 2 2 2 2 2 2 2 2 2 2 2 2 2 2 2 2 2 2 2 2 2 2
left_child=1 17 4 6 5 16 -4 8 18 -10 -9 -12 14 -13 15 -8 -2 -1 -3 -20 -21 26 28 24 -24 -25 -16 -28 -23 -26
right_child=2 7 3 -5 -6 -7 12 10 9 -11 11 13 -14 -15 21 -17 -18 -19 19 20 -22 22 23 25 29 -27 27 -29 -30 -31
leaf_value=-0.00087510650041306727 -0.8585873739490677 0.70050424832957137 0.73369482893410121 1.0989124232822138 -0.058105106534389384 -0.41389689536452512 -0.086523997200992131 0.27876317588967875 -0.035598382353782654 -3.3490482308647849 0.68110453816932015 1.0779091857373715 -1.5659026964714653 3.3185551268713818 0.32635647475480478 -0.58402210277183253 -2.3219327717435125 0.86386689437045294 -0.18267930791748718 1.2230139074606055 -0.72564932632035228 -0.21083076190598163 2.6256596656946041 -0.13962617898980775 -0.18999896949192263 0.62302461126819253 -1.0707900161296129 0.29816529998531588 -1.5131815879182382 1.7398987956047058
leaf_weight=57094 86 175 172 92 714 548 1966 752 36 33 179 32 38 35 1099 431 51 88 447 85 29 755 26 570 53 164 80 77 44 25
leaf_count=57094 86 175 172 92 714 548 1966 752 36 33 179 32 38 35 1099 431 51 88 447 85 29 755 26 570 53 164 80 77 44 25
internal_value=2.87369e-06 0.00882072 -0.0743957 -0.0106475 -0.329206 -0.611785 -0.0292074 0.274117 0.01496 -1.62029 0.483156 1.10797 -0.0538356 2.2484 -0.0429739 -0.175978 -1.40334 0.000455685 0.168265 0.00223654 0.727301 0.0672271 -0.0619874 0.14831 0.977833 0.0307754 0.235638 -0.399392 -0.28255 0.428558
internal_weight=65976 58985 6991 5592 1399 685 5500 1803 805 69 998 246 5328 67 5290 2397 137 57182 736 561 114 2893 1637 838 104 734 1256 157 799 78
internal_count=65976 58985 6991 5592 1399 685 5500 1803 805 69 998 246 5328 67 5290 2397 137 57182 736 561 114 2893 1637 838 104 734 1256 157 799 78
is_linear=0
shrinkage=0.05


Tree=263
num_leaves=31
num_cat=0
split_feature=68 1 4 0 39 61 57 37 3 3 33 57 57 4 59 61 54 57 74 62 2 73 74 75 2 40 3 60 37 1
split_gain=17098 32486.4 40212.5 37321.5 41920.8 32079.1 38076.5 33632.8 31523.4 56243.3 87275.3 55447.4 54717.6 49973.8 52682.1 48211.1 33937.2 35399.9 36039 33578 31723.3 39334.7 29556.7 29450.3 29068.8 32473.1 28985.4 28720.5 33505.5 28702.4
threshold=7.7875000000000023 3.5000000000000004 6.5000000000000009 2021.5000000000002 49.500000000000007 1086.8962842040703 1253.4091436135802 55.500000000000007 10.500000000000002 20.500000000000004 51.500000000000007 1229.5090000000002 1155.5032503197451 5.5000000000000009 1379.0815000000002 1170.7700000000002 0.79166666650000017 1102.5965000000003 3.9833333333333325 965.83930250884862 25.500000000000004 1.6666666666666674 1.8666666666666676 1320.6728333333338 19.500000000000004 98.500000000000014 14.500000000000002 901.45400000000006 92.500000000000014 8.5000000000000018
decision_type=2 2 2 2 2 2 2 2 2 2 2 2 2 2 2 2 2 2 2 2 2 2 2 2 2 2 2 2 2 2
left_child=8 2 27 4 -4 7 -7 -5 11 10 16 23 24 -13 22 -11 17 18 -10 -14 21 -21 -15 -1 25 -12 -19 -2 -29 -3
right_child=1 29 3 5 -6 6 -8 -9 9 15 12 13 19 14 -16 -17 -18 26 -20 20 -22 -23 -24 -25 -26 -27 -28 28 -30 -31
leaf_value=0.025270607449984314 -0.40433064448403322 0.029510607502182928 -0.66132203944943813 0.20397080994465133 0.3623426740703195 -2.1099344834133431 -0.47098015835360879 -0.93321779031517371 1.0810832448707994 0.19623187942407161 1.1645813925249249 -0.12243353270524238 1.8852762339930784 -1.4644377252205889 0.59348263889551167 -0.24258854787718864 0.34195401726061231 0.060028344867159848 -0.32156062283041614 0.34625737165906117 -0.11819363773188007 1.1334962016186823 -0.45747250366110759 1.5688266823368688 0.59627676286867692 2.8280420948849976 -0.35806905590892046 -0.1322717494475438 0.18357011366041254 -0.055334007125067912
leaf_weight=9764 569 27397 187 110 215 81 63 159 129 1083 81 905 38 188 56 1483 804 961 71 783 257 199 119 31 91 46 729 2423 1285 15669
leaf_count=9764 569 27397 187 110 215 81 63 159 129 1083 81 905 38 188 56 1483 804 961 71 783 257 199 119 31 91 46 729 2423 1285 15669
internal_value=2.73008e-06 -0.0154799 -0.134909 -0.456791 -0.11384 -0.790608 -1.39289 -0.468196 0.0418488 0.126959 0.239878 -0.0101189 0.546242 -0.321231 -0.816855 -0.057381 0.0698645 -0.0458816 0.583145 0.421261 0.37636 0.505789 -1.07412 0.0301558 1.27836 1.76709 -0.120323 -0.0735728 -0.0228174 -0.00135899
internal_weight=65976 48158 5092 815 402 413 144 269 17818 6755 4189 11063 1495 1268 363 2566 2694 1890 200 1277 1239 982 307 9795 218 127 1690 4277 3708 43066
internal_count=65976 48158 5092 815 402 413 144 269 17818 6755 4189 11063 1495 1268 363 2566 2694 1890 200 1277 1239 982 307 9795 218 127 1690 4277 3708 43066
is_linear=0
shrinkage=0.05


Tree=264
num_leaves=31
num_cat=0
split_feature=57 37 62 75 65 1 2 67 67 9 63 28 68 2 1 0 62 71 66 73 1 69 61 75 60 63 62 69 71 73
split_gain=16806.9 48226.4 45367.4 41748.5 61796.7 46782.5 40597.6 41771.9 40263.9 70150.4 49674.8 40463.9 38860 38062.8 49446 42019.6 92807.2 41343.6 37466.3 36759.7 36031.8 34532.6 34202 32808.4 32269.3 46658.5 32212.2 33973.1 56188.4 31814.6
threshold=1402.1595000000002 32.500000000000007 1452.0795000000003 1415.9757679422271 1.0000000180025095e-35 7.5000000000000009 4.5000000000000009 -4.3874999999999984 24.237500000000004 1.0000000180025095e-35 1550.6076849930303 19.500000000000004 34.562500000000007 26.500000000000004 11.500000000000002 2022.5000000000002 1687.6401425000001 32.808333333333344 31.566666666666674 1.5000000000000016 5.5000000000000009 62.410000000000025 2150.1095000000005 1917.7038333333335 1970.6030000000003 1789.2425000000001 1565.2290000000003 120.26777777777779 4.5250000000000012 1.0166666666666704
decision_type=2 2 2 2 2 2 2 2 2 2 2 2 2 2 2 2 2 2 2 2 2 2 2 2 2 2 2 2 2 2
left_child=2 13 12 4 -4 -6 7 -3 -7 10 -10 -11 -1 17 15 16 -15 19 24 -2 -21 -9 23 -17 26 -26 27 28 -8 -5
right_child=1 6 3 29 5 8 18 21 9 11 -12 -13 -14 14 -16 22 -18 -19 -20 20 -22 -23 -24 -25 25 -27 -28 -29 -30 -31
leaf_value=-6.3327996743921001e-06 -0.038576007369006113 -2.9779873603209857 0.14584245994068834 -0.51115503350233704 1.6094411704922096 0.14061593524827304 -2.3146770385178654 -1.7786619917401727 1.1846189155465081 0.79570586802595755 3.8485269029935205 -1.8067070771753788 1.0229684619813837 -0.18059733835168801 -2.3548629701137545 -0.42096395379428764 1.3614905276432121 0.43180454638577248 0.54274970019496116 -0.2184335429161787 0.47994279574281429 -0.37408204983430082 0.40475889901210976 -1.3249776439587202 -2.4447618813086782 -0.31738043525501303 0.14650075532319373 -0.11279654963449555 -0.45680358140176075 0.59058133456636885
leaf_weight=52423 5431 20 1413 286 128 262 44 53 42 59 30 20 93 614 27 409 116 645 172 250 707 251 91 133 39 76 559 956 542 85
leaf_count=52423 5431 20 1413 286 128 262 44 53 42 59 30 20 93 614 27 409 116 645 172 250 707 251 91 133 39 76 559 956 542 85
internal_value=2.59347e-06 -0.0560027 0.011374 0.227508 0.31983 0.774255 -0.239384 -0.764578 0.515408 1.16571 2.29458 0.136867 0.00180524 0.00304172 -0.236042 -0.19407 0.0644468 0.0502942 -0.168127 0.0117728 0.297504 -0.618959 -0.492201 -0.642798 -0.223303 -1.03884 -0.178664 -0.296541 -0.596303 -0.258736
internal_weight=65976 11135 54841 2325 1954 541 2712 324 413 151 72 79 52516 8423 1390 1363 730 7033 2388 6388 957 304 633 542 2216 115 2101 1542 586 371
internal_count=65976 11135 54841 2325 1954 541 2712 324 413 151 72 79 52516 8423 1390 1363 730 7033 2388 6388 957 304 633 542 2216 115 2101 1542 586 371
is_linear=0
shrinkage=0.05


Tree=265
num_leaves=31
num_cat=0
split_feature=72 57 71 45 67 2 32 2 74 73 73 61 62 62 62 70 40 4 75 65 1 73 33 66 63 63 75 72 72 37
split_gain=16533.9 17269.5 46460.4 44811.4 40943.6 43293.4 53669.6 40146.3 37038.4 42211.6 35939.9 36496.2 66870.2 35555.7 34754.6 34546.4 32748.5 31969.7 31830.8 45969.3 53975.4 39372.4 37531.5 52157.4 29780.4 29217.7 26063 25819.2 26665.2 47857.1
threshold=-7.1416666666666648 1402.1595000000002 20.308333333333337 0.62500000000000011 30.087500000000006 4.5000000000000009 20.500000000000004 30.500000000000004 3.4166666666666621 1.4166666666666685 1.3833333333333304 1288.9932212147103 1422.2505913549351 1230.1434280364954 1452.0795000000003 8.4750000000000032 97.500000000000014 1.5000000000000002 1415.9757679422271 1.0000000180025095e-35 7.5000000000000009 0.85000000000000042 5.5000000000000009 23.541666666666671 1365.0355000000002 1303.6415000000004 1316.0585154589519 34.291666666666679 7.9666666666666677 97.500000000000014
decision_type=2 2 2 2 2 2 2 2 2 2 2 2 2 2 2 2 2 2 2 2 2 2 2 2 2 2 2 2 2 2
left_child=-1 4 3 8 14 -6 -7 -5 13 -10 11 12 17 26 27 -15 -13 -4 19 -16 -21 -20 24 -24 -22 -14 -3 28 29 -2
right_child=1 2 10 7 5 6 -8 -9 9 -11 -12 16 25 15 18 -17 -18 -19 21 20 22 -23 23 -25 -26 -27 -28 -29 -30 -31
leaf_value=0.3890266746405841 0.0042578185256656317 -2.6885045996079082 -1.7442415085823642 0.09041496833547473 1.6396636169658949 -0.0027886475235355062 2.247442733446757 -2.1720727005600931 -0.37122454232555346 0.28311710624051267 0.29281406467604748 -0.058937964463822157 3.1308156251907349 -0.23281516873459351 0.13530969762663778 -1.1039175171580091 -1.1702748160753678 0.16339543410089227 -0.61527663566438218 1.6364418341435938 -0.75347981767645533 0.65961139022585868 0.41994213494989607 3.5554262729960366 0.44265687458033282 1.0390658282259904 -0.98528638837915483 0.56674309262079214 -0.027849023159689835 0.21341359247909703
leaf_weight=272 12628 26 23 998 73 227 30 20 863 345 954 6244 20 482 1411 149 67 487 224 117 67 83 36 21 233 101 165 199 35920 3491
leaf_count=272 12628 26 23 998 73 227 30 20 863 345 954 6244 20 482 1411 149 67 487 224 117 67 83 36 21 233 101 165 199 35920 3491
internal_value=2.46429e-06 -0.00160801 -0.058948 -0.224761 0.00985162 0.565108 0.259884 0.0459653 -0.360525 -0.184347 0.00505896 -0.0344856 0.328079 -0.619433 0.00648519 -0.438511 -0.0707363 0.0773647 0.201528 0.278421 0.704433 -0.2706 0.398985 1.57512 0.17552 1.38481 -1.21714 -0.00169915 -0.00387291 0.0495561
internal_weight=65976 65704 10944 3048 54760 330 257 1018 2030 1208 7896 6942 631 822 54430 631 6311 510 2192 1885 474 307 357 57 300 121 191 52238 52039 16119
internal_count=65976 65704 10944 3048 54760 330 257 1018 2030 1208 7896 6942 631 822 54430 631 6311 510 2192 1885 474 307 357 57 300 121 191 52238 52039 16119
is_linear=0
shrinkage=0.05


Tree=266
num_leaves=31
num_cat=1
split_feature=0 57 50 72 0 2 57 63 75 2 73 74 3 4 1 73 75 4 70 0 63 57 61 3 13 60 3 28 19 3
split_gain=16800.1 28518.3 39280.4 55495.2 48668.6 35846.9 36155.6 35016.4 35562 26263.5 25000.2 24419.4 39770.1 46992.8 36120.3 29463.3 29341.6 27414 26325.1 29167.6 25739.7 22946.3 24133.6 42305.6 61373.3 43640 42468.7 46363.6 42245.8 45016.1
threshold=2020.5000000000002 1256.7745000000002 0.54166666650000017 19.958333333333339 2019.5000000000002 4.5000000000000009 1379.1319211958903 1616.1680000000003 1389.7760000000001 30.500000000000004 1.1333333333333304 2.558333333333334 12.500000000000002 5.5000000000000009 3.5000000000000004 2.2666666666666684 948.28598493837103 6.5000000000000009 29.866666666666671 2022.5000000000002 1324.0610000000004 717.10275140001852 874.3641710848932 12.500000000000002 0 796.88605433238308 1.5000000000000002 98.500000000000014 1.0000000180025095e-35 20.500000000000004
decision_type=2 2 2 2 2 2 2 2 2 2 2 2 2 2 2 2 2 2 2 2 2 2 2 2 9 2 2 2 2 2
left_child=1 -1 3 -3 7 6 -6 10 -9 -10 -5 21 15 14 20 -13 -16 -15 19 -18 -14 -2 -23 24 26 -26 -24 -28 -25 -30
right_child=11 2 -4 4 5 -7 -8 8 9 -11 -12 12 13 17 16 -17 18 -19 -20 -21 -22 22 23 28 25 -27 27 -29 29 -31
leaf_value=-0.0054377803062743892 -0.3745861368420631 -0.49870247757157043 0.082445722098494406 -0.1271639167585715 1.6222367951055852 -0.51620276459214975 -0.2200288089678476 2.3271066859916405 0.24988007180219474 2.1441680890321733 0.45308308483494653 0.13012400794688 0.43543608461817107 0.57359099002100356 1.5808768415451051 0.46978043777431361 -0.069555874771626613 -0.02942009526267448 0.35039173963108688 -0.58200486664742968 -0.31312376025032868 0.10653704424079605 0.059555843794682872 0.012878081555932253 -1.261696181847499 0.89710159372776122 -0.10326587764166106 -0.39964466837956042 0.43212892265722519 -0.21944657978957849
leaf_weight=20715 402 1229 1450 1061 41 741 76 27 215 20 225 4576 327 381 20 742 411 373 123 856 177 4988 2885 13989 26 235 6464 1658 1203 340
leaf_count=20715 402 1229 1450 1061 41 741 76 27 215 20 225 4576 327 381 20 742 411 373 123 856 177 4988 2885 13989 26 235 6464 1658 1203 340
internal_value=2.34055e-06 -0.0314828 -0.137584 -0.225353 -0.0857251 -0.387782 0.425551 0.081694 0.608548 0.411096 -0.0256433 0.0202213 0.0984831 -0.0590475 -0.190754 0.177515 -0.320616 0.275284 -0.347975 -0.415772 0.172549 0.000805399 0.00555271 -0.0132424 -0.0869975 0.656881 -0.105138 -0.163768 0.0402647 0.288554
internal_weight=65976 25800 5085 3635 2406 858 117 1548 262 235 1286 40176 7986 2668 1914 5318 1410 754 1390 1267 504 32190 31788 26800 11268 261 11007 8122 15532 1543
internal_count=65976 25800 5085 3635 2406 858 117 1548 262 235 1286 40176 7986 2668 1914 5318 1410 754 1390 1267 504 32190 31788 26800 11268 261 11007 8122 15532 1543
cat_boundaries=0 1
cat_threshold=131
is_linear=0
shrinkage=0.05


Tree=267
num_leaves=31
num_cat=0
split_feature=6 61 72 1 65 1 61 7 9 2 4 73 73 61 68 1 4 72 15 2 3 3 4 1 63 2 73 37 1 70
split_gain=16600 22791.9 23442.9 18959.3 48957.2 35793.9 42025.5 51631.3 37117.9 61860.5 66176.4 44656.2 36988.4 34641.8 34331.2 57400.8 58648.8 68655.8 53760 44676 88616.6 38919.3 49679.7 40733.5 37602.8 52183.7 35881.9 39421.4 66345.4 34392.1
threshold=1.0000000180025095e-35 1002.8899887414251 13.258333333333336 5.5000000000000009 1.0000000180025095e-35 6.5000000000000009 1165.3556614972752 1.0000000180025095e-35 1.0000000180025095e-35 6.5000000000000009 1.5000000000000002 -0.20000000000000012 -0.64999999999999758 725.2505000000001 12.487500000000002 11.500000000000002 2.5000000000000004 11.191666666666668 1.0000000180025095e-35 30.500000000000004 19.500000000000004 4.5000000000000009 1.5000000000000002 11.500000000000002 1320.4056067147103 11.500000000000002 -0.34999999999999937 1.0000000180025095e-35 7.5000000000000009 27.566666666666674
decision_type=2 2 2 2 2 2 2 2 2 2 2 2 2 2 2 2 2 2 2 2 2 2 2 2 2 2 2 2 2 2
left_child=3 2 -2 4 13 6 -5 8 11 -10 -11 -8 -12 -1 15 16 17 -7 21 24 -21 22 -16 -23 25 -17 27 -24 -29 -28
right_child=1 -3 -4 5 -6 14 7 -9 9 10 12 -13 -14 -15 18 19 -18 -19 -20 20 -22 23 26 -25 -26 -27 29 28 -30 -31
leaf_value=0.34049919536393536 0.82586819556174851 -0.99918583810329453 0.13680890472111654 0.2566251912367436 -0.28902683676000879 0.91892439569875295 -0.21821043384110572 -1.6581033197489192 -2.7075178037087126 -1.9368406405186525 -0.90995803840306344 0.24480872873740209 0.753723620765266 -0.025864995696310102 -0.57480535306277358 0.16824324225154461 0.10061979369764738 0.15659374368184853 -0.46036115523130328 -0.31391552961680275 -3.4128434623990742 0.021730787869539307 -0.079843307576501876 -0.66601870866885426 0.43835438839484786 -0.18808670175152231 -0.0016889547982701801 -2.0273901757356283 -0.40342729853772891 1.0802284517178411
leaf_weight=662 165 35 490 3187 1760 556 818 47 30 46 49 1433 105 25469 607 1664 3104 630 714 131 28 17343 808 218 430 2686 2192 74 419 76
leaf_count=662 165 35 490 3187 1760 556 818 47 30 46 49 1433 105 25469 607 1664 3104 630 714 131 28 17343 808 218 430 2686 2192 74 419 76
internal_value=2.22366e-06 0.243961 0.310389 -0.00257615 -0.0337755 0.0206938 0.135867 -0.01637 0.014731 -0.590292 -0.272708 0.0765503 0.22437 -0.0165836 -8.31849e-05 0.0810993 0.214895 0.513976 -0.0334551 -0.0351153 -0.859639 -0.0194324 -0.15663 0.0131932 -0.00768865 -0.0517803 -0.0855089 -0.294832 -0.647186 0.0345658
internal_weight=65976 690 655 65286 27891 37395 5715 2528 2481 230 200 2251 154 26131 31680 9229 4290 1186 22451 4939 159 21737 4176 17561 4780 4350 3569 1301 493 2268
internal_count=65976 690 655 65286 27891 37395 5715 2528 2481 230 200 2251 154 26131 31680 9229 4290 1186 22451 4939 159 21737 4176 17561 4780 4350 3569 1301 493 2268
is_linear=0
shrinkage=0.05


Tree=268
num_leaves=31
num_cat=0
split_feature=68 1 73 0 72 69 17 0 0 68 30 64 37 1 2 67 45 1 61 75 1 73 57 75 71 72 62 2 31 4
split_gain=16843.3 25431 26515.7 24842.6 27637.6 24084.5 30387.4 26447.5 42633.4 36531.2 33851.8 36664.3 27021.7 25472.3 40534.5 26768.5 24684.3 27620.2 23987.3 26165 23586.2 28098.2 27941.8 47944.8 23720.3 23239 23274.6 23061.2 22640.8 22339.1
threshold=5.9875000000000016 3.5000000000000004 -6.2416666666666654 2021.5000000000002 10.308333333333337 120.26777777777779 0.75000000000000011 2022.5000000000002 2021.5000000000002 -6.7624999999999993 89.500000000000014 1.0000000180025095e-35 96.500000000000014 2.5000000000000004 5.5000000000000009 -4.0374999999999988 0.29166666650000006 11.500000000000002 851.36976289732263 863.38859925740019 1.5000000000000002 0.21666666666666948 1220.8040000000003 1277.3507131687654 0.56666666666666676 -0.97499999999999998 1091.4375551050352 30.500000000000004 90.500000000000014 6.5000000000000009
decision_type=2 2 2 2 2 2 2 2 2 2 2 2 2 2 2 2 2 2 2 2 2 2 2 2 2 2 2 2 2 2
left_child=5 29 3 4 -3 6 -1 8 9 -7 27 -12 -13 20 -15 -16 18 -18 -17 -20 22 -22 23 -9 28 26 -4 -10 -23 -2
right_child=1 2 25 -5 -6 7 -8 13 10 -11 11 12 -14 14 15 16 17 -19 19 -21 21 24 -24 -25 -26 -27 -28 -29 -30 -31
leaf_value=0.3593455108582343 -0.06293138958523524 0.46003362511595092 2.1495661907196046 0.13003154278618018 -1.4473692108887237 1.0694428583157474 2.2142549281120298 0.32429556958299643 -0.30342256632070397 0.038199519273289649 0.34810368915134715 0.99159067925952726 -0.98132924788817766 -0.4648134290539857 0.96950940538822494 0.96876211208209662 0.63055801717463389 0.089102057523139308 -1.7265446648001672 -0.02889703349455407 0.12356553543903825 -0.15228452887182886 -0.095356749653007389 2.6938910564238374 -0.57597731592873092 0.0023386573635152176 0.17470910148443403 -1.6814900705891274 1.1497733994534141 -0.30924582796834232
leaf_weight=189 6233 24 25 73 91 87 25 719 1467 6659 423 21 100 165 161 57 645 371 24 418 718 275 479 22 398 44921 37 31 38 1080
leaf_count=189 6233 24 25 73 91 87 25 719 1467 6659 423 21 100 165 161 57 645 371 24 418 718 275 479 22 398 44921 37 31 38 1080
internal_value=2.11263e-06 -0.0128069 0.00119724 -0.59137 -1.0493 0.0498292 0.576041 0.0413483 -0.00909156 0.051499 -0.20926 0.128563 -0.638922 0.140071 0.282926 0.35654 0.291399 0.432841 0.00341364 -0.121077 0.0407899 -0.0970649 0.202261 0.394648 -0.319868 0.00367379 0.971022 -0.331941 0.00579279 -0.0993077
internal_weight=65976 52484 45171 188 115 13492 214 13278 8788 6746 2042 544 121 4490 1841 1676 1515 1016 499 442 2649 1429 1220 741 711 44983 62 1498 313 7313
internal_count=65976 52484 45171 188 115 13492 214 13278 8788 6746 2042 544 121 4490 1841 1676 1515 1016 499 442 2649 1429 1220 741 711 44983 62 1498 313 7313
is_linear=0
shrinkage=0.05


Tree=269
num_leaves=31
num_cat=0
split_feature=57 68 62 39 71 71 71 28 29 62 4 2 72 73 0 2 9 75 72 59 2 2 4 66 73 75 4 63 73 4
split_gain=16473.3 33201 32889.6 47692.4 41800.6 29236.9 27594.7 27498.1 46158.1 33546.9 26883.7 28751.8 25787 32744.2 31676.2 41573.8 24145.5 70504.7 46079 43251.7 24663.9 44416.5 38734.8 24440.6 23352.4 23342.8 23766.2 23341.1 23340 23264
threshold=1684.5335746687654 25.612500000000008 1751.3170000000002 89.500000000000014 20.308333333333337 31.850000000000005 30.583333333333339 1.0000000180025095e-35 1.0000000180025095e-35 1241.9014242922851 1.5000000000000002 24.500000000000004 21.891666666666669 -1.2166666666666659 2024.5000000000002 25.500000000000004 1.0000000180025095e-35 1240.9358072046537 24.558333333333337 1040.5738653254152 19.500000000000004 21.500000000000004 4.5000000000000009 22.75833333333334 2.0500000000000065 1917.7038333333335 6.5000000000000009 1336.9325000000001 -1.1666666666666659 6.5000000000000009
decision_type=2 2 2 2 2 2 2 2 2 2 2 2 2 2 2 2 2 2 2 2 2 2 2 2 2 2 2 2 2 2
left_child=2 -2 5 4 -4 16 24 9 -9 27 -10 -12 25 14 15 -14 -1 18 -18 -19 22 -22 -20 -24 28 -11 -27 -3 -6 -7
right_child=1 7 3 -5 6 29 -8 8 10 12 11 -13 13 -15 -16 -17 17 19 20 -21 21 -23 23 -25 -26 26 -28 -29 -30 -31
leaf_value=0.0023596221643821125 -0.72653760138788437 -0.066450168026818177 -0.43614031733013692 -1.9287708010185849 1.6540369325334376 0.21277903088233208 -0.17722942683507095 -0.52333993152994662 1.4956276885668438 -0.04582825506380362 0.1062276494149229 -0.68336054455462125 0.79835154627510119 0.016399508613005206 1.9351416227294178 -1.0490025643354808 1.2466369521654683 -2.6415954419544767 0.95083297573311154 -0.60422565946206053 -2.2448524440488509 -0.12538367139755702 -0.79629944991774682 1.1531133711338044 2.1908000946044921 -0.49987821071044264 -2.0404596431180835 1.7782060255395606 0.54518547188113797 1.0708087901492696
leaf_weight=60168 202 27 112 22 55 599 88 700 30 258 676 139 139 1178 41 39 81 28 106 374 31 122 82 20 28 115 32 47 346 91
leaf_count=60168 202 27 112 22 55 599 88 700 30 258 676 139 139 1178 41 39 81 28 106 374 31 122 82 20 28 115 32 47 346 91
internal_value=2.00703e-06 -0.103646 0.00602446 0.359557 0.439594 0.00229444 0.629308 -0.0668664 -0.223072 0.0617784 0.0256705 -0.0284383 0.0189316 0.120773 0.682194 0.393594 -0.00136575 -0.266944 0.168879 -0.746132 -0.0729452 -0.554819 0.28151 -0.414062 0.794752 -0.332357 -0.835243 1.10516 0.697272 0.325939
internal_weight=65976 3623 62353 651 629 61702 517 3421 1545 1876 845 815 1802 1397 219 178 61012 844 442 402 361 153 208 102 429 405 147 74 401 690
internal_count=65976 3623 62353 651 629 61702 517 3421 1545 1876 845 815 1802 1397 219 178 61012 844 442 402 361 153 208 102 429 405 147 74 401 690
is_linear=0
shrinkage=0.05


Tree=270
num_leaves=31
num_cat=1
split_feature=72 71 3 13 69 73 57 70 37 63 70 57 3 14 33 3 68 57 54 71 3 58 0 57 70 31 2 2 61 17
split_gain=16262.7 22824.8 18310.1 28098.4 23303.6 48640.8 54595.8 34072.1 31169.5 28019.4 26179.2 24459.3 22358.5 51555.4 45352.5 61036.8 65144.2 78746.1 53693.6 56870.7 67849.7 75617.3 60490.6 44603.2 37383.8 36797.8 53556 50519.8 54046.7 53358.2
threshold=-2.8083333333333331 5.1250000000000009 1.5000000000000002 0 154.17361111111123 -0.34999999999999937 960.62594211358271 27.775000000000006 1.0000000180025095e-35 1345.7063531687652 28.775000000000006 1768.3860000000002 9.5000000000000018 1.0000000180025095e-35 37.500000000000007 20.500000000000004 11.762500000000005 1147.7531388893301 0.45833333350000005 20.308333333333337 14.500000000000002 1199.2800000000002 2018.5000000000002 1402.1595000000002 19.475000000000005 98.500000000000014 1.5000000000000002 2.5000000000000004 1265.2616052755602 0.15000000000000005
decision_type=2 2 2 9 2 2 2 2 2 2 2 2 2 2 2 2 2 2 2 2 2 2 2 2 2 2 2 2 2 2
left_child=1 -1 3 4 5 6 -2 -7 10 -10 -8 -9 13 -4 18 16 17 25 19 20 22 -22 -14 -24 -23 -16 -27 29 -29 -28
right_child=2 -3 12 -5 -6 7 8 11 9 -11 -12 -13 14 -15 15 -17 -18 -19 -20 -21 21 24 23 -25 -26 26 27 28 -30 -31
leaf_value=0.1967195706208871 0.11872619321633338 -0.6796118870317841 -0.02468816251820502 0.68297446716241739 0.23877660278244425 0.095099899280976397 -0.33813311679657004 2.0697184088505121 -0.67208744999870929 -1.8449471840695031 1.3064822504153619 0.0038583252740942917 -0.45403600638288827 -0.26660739196277483 0.33890674894023853 -0.131053065852653 0.0259118115907245 0.16006710286526057 0.082943466731248583 0.033518723395864612 -0.19660206404924641 -0.97881290315102376 0.059462871588987713 -0.30345230642001031 -0.28125361704400609 -1.3800149732828142 4.3493695085698914 1.0755612252747726 -0.17723482591055689 1.0321412099732292
leaf_weight=1568 557 78 19297 179 1378 2560 349 38 285 62 26 23 840 2486 563 2361 4676 3042 7956 7339 2737 554 5054 1017 294 25 22 478 105 27
leaf_count=1568 557 78 19297 179 1378 2560 349 38 285 62 26 23 840 2486 563 2361 4676 3042 7956 7339 2737 554 5054 1017 294 25 22 478 105 27
internal_value=1.90642e-06 0.155192 -0.00396892 0.0836483 0.0619113 -0.000422383 -0.253199 0.122928 -0.540127 -0.881647 -0.224106 1.29079 -0.0120903 -0.0522974 0.0115234 0.095056 0.154783 0.296173 -0.0250721 -0.0732567 -0.147916 -0.324421 -0.0563559 -0.00133185 -0.73697 0.635546 0.889745 0.979529 0.849929 2.52151
internal_weight=65976 1646 64330 5457 5278 3900 1279 2621 722 347 375 61 58873 21783 37090 11299 8938 4262 25791 17835 10496 3585 6911 6071 848 1220 657 632 583 49
internal_count=65976 1646 64330 5457 5278 3900 1279 2621 722 347 375 61 58873 21783 37090 11299 8938 4262 25791 17835 10496 3585 6911 6071 848 1220 657 632 583 49
cat_boundaries=0 1
cat_threshold=131
is_linear=0
shrinkage=0.05


Tree=271
num_leaves=31
num_cat=1
split_feature=0 31 72 14 13 4 75 62 73 72 1 1 72 16 42 38 2 1 62 75 20 1 73 1 61 4 72 1 2 2
split_gain=16302.7 22462 30196.8 39992.7 25631.6 63930.8 46427.1 41004.4 23632.9 36020.3 24807.4 61844.9 32721.8 29561.7 25909.4 34398.5 24517 23916 23094.1 21624.8 21382.3 20873.6 27136.9 46650.1 23107.5 43232.2 42371.1 37406.5 32873.9 30834.6
threshold=2023.5000000000002 76.500000000000014 1.5250000000000004 0.25000000000000006 0 2.5000000000000004 1148.7950114589519 1063.0192026079451 -0.8666666666666667 6.2583333333333337 3.5000000000000004 4.5000000000000009 9.8750000000000018 1.0000000180025095e-35 0.12500000000000003 69.500000000000014 8.5000000000000018 1.5000000000000002 1054.8867896123152 2055.8465000000006 1.1500000000000001 4.5000000000000009 -5.6416666666666657 10.500000000000002 1265.2616052755602 1.5000000000000002 -1.3333333333333328 2.5000000000000004 18.500000000000004 17.500000000000004
decision_type=2 2 2 2 9 2 2 2 2 2 2 2 2 2 2 2 2 2 2 2 2 2 2 2 2 2 2 2 2 2
left_child=19 -2 3 -3 5 -4 7 -7 9 18 13 12 16 -11 15 -13 -12 -15 -6 21 -10 24 23 -23 26 27 28 -26 29 -1
right_child=1 2 4 -5 8 6 -8 -9 20 10 11 14 -14 17 -16 -17 -18 -19 -20 -21 -22 22 -24 -25 25 -27 -28 -29 -30 -31
leaf_value=0.42826883198061572 0.0087209058774606728 0.4143023440446465 -0.41054835040417931 2.1636473500414897 -0.45537023325761167 1.5098274119570851 -0.20804922172556753 4.2826103067398078 0.015338372513173732 0.013167962603330375 3.4480911721353951 -0.29010340372721355 0.62613179241193506 -0.44378429949283604 -0.432939775808799 0.94203651090705298 1.2935472236525629 -2.4865741273631219 1.0337838394378271 -1.2733960821046768 -1.109924498061801 -0.95922591330189455 0.014278580467190253 0.18996405512997599 -0.38224078730032174 -0.10048181897590183 -0.053904083558206008 -1.4405473941454181 -0.055247743374101169 1.6717880847198623
leaf_weight=454 10039 233 63 38 30 40 23 20 2318 251 23 105 82 38 176 123 31 23 197 34 43 190 34891 165 368 2386 13060 108 368 56
leaf_count=454 10039 233 63 38 30 40 23 20 2318 251 23 105 82 38 176 123 31 23 197 34 43 190 34891 165 368 2386 13060 108 368 56
internal_value=6.98681e-06 0.0481238 0.150682 0.659598 0.112222 0.739716 1.70193 2.43409 0.083198 0.277299 0.128182 0.333261 1.25551 -0.226762 0.0228026 0.374604 2.21122 -1.21402 0.836979 -0.0128316 -0.00515561 -0.0120081 0.00985318 -0.425095 -0.0578725 -0.187279 -0.0313004 -0.622361 0.304924 0.564812
internal_weight=65976 13896 3857 271 3586 146 83 60 3440 1079 852 540 136 312 404 228 54 61 227 52080 2361 52046 35246 355 16800 2862 13938 476 878 510
internal_count=65976 13896 3857 271 3586 146 83 60 3440 1079 852 540 136 312 404 228 54 61 227 52080 2361 52046 35246 355 16800 2862 13938 476 878 510
cat_boundaries=0 1
cat_threshold=56
is_linear=0
shrinkage=0.05


Tree=272
num_leaves=31
num_cat=0
split_feature=57 62 68 48 4 72 2 4 9 2 67 32 61 72 72 34 73 61 2 4 72 4 62 61 62 4 73 63 60 4
split_gain=16068.6 43389.5 39351.6 52108 71810.7 40176.2 34721.8 34250.5 71785.4 64480.3 42240.4 41055.4 29754.2 28963.4 27251.9 27239.6 25466.6 25433.4 26294.7 23997.8 28246.9 23747 42454.3 26603.9 33436.8 27335.7 24620 25955.3 24169.8 23883.5
threshold=1524.5447482922852 1555.7110000000002 30.087500000000009 0.29166666650000006 5.5000000000000009 26.850000000000005 23.500000000000004 2.5000000000000004 1.0000000180025095e-35 19.500000000000004 26.187500000000007 7.5000000000000009 1201.2520000000002 22.425000000000008 20.308333333333337 54.500000000000007 3.3333333333333357 1355.9692066687651 21.500000000000004 4.5000000000000009 34.291666666666679 1.5000000000000002 2124.0905000000007 1678.7860000000003 1801.2262358709902 6.5000000000000009 -0.64999999999999758 1616.1680000000003 2174.6465000000003 3.5000000000000004
decision_type=2 2 2 2 2 2 2 2 2 2 2 2 2 2 2 2 2 2 2 2 2 2 2 2 2 2 2 2 2 2
left_child=1 -1 3 14 6 12 19 8 -3 -10 -9 -12 -4 -13 17 -16 21 18 -2 20 -5 22 26 24 29 28 -14 -28 -25 -23
right_child=2 7 5 4 -6 -7 -8 10 9 -11 11 13 16 -15 15 -17 -18 -19 -20 -21 -22 23 -24 25 -26 -27 27 -29 -30 -31
leaf_value=0.00088684772104690726 -0.70895627330219935 0.15192821022153469 0.99867995557413536 0.19036503038446473 0.46991500548905285 0.7330334496887656 -0.61936235836146336 0.25967744000935977 -0.07130633791287741 -3.1311551352059754 0.61927855535301091 1.2423990926364574 1.0954662658133596 3.3757087298883839 -0.1976352430185524 -1.2581188532967982 1.3405244740493159 -0.5302976562453261 -2.2445922588892282 -0.48020900286702672 -1.2514732864167957 -0.28119414544261589 1.9991119613518586 -0.21337725600935312 1.0329648463547916 -0.92457716232392861 0.66913920350372802 -0.65131456140352761 0.45985937868466692 0.16029592781979968
leaf_weight=57182 63 736 73 602 527 197 387 752 36 33 179 41 53 26 885 65 34 366 50 237 36 444 37 1432 87 123 60 98 147 988
leaf_count=57182 63 736 73 602 527 197 387 752 36 33 179 41 53 26 885 65 34 366 50 237 36 444 37 1432 87 123 60 98 147 988
internal_value=6.63766e-06 0.00850167 -0.0716683 -0.200118 -0.0202967 0.0378865 -0.225005 0.250005 0.00735902 -1.53471 0.445727 1.01446 -0.000408816 2.07025 -0.42524 -0.270195 -0.0212291 -0.732741 -1.38844 -0.0505861 0.109007 -0.0345758 0.436881 -0.0708754 0.0812312 -0.206627 0.162935 -0.149876 -0.150701 0.0234093
internal_weight=65976 58985 6991 3218 1789 3773 1262 1803 805 69 998 246 3576 67 1429 950 3503 479 113 875 638 3469 248 3221 1519 1702 211 158 1579 1432
internal_count=65976 58985 6991 3218 1789 3773 1262 1803 805 69 998 246 3576 67 1429 950 3503 479 113 875 638 3469 248 3221 1519 1702 211 158 1579 1432
is_linear=0
shrinkage=0.05


Tree=273
num_leaves=31
num_cat=0
split_feature=24 0 2 14 63 2 4 40 2 1 2 7 71 7 2 73 1 70 61 73 73 72 62 67 70 2 57 33 63 4
split_gain=15914.1 15676.6 38123.9 73229.9 44483 42356.2 48142.4 58321.8 41024.6 64614.2 73410.1 57252 39668.8 37225.1 44463.9 43641.1 42725.6 57937.8 35538 34466.9 31711.3 30421.5 30328.4 29795.2 29280.9 32485.5 29076.7 34935.2 28857.8 28331.5
threshold=3.8500000000000001 2024.5000000000002 19.500000000000004 1.0000000180025095e-35 789.00121850800213 2.5000000000000004 4.5000000000000009 4.5000000000000009 26.500000000000004 6.5000000000000009 24.500000000000004 1.0000000180025095e-35 8.8750000000000018 1.0000000180025095e-35 28.500000000000004 -0.40000000000000013 6.5000000000000009 19.225000000000005 1880.4845000000003 0.58333333333333759 -2.1999999999999984 17.408333333333339 857.58750000000009 0.28750000000000003 11.541666666666668 12.500000000000002 2175.3095000000008 1.5000000000000002 1789.2425000000001 6.5000000000000009
decision_type=2 2 2 2 2 2 2 2 2 2 2 2 2 2 2 2 2 2 2 2 2 2 2 2 2 2 2 2 2 2
left_child=1 26 3 5 -4 6 7 12 9 11 -11 20 -3 15 -15 22 17 -17 -18 23 -6 -21 -10 -7 25 -5 -1 28 -28 -13
right_child=-2 2 4 24 8 19 -8 -9 13 10 -12 29 -14 14 -16 16 18 -19 -20 21 -22 -23 -24 -25 -26 -27 27 -29 -30 -31
leaf_value=-0.0038782029310124437 -0.40222005813705675 -1.121494750181834 -1.6458219798654321 1.0356310478137698 0.9152171260613049 0.41760185149222223 -0.12563544395538112 3.2692121627154176 2.4120830382619585 0.72500140040492023 3.0386183257369948 0.89933947571035899 1.2341166628258569 -0.29050666162123284 -3.096539984941483 -0.3245429499334811 -2.4541474716530907 1.4615219401461739 -0.16409985292702914 -0.60588094746736632 0.02200263146590576 -0.055447741264719935 0.43612607932837266 -0.1382412955069538 -0.40181004304152268 0.00023560570819037305 -2.5378120303153993 1.0262090211113295 -0.65571741716975862 2.7548894574244818
leaf_weight=60499 245 24 30 272 116 307 147 27 21 120 48 144 70 48 20 240 36 56 32 655 693 407 258 1123 65 105 26 24 94 24
leaf_count=60499 245 24 30 272 116 307 147 27 21 120 48 144 70 48 20 240 36 56 32 655 693 407 258 1123 65 105 26 24 94 24
internal_value=6.30587e-06 0.00150553 0.0858056 -0.0192346 0.26414 -0.114923 0.48236 1.221 0.295012 0.480252 1.38603 0.324499 0.632684 -0.00330018 -1.11581 0.114353 -0.246279 0.0133612 -1.37648 -0.179157 0.150078 -0.394933 0.584854 -0.0189099 0.578278 0.747258 -0.00556732 -0.715219 -1.0635 1.16442
internal_weight=65976 65731 5088 3202 1886 2760 268 121 1856 1145 168 977 94 711 68 643 364 296 68 2492 809 1062 279 1430 442 377 60643 144 120 168
internal_count=65976 65731 5088 3202 1886 2760 268 121 1856 1145 168 977 94 711 68 643 364 296 68 2492 809 1062 279 1430 442 377 60643 144 120 168
is_linear=0
shrinkage=0.05


Tree=274
num_leaves=31
num_cat=2
split_feature=2 72 5 0 33 75 74 14 72 43 0 31 8 1 72 14 13 70 3 14 61 57 72 13 2 4 0 2 2 61
split_gain=15896.8 22484.1 20088.7 21968.4 44082.7 37267.6 21998.5 21228.8 26525.2 19893.9 17718.5 21768.5 43192.3 44923.3 28384.6 35793.6 22288.8 45893.4 20986.4 25565.5 22470.3 29890.5 29433.9 22309.2 60364.6 57590.4 100378 68656.6 55607.6 60102.9
threshold=1.5000000000000002 24.291666666666671 1.0000000180025095e-35 2018.5000000000002 48.500000000000007 979.02025079228508 -0.12499999999999821 1.0000000180025095e-35 9.2750000000000039 1.0000000180025095e-35 2023.5000000000002 76.500000000000014 1.0000000180025095e-35 3.5000000000000004 1.5250000000000004 1.0000000180025095e-35 0 29.641666666666669 21.500000000000004 2.7500000000000004 1079.0013751079453 1055.8321415208702 10.958333333333337 1 30.500000000000004 2.5000000000000004 2018.5000000000002 8.5000000000000018 9.5000000000000018 1419.0070052794451
decision_type=2 2 2 2 2 2 2 2 2 2 2 2 2 2 2 2 9 2 2 2 2 2 2 9 2 2 2 2 2 2
left_child=1 2 3 4 5 -1 -6 8 -7 -4 18 16 14 -14 15 -13 -12 -18 23 20 22 -22 -20 24 25 26 -2 -27 -29 -30
right_child=10 -3 9 -5 6 7 -8 -9 -10 -11 11 12 13 -15 -16 -17 17 -19 19 -21 21 -23 -24 -25 -26 27 -28 28 29 -31
leaf_value=0.58196072611090255 -4.0168272018432623 0.22842656754371193 -2.1475593232191525 -0.11033543982391832 -1.04992683237046 -2.6365183044672014 -3.274710767865181 0.35976089972716113 -0.67777353248425898 -0.050032014250755312 0.030182345266191141 0.32100891990290176 -0.055290311574935913 3.0539784917464625 0.10019337321389521 1.6991376176354338 -0.20047925333876337 -2.199641535617411 0.40293641021885657 -1.3585228497843918 -0.70661243795175255 -0.13639072918716214 -0.088955440285010234 0.0058453108054419599 -2.8250900918787178 1.3767162762243641 -0.50155132167379968 -2.5865365841171961 -0.29729974971157019 0.93939659807180598
leaf_weight=73 22 360 26 1552 25 25 20 26 56 20 9396 207 21 26 3395 61 279 32 426 41 254 2414 1063 45188 22 88 264 22 446 126
leaf_count=73 22 360 26 1552 25 25 20 26 56 20 9396 207 21 26 3395 61 279 32 426 41 254 2414 1063 45188 22 88 264 22 446 126
internal_value=5.99036e-06 -0.13267 -0.203978 -0.177273 -0.638994 -0.289063 -2.03872 -0.883313 -1.28232 -1.23559 0.00454616 0.0556062 0.158624 1.66473 0.139299 0.634687 0.0162329 -0.393527 -0.00905302 -0.116087 -0.103833 -0.190677 0.0517739 0.000677382 -0.232916 -0.176409 -0.771957 0.0733365 -0.119757 -0.0248806
internal_weight=65976 2183 1823 1777 225 180 45 107 81 46 63793 13417 3710 47 3663 268 9707 311 50376 4198 4157 2668 1489 46178 990 968 286 682 594 572
internal_count=65976 2183 1823 1777 225 180 45 107 81 46 63793 13417 3710 47 3663 268 9707 311 50376 4198 4157 2668 1489 46178 990 968 286 682 594 572
cat_boundaries=0 1 2
cat_threshold=3 50
is_linear=0
shrinkage=0.05


Tree=275
num_leaves=31
num_cat=0
split_feature=63 61 62 75 4 4 75 60 59 57 61 32 1 7 69 14 73 5 61 2 72 1 73 2 72 1 4 57 63 2
split_gain=15347.4 32262.6 28868.6 55234.5 41180.7 36300.2 28339.6 23726.6 22213.6 19999.2 19510.6 19237.2 18968.1 18906.1 16581.5 34588 27767.5 27335.1 21911.1 21867.5 20157.5 18803.4 26703.1 26650.6 34187.9 52092.8 41014.6 52362.7 58066.8 39762.3
threshold=661.0208442166371 755.62100324551409 986.02372870407157 908.57771677993105 1.5000000000000002 2.5000000000000004 767.52033333333338 738.99900000000014 822.33981500800212 725.2505000000001 682.4738748216746 99.500000000000014 9.5000000000000018 1.0000000180025095e-35 3.2701388888888836 0.15000000000000005 -1.4833333333333321 1.0000000180025095e-35 908.3900000000001 19.500000000000004 11.191666666666668 5.5000000000000009 -6.2416666666666654 25.500000000000004 6.1416666666666675 7.5000000000000009 6.5000000000000009 2017.2716675000001 1237.1745000000003 20.500000000000004
decision_type=2 2 2 2 2 2 2 2 2 2 2 2 2 2 2 2 2 2 2 2 2 2 2 2 2 2 2 2 2 2
left_child=10 2 3 4 13 9 -3 11 -7 -6 -1 -8 -5 -2 15 16 18 19 -9 -18 -19 22 -16 24 -23 26 29 28 -28 -26
right_child=1 6 -4 12 5 8 7 14 -10 -11 -12 -13 -14 -15 21 -17 17 20 -20 -21 -22 23 -24 -25 25 -27 27 -29 -30 -31
leaf_value=-0.59130286388700048 -0.16843457107903881 -0.20109475630971671 1.0664538379030668 -0.55772474169140995 0.6891328957549282 0.11602746998388321 0.27592019817015101 0.24073204135804468 0.54647613345127488 1.8566714592601945 0.021888915701385805 -0.42512900829315187 -2.0496392055794046 0.58618687830830341 0.34670653740674778 -0.53295703375154191 -0.067427687415407153 -2.2225793191316452 -0.38812358716690565 0.14749378792137949 -0.42217784279359966 0.245095938353973 -0.036949532671648321 -0.065029822456617384 0.031262878026649191 -0.01927845410933279 0.31217068672924364 -1.8314914627075198 1.297876230754905 0.33055028983418244
leaf_weight=248 772 1793 87 101 181 1000 1145 165 428 46 272 107 27 93 463 394 3233 22 863 1867 53 2134 22201 5833 5212 14764 856 25 181 1410
leaf_count=248 772 1793 87 101 181 1000 1145 165 428 46 272 107 27 93 463 394 3233 22 863 1867 53 2134 22201 5833 5212 14764 856 25 181 1410
internal_value=5.96388e-06 0.00215538 0.170257 0.140813 0.192279 0.338404 -0.00517484 0.000590723 0.245041 0.925727 -0.270556 0.216006 -0.872425 -0.0873019 -0.00392869 -0.0786888 -0.0498347 -0.00268502 -0.287189 0.0112504 -0.950296 0.00536298 -0.0291119 0.0310522 0.0538513 0.0356708 0.14125 0.429705 0.484218 0.0949891
internal_weight=65976 65456 2735 2648 2520 1655 62721 60928 1428 227 520 1252 128 865 59676 6597 6203 5175 1028 5100 75 53079 22664 30415 24582 22448 7684 1062 1037 6622
internal_count=65976 65456 2735 2648 2520 1655 62721 60928 1428 227 520 1252 128 865 59676 6597 6203 5175 1028 5100 75 53079 22664 30415 24582 22448 7684 1062 1037 6622
is_linear=0
shrinkage=0.05


Tree=276
num_leaves=31
num_cat=0
split_feature=57 68 62 37 67 71 57 71 2 57 62 5 75 57 65 60 61 33 68 29 1 57 68 51 4 60 37 72 61 9
split_gain=15943.7 29300.1 28530 43289.3 36775.4 32006.2 28919.6 25063.4 23886.3 23439.8 37172.7 30920.4 29175.5 42415.3 41644.3 40563.9 40293.7 37685 49281.2 35675.6 35682.7 31097 28287.2 26558 47016.8 59174.3 34818.1 30654.7 32149.8 25700.5
threshold=1684.5335746687654 25.612500000000008 1751.3170000000002 82.500000000000014 25.037500000000005 20.308333333333337 1533.5072713709903 31.850000000000005 6.5000000000000009 1395.8570000000002 1408.9237319689053 1.0000000180025095e-35 1415.9757679422271 1235.1515117414253 1.0000000180025095e-35 1436.1265000000003 1252.2783295298902 4.5000000000000009 25.737500000000008 5.5000000000000009 8.5000000000000018 1223.8824897040702 34.562500000000007 0.79166666650000017 6.5000000000000009 1563.3510000000003 4.5000000000000009 20.075000000000006 1288.9932212147103 1.0000000180025095e-35
decision_type=2 2 2 2 2 2 2 2 2 2 2 2 2 2 2 2 2 2 2 2 2 2 2 2 2 2 2 2 2 2
left_child=2 -2 7 5 -5 -4 8 9 -7 10 22 23 14 -14 -12 16 -16 19 -19 20 21 -18 -1 27 25 -25 -27 -11 -29 -15
right_child=1 -3 3 4 -6 6 -8 -9 -10 11 12 -13 13 29 15 -17 17 18 -20 -21 -22 -23 -24 24 -26 26 -28 28 -30 -31
leaf_value=-0.0016605759745587222 -0.68711787881237452 -0.067411043995563122 -0.32962877967015464 -2.4373947334289552 0.33296028427455737 2.1811750702014785 0.32642482246041682 0.30211260329992712 0.81220690313127497 -0.29554414620150721 0.12333157887565847 -1.718670402467251 1.9182134026572819 -0.24129031515211291 3.0201157653331756 -0.054279709973239477 0.076067626783076464 0.87344943030426903 3.6882984544919886 -0.68635223691280078 -0.2629041343720423 1.3203266179266697 0.93927331715822227 0.19536896365489276 0.63234536505094963 -0.17088666949109663 -0.92983153570516441 0.37530976672988792 -0.11525799720805452 -1.6599508753046395
leaf_weight=51229 202 3421 108 25 23 41 311 690 143 2043 2063 29 21 282 20 182 68 48 23 52 72 192 80 1147 307 583 204 404 1927 36
leaf_count=51229 202 3421 108 25 23 41 311 690 143 2043 2063 29 21 282 20 182 68 48 23 52 72 192 80 1147 307 583 204 404 1927 36
internal_value=5.66577e-06 -0.101963 0.00593051 0.3352 -1.10993 0.450235 0.620388 0.00245648 1.11725 -0.000932408 0.00990144 -0.089586 0.179225 -0.25817 0.233739 0.58042 0.82361 0.72706 1.7853 0.531396 0.722127 0.994905 -0.00019349 -0.0824441 0.0575215 -0.0337251 -0.367614 -0.154155 -0.0302347 -0.401893
internal_weight=65976 3623 62353 651 48 603 495 61702 184 61012 54368 6644 3059 339 2720 657 475 455 71 384 332 260 51309 6615 2241 1934 787 4374 2331 318
internal_count=65976 3623 62353 651 48 603 495 61702 184 61012 54368 6644 3059 339 2720 657 475 455 71 384 332 260 51309 6615 2241 1934 787 4374 2331 318
is_linear=0
shrinkage=0.05


Tree=277
num_leaves=31
num_cat=0
split_feature=72 4 56 57 63 2 4 31 75 58 72 2 33 2 74 72 35 62 67 72 37 68 64 24 47 0 69 60 26 2
split_gain=15752.4 23883.9 31380 18128.9 38433.9 44854.5 39827.9 30002.2 28765.5 28336.6 25653.2 34484.3 31330.5 27035.5 31423.9 27632.9 26757.5 24245 23325 25835.1 42972.4 40399.5 33386.7 31582.4 53389.8 28972.6 34885.5 26270.9 25150.2 27019.2
threshold=-5.8416666666666641 2.5000000000000004 1535.9240000000004 1290.4402397147103 1209.5365228323851 29.500000000000004 1.5000000000000002 95.500000000000014 1253.2441666666668 1408.5477513403353 -1.3333333333333328 25.500000000000004 76.500000000000014 29.500000000000004 0.86666666666666592 31.850000000000005 95.500000000000014 1384.7358467018703 28.512500000000006 7.9666666666666677 97.500000000000014 12.487500000000002 1.0000000180025095e-35 1.0000000180025095e-35 0.12500000000000003 2024.5000000000002 63.467777777777798 1061.4105000000002 1.7500000000000002 12.500000000000002
decision_type=2 2 2 2 2 2 2 2 2 2 2 2 2 2 2 2 2 2 2 2 2 2 2 2 2 2 2 2 2 2
left_child=1 2 -1 9 5 6 -5 -7 -8 10 11 12 -2 15 -15 18 -13 -10 19 20 21 25 23 -22 -25 -12 27 -27 -26 -30
right_child=3 -3 -4 4 -6 7 8 -9 17 -11 13 16 -14 14 -16 -17 -18 -19 -20 -21 22 -23 -24 24 28 26 -28 -29 29 -31
leaf_value=0.029473004804717168 0.34311948951765187 0.43426346677705779 -2.0770839767022564 -1.0663201632407995 -0.010299282841470699 -0.65639211872725622 -0.56558408107495672 -2.333503835627011 -0.11619681098561613 1.1475607804818588 0.028920945211586981 -0.069750492492069813 1.4598866810261364 0.071695413041711828 0.50711943962530648 0.28074435788880409 -1.8317269450426104 0.43338983227928352 0.4249486972455091 -0.033626719043709528 0.16386701652985336 -0.21076144217555673 -0.27748675798740152 0.907933028954508 0.23341385742617865 1.1694525362970307 0.73486311599409504 -0.90281153330436126 -2.4034619924426082 0.16441328043029424
leaf_weight=90 544 436 22 117 13671 112 330 35 2398 55 7546 156 71 1749 543 853 25 219 311 31691 1725 1822 297 443 295 20 294 65 20 21
leaf_count=90 544 436 22 117 13671 112 330 35 2398 55 7546 156 71 1749 543 853 25 219 311 31691 1725 1822 297 443 295 20 294 65 20 21
internal_value=5.38272e-06 0.266963 -0.384315 -0.00223055 -0.0468617 -0.202528 -0.161596 -1.0557 -0.125677 0.0132901 0.0120035 0.293511 0.472047 0.00730535 0.174852 -0.00115262 -0.313117 -0.0702054 -0.00655011 -0.00958354 0.0511395 0.00153752 0.223746 0.283197 0.547439 0.0503462 0.476929 -0.41522 0.0721444 -1.08821
internal_weight=65976 548 112 65428 16882 3211 3064 147 2947 48546 48491 796 615 47695 2292 45403 181 2617 44550 44239 12548 9747 2801 2504 779 7925 379 85 336 41
internal_count=65976 548 112 65428 16882 3211 3064 147 2947 48546 48491 796 615 47695 2292 45403 181 2617 44550 44239 12548 9747 2801 2504 779 7925 379 85 336 41
is_linear=0
shrinkage=0.05


Tree=278
num_leaves=31
num_cat=0
split_feature=61 57 62 75 1 62 74 8 63 4 3 57 61 75 2 58 72 61 67 0 57 59 4 69 61 63 67 68 0 61
split_gain=15048.9 40855.5 37196.1 57380.4 45697.5 48728.9 40794.9 52160.3 34597.4 33779 61170.9 89168.8 51488.7 41409.3 36905 36629.9 35440.5 32568.9 34604.6 34121.9 31829.5 30482.9 40241.3 33232.6 30131.1 29521.2 28702.2 28266.1 28490.8 32772.8
threshold=1094.4546671079452 1040.5738653254152 1073.3670222542603 959.08900000000006 4.5000000000000009 1263.8985000000002 -0.84999999999999687 1.0000000180025095e-35 981.93449164625952 1.5000000000000002 7.5000000000000009 1106.8703339874303 949.36742630092806 1026.2756002620276 18.500000000000004 936.34850000000017 28.141666666666669 966.18950509027707 15.087500000000004 2022.5000000000002 936.34850000000017 1220.8040000000003 6.5000000000000009 51.960138888888899 1180.7396713403853 917.4142640287771 18.662500000000005 7.0625000000000018 2019.5000000000002 1190.6544080364952
decision_type=2 2 2 2 2 2 2 2 2 2 2 2 2 2 2 2 2 2 2 2 2 2 2 2 2 2 2 2 2 2
left_child=8 2 24 4 5 -4 26 27 17 10 -10 12 -12 15 -15 -14 20 -1 25 -20 -11 22 -3 -24 -2 -19 -5 -8 29 -29
right_child=1 21 3 6 -6 -7 7 -9 9 16 11 -13 13 14 -16 -17 -18 18 19 -21 -22 -23 23 -25 -26 -27 -28 28 -30 -31
leaf_value=0.013445501898688247 -0.41840615991742669 0.077954429872311715 -0.59683341452445116 -0.71467273069820447 1.3728549824417993 2.0866919352894739 0.42361280111992949 -1.6802590153490504 -0.26824492486311663 -0.18169390530569424 1.5098919675630684 3.2629600492017019 0.27665678127980503 0.34450502226450319 1.5753518414213543 -0.74787417051364802 0.42163965546437049 -0.57447063905905726 -0.10470575874318525 0.5261639019005302 0.079144244017929979 -0.043079281136701397 -0.71857924472130208 -2.0869576509010658e-05 -1.4564831152917392 -0.1464853013527817 0.12139299129064268 -0.070777790702151178 0.0082464146187086994 -1.2373394733125513
leaf_weight=16263 443 11587 87 488 110 21 305 48 316 1382 102 29 493 145 105 106 649 666 1011 272 7609 20670 295 354 83 1020 130 133 944 110
leaf_count=16263 443 11587 87 488 110 21 305 48 316 1382 102 29 493 145 105 106 649 666 1011 272 7609 20670 295 354 83 1020 130 133 944 110
internal_value=5.11332e-06 -0.0219135 -0.201757 -0.117532 0.655551 -0.0750368 -0.195628 -0.0579134 0.0260214 0.0970285 0.336691 0.531752 0.448466 0.320945 0.861461 0.0953541 0.0648083 -0.0143557 -0.16664 0.0290406 0.039051 -0.00605297 0.0564947 -0.326638 -0.582209 -0.315547 -0.538801 -0.00572002 -0.116037 -0.598851
internal_weight=65976 35808 2902 2376 218 108 2158 1540 30168 10936 1296 980 951 849 250 599 9640 19232 2969 1283 8991 32906 12236 649 526 1686 618 1492 1187 243
internal_count=65976 35808 2902 2376 218 108 2158 1540 30168 10936 1296 980 951 849 250 599 9640 19232 2969 1283 8991 32906 12236 649 526 1686 618 1492 1187 243
is_linear=0
shrinkage=0.05


Tree=279
num_leaves=31
num_cat=1
split_feature=3 4 57 0 4 4 61 57 61 67 74 3 14 33 3 68 57 54 3 71 4 61 57 69 74 13 75 57 4 68
split_gain=15501 100675 48563.1 36073.5 29310.3 38920 26740.4 23950.2 21946.5 27379 22048.5 17226 45688.5 40536.3 57549.6 59859.3 67375.6 55286.6 48898.4 64888.4 45044.5 37831.3 42630.7 43155.5 39093.1 38961.8 38778.1 35612.9 35253.9 35174.5
threshold=1.0000000180025095e-35 1.5000000000000002 1429.2002758893302 2022.5000000000002 2.5000000000000004 6.5000000000000009 871.26400000000001 983.90350000000012 1084.3310000000004 17.262500000000006 -1.1166666666666616 9.5000000000000018 1.0000000180025095e-35 37.500000000000007 20.500000000000004 11.762500000000005 1147.7531388893301 0.45833333350000005 11.500000000000002 20.191666666666674 6.5000000000000009 983.31050000000016 1034.6820000000002 40.322500000000012 0.3166666666666676 0 893.64833333333354 1199.2800000000002 2.5000000000000004 7.1875000000000018
decision_type=2 2 2 2 2 2 2 2 2 2 2 2 2 2 2 2 2 2 2 2 2 2 2 2 2 9 2 2 2 2
left_child=1 2 6 8 7 -6 -1 -5 -3 -10 -11 12 21 17 15 16 29 18 20 -20 -13 22 -2 -24 26 28 -23 -14 -26 -15
right_child=11 3 -4 4 5 -7 -8 -9 9 10 -12 13 27 14 -16 -17 -18 -19 19 -21 -22 24 23 -25 25 -27 -28 -29 -30 -31
leaf_value=0.16281403714305034 0.015514294202981281 0.21674661430272205 -2.5938177495167176 0.25627251215603042 0.18572828787128892 1.134898882508278 -0.75902626164347298 1.6614052538456541 -0.79036777825916515 -0.14175010070023014 0.94962972695367387 0.16254482039754725 -0.18433094307712114 1.1395650902614933 -0.12413811928212262 0.024988647082679026 0.16222728186032095 0.089237530560614078 -0.20136841063739619 0.0099122391276419402 -0.3313403260932275 -0.9706777140200139 0.72182723771335044 -0.0086282226680127038 0.3682838861959381 -0.69030146116413005 -0.15522504949940441 -0.96170106505831843 -0.02232853071021753 0.46418757816279688
leaf_weight=115 12860 1108 29 46 540 135 249 89 136 246 57 3291 2651 239 2402 4676 3314 8315 8166 6548 537 150 443 372 824 158 5195 156 1932 997
leaf_count=115 12860 1108 29 46 540 135 249 89 136 246 57 3291 2651 239 2402 4676 3314 8315 8166 6548 537 150 443 372 824 158 5195 156 1932 997
internal_value=4.85784e-06 0.116214 -0.624668 0.239746 0.510072 0.375562 -0.467786 1.18262 0.0982053 -0.200983 0.063559 -0.00504961 -0.0375996 0.0158759 0.093863 0.15062 0.27973 -0.0178893 -0.0659294 -0.107345 0.0932616 -0.0132929 0.0377385 0.388417 -0.097789 0.049539 -0.17811 -0.227534 0.0941168 0.594782
internal_weight=65976 2750 393 2357 810 675 364 135 1547 439 303 63226 24741 38485 11628 9226 4550 26857 18542 14714 3828 21934 13675 815 8259 2914 5345 2807 2756 1236
internal_count=65976 2750 393 2357 810 675 364 135 1547 439 303 63226 24741 38485 11628 9226 4550 26857 18542 14714 3828 21934 13675 815 8259 2914 5345 2807 2756 1236
cat_boundaries=0 1
cat_threshold=33
is_linear=0
shrinkage=0.05


Tree=280
num_leaves=31
num_cat=0
split_feature=0 61 4 2 2 61 73 2 63 1 75 0 61 2 33 1 1 61 18 14 62 41 72 1 0 2 56 1 62 72
split_gain=15675.5 28084.5 38468.7 30965.6 26801.3 33449.8 24855.1 24558.5 45520.4 47487.6 43378.9 38478.2 65371.7 39039.9 36290.6 23764 31102.9 60661.2 39396.8 37620.2 34284.3 43895.1 33138.6 34286.5 50882.6 67617.8 73891.1 71457.3 41841.9 40034.4
threshold=2020.5000000000002 1165.3556614972752 1.5000000000000002 17.500000000000004 27.500000000000004 1365.3949667510403 -0.36666666666666597 4.5000000000000009 1095.5555358573804 8.5000000000000018 1098.6955309456478 2019.5000000000002 1440.0445000000002 3.5000000000000004 1.0000000180025095e-35 1.5000000000000002 4.5000000000000009 1268.6025000000002 1.0000000180025095e-35 1.8500000000000003 1230.1434280364954 55.500000000000007 1.7416666666666671 7.5000000000000009 2021.5000000000002 3.5000000000000004 1366.0533333333335 8.5000000000000018 1187.3488007799303 23.208333333333339
decision_type=2 2 2 2 2 2 2 2 2 2 2 2 2 2 2 2 2 2 2 2 2 2 2 2 2 2 2 2 2 2
left_child=1 -1 3 6 5 -5 -3 8 -4 11 -11 13 -13 -10 -15 -2 17 18 -17 -20 21 -19 -18 -24 25 27 29 28 -25 -27
right_child=15 2 7 4 -6 -7 -8 -9 9 10 -12 12 -14 14 -16 16 22 20 19 -21 -22 -23 23 24 -26 26 -28 -29 -30 -31
leaf_value=0.0047046633669538315 0.13991142863455613 -0.9584684474881725 -1.0696963441914276 0.50073169344430601 -0.59309785866658016 -0.54688839527132271 -0.34680361693989847 -0.099465687222345417 0.57413491794657945 -2.0394968443903432 -0.016710103474944445 0.77160763154604606 3.5016431478353649 0.4384630072329726 -1.5840362422118717 -0.036405634727948874 0.43368004521304498 -0.29582221019454952 0.43042496344572084 -0.55539259141141717 -0.19129261170913925 -1.317307030458946 0.094998268311346834 4.0254301184957679 -0.076346572908537857 0.28462873350553408 -0.39416845918250543 0.43891476775841282 1.4087809346402065 -0.27126190315708903
leaf_weight=17754 3720 271 68 243 169 111 429 5886 277 29 308 140 26 42 47 7198 516 287 805 110 2138 166 11040 22 10724 2069 672 275 50 384
leaf_count=17754 3720 271 68 243 169 111 429 5886 277 29 308 140 26 42 47 7198 516 287 805 110 2138 166 11040 22 10724 2069 672 275 50 384
internal_value=-6.16193e-07 -0.0304138 -0.107905 -0.366136 -0.0750676 0.172241 -0.583605 -0.0616177 0.176134 0.273621 -0.190778 0.567799 1.1992 0.281424 -0.629598 0.0195299 0.0072461 -0.0643877 0.00287824 0.311911 -0.275013 -0.670141 0.0370212 0.0289107 -0.0224845 0.14388 0.0703523 0.806052 2.20831 0.197608
internal_weight=65976 25800 8046 1223 523 354 700 6823 937 869 337 532 166 366 89 40176 36456 10704 8113 915 2591 453 25752 25236 14196 3472 3125 347 72 2453
internal_count=65976 25800 8046 1223 523 354 700 6823 937 869 337 532 166 366 89 40176 36456 10704 8113 915 2591 453 25752 25236 14196 3472 3125 347 72 2453
is_linear=0
shrinkage=0.05


Tree=281
num_leaves=31
num_cat=0
split_feature=6 61 72 75 61 75 4 3 0 4 3 61 57 60 68 3 3 75 66 3 0 61 35 61 63 3 38 65 4 60
split_gain=14890.2 18941.3 19880 17319.4 19261.4 41589.6 39079.9 41408.1 48321.8 34745.7 46949.1 38703.6 27958.5 27193.6 22509.8 22682.2 20733.1 20338.3 19164.4 19064.6 32651.6 23344.9 22019.8 18881.4 45864.5 37122.7 53311.9 39085.7 44385.2 44243
threshold=1.0000000180025095e-35 1002.8899887414251 13.258333333333336 738.31506866571647 825.58173095103655 843.39931356289469 6.5000000000000009 6.5000000000000009 2023.5000000000002 1.5000000000000002 7.5000000000000009 755.62100324551409 789.3649182580001 781.69337841060064 1.7875000000000005 20.500000000000004 5.5000000000000009 809.69097032046773 2.5250000000000008 8.5000000000000018 2020.5000000000002 918.41304694465759 51.500000000000007 986.48782571735512 796.38829844581608 9.5000000000000018 1.5000000000000002 1.0000000180025095e-35 2.5000000000000004 1152.7838216687653
decision_type=2 2 2 2 2 2 2 2 2 2 2 2 2 2 2 2 2 2 2 2 2 2 2 2 2 2 2 2 2 2
left_child=3 2 -2 -1 6 19 9 -8 12 10 16 -11 -9 14 18 -16 -5 -13 -7 21 -21 -6 -22 24 -15 26 -25 29 -29 -28
right_child=1 -3 -4 4 5 13 7 8 -10 11 -12 17 -14 23 15 -17 -18 -19 -20 20 22 -23 -24 25 -26 -27 27 28 -30 -31
leaf_value=-0.15923471998732536 0.76630411360299955 -0.90222612346921649 0.13176431129401436 -0.21563394575114217 -0.18840488503942884 0.54386691702890766 0.092412274104690842 0.28027502628551287 1.0853347036303307 0.62521656808067583 1.3859658232466741 0.070951894837487803 -0.68158039573605311 -0.36998076652841677 0.11606696096362426 1.731113218583844 0.23853753456348056 0.36863596869394355 2.1726322848172415 -0.21473965020704019 0.39726432678667278 -0.66513777358692661 1.9503511920119778 -0.016709588384251194 0.09081821017888804 0.0060784997801734192 -0.34332595600652421 -1.3089033422088194 -0.37262619488069482 0.065120726809401411
leaf_weight=1715 165 35 490 1024 2078 129 901 88 49 570 55 1724 534 577 1838 22 333 860 21 191 74 293 33 6108 8421 34204 1642 167 523 1112
leaf_count=1715 165 35 490 1024 2078 129 901 88 49 570 55 1724 534 577 1838 22 333 860 21 191 74 293 33 6108 8421 34204 1642 167 523 1112
internal_value=-5.8575e-07 0.231053 0.29161 -0.00244257 0.00178733 -0.00721008 0.0859756 -0.129043 -0.426406 0.160003 -0.0461388 0.25229 -0.545498 0.00218301 0.182686 0.13517 -0.104183 0.170026 0.771894 -0.199943 0.176993 -0.247318 0.876254 -0.00469442 0.0612693 -0.0182592 -0.105408 -0.262717 -0.599232 -0.178405
internal_weight=65976 690 655 65286 63571 57433 6138 1572 671 4566 1412 3154 622 54764 2010 1860 1357 2584 150 2669 298 2371 107 52754 8998 43756 9552 3444 690 2754
internal_count=65976 690 655 65286 63571 57433 6138 1572 671 4566 1412 3154 622 54764 2010 1860 1357 2584 150 2669 298 2371 107 52754 8998 43756 9552 3444 690 2754
is_linear=0
shrinkage=0.05


Tree=282
num_leaves=31
num_cat=2
split_feature=72 4 56 3 68 13 62 73 68 67 0 35 58 1 74 3 4 0 63 3 4 57 61 61 57 11 57 59 13 37
split_gain=14872.7 21523.9 28283.9 15972.2 25429.2 23815.9 21619.1 50655 23988.4 23918.6 24822.8 23235.2 22418 21150.5 19149.7 18714.7 50804 138861 108139 87506.7 79708.9 41970.8 98301.5 36957.7 51573.2 34749.3 34508.5 33781.4 37835.9 33256.5
threshold=-5.8416666666666641 2.5000000000000004 1535.9240000000004 1.5000000000000002 28.862500000000008 0 1093.9536064286951 -0.34999999999999937 19.412500000000005 2.9375000000000009 2022.5000000000002 1.5000000000000002 1402.1136017922852 6.5000000000000009 -1.1166666666666616 8.5000000000000018 1.5000000000000002 2022.5000000000002 1023.3026744930302 5.5000000000000009 2.5000000000000004 932.80045380477657 983.31050000000016 835.52791928234967 744.82950000000017 1.0000000180025095e-35 744.82950000000017 1129.6665000000003 1 36.500000000000007
decision_type=2 2 2 2 2 9 2 2 2 2 2 2 2 2 2 2 2 2 2 2 2 2 2 2 2 2 2 2 9 2
left_child=1 2 -1 4 5 6 -2 9 -9 10 -8 -11 -13 -10 -15 16 17 19 -19 -5 21 22 23 26 -25 -22 -18 28 29 -17
right_child=3 -3 -4 15 -6 -7 7 8 13 11 -12 12 -14 14 -16 27 20 18 -20 -21 25 -23 -24 24 -26 -27 -28 -29 -30 -31
leaf_value=0.033975312627024128 0.12175119142491242 0.4182162150296323 -1.9659613956104627 -0.2932593030367267 1.8590358978509904 0.6261853349335651 -0.96016675714403399 -0.19126983540323683 1.2522168929930089 -0.3615847741029079 0.4961150347913077 -0.77669895196095451 -2.1399451818221653 0.068748605083434375 0.75299091762258819 0.0090413238478073508 0.25200229099099331 -0.47728100861122891 -1.8280353785421619 0.41096580527655191 -0.070396126251642641 0.54148739361524012 -1.0006812515248964 -0.8739442784492284 0.15715998402957976 1.5070825183391572 0.93645416191291242 -0.02525307207163879 -0.34527424146564367 0.16057785707981234
leaf_weight=90 3625 436 22 1031 20 178 40 390 54 311 109 133 39 466 131 7287 684 761 184 771 13686 771 182 146 716 35 252 25708 522 7196
leaf_count=90 3625 436 22 1031 20 178 40 390 54 311 109 133 39 466 131 7287 684 761 184 771 13686 771 182 146 716 35 252 25708 522 7196
internal_value=-5.56388e-07 0.259396 -0.358869 -0.00217316 0.0794056 0.0729058 0.0530349 -0.0955402 0.118831 -0.448642 0.105167 -0.619486 -1.08581 0.304606 0.218892 -0.00965425 -0.0503205 -0.249387 -0.740285 0.008049 -0.0171226 0.228517 0.106648 0.218736 -0.0174818 -0.0663722 0.436278 0.00954266 0.069158 0.0842753
internal_weight=65976 548 112 65428 5496 5476 5298 1673 1041 632 149 483 172 651 597 59932 19219 2747 945 1802 16472 2751 1980 1798 862 13721 936 40713 15005 14483
internal_count=65976 548 112 65428 5496 5476 5298 1673 1041 632 149 483 172 651 597 59932 19219 2747 945 1802 16472 2751 1980 1798 862 13721 936 40713 15005 14483
cat_boundaries=0 1 2
cat_threshold=131 23
is_linear=0
shrinkage=0.05


Tree=283
num_leaves=31
num_cat=0
split_feature=0 58 38 61 0 71 67 34 2 1 62 56 2 61 75 61 63 72 31 1 26 1 61 18 14 62 41 73 61 74
split_gain=15089.6 25618.6 38648.6 27334.5 28297.4 39374.4 36102.9 34395.3 32203.6 29506.1 38248.6 28337 33765.6 28626.8 27458 25388.1 24876.2 24762 27236.4 21782.8 30326.6 28982.4 54927.2 35520.4 33969.4 30884.5 39581.9 31074.8 30231.4 29950.3
threshold=2020.5000000000002 1212.6650000000002 93.500000000000014 900.99350000000015 2019.5000000000002 18.858333333333338 20.887500000000006 95.500000000000014 6.5000000000000009 8.5000000000000018 1184.7215000000003 1260.7312986746667 4.5000000000000009 1268.6025000000002 1711.0388333333337 1027.6872409147752 1616.1680000000003 19.958333333333339 71.500000000000014 1.5000000000000002 1.9500000000000002 4.5000000000000009 1268.6025000000002 1.0000000180025095e-35 1.8500000000000003 1230.1434280364954 55.500000000000007 -3.5666666666666687 696.38085754902011 4.1666666666666696
decision_type=2 2 2 2 2 2 2 2 2 2 2 2 2 2 2 2 2 2 2 2 2 2 2 2 2 2 2 2 2 2
left_child=1 -1 3 -3 5 11 -6 14 9 10 -8 -5 13 -13 15 -7 -17 -18 -19 20 -2 22 23 28 -25 26 -24 -27 -21 -30
right_child=19 2 -4 4 6 7 8 -9 -10 -11 -12 12 -14 -15 -16 16 17 18 -20 21 -22 -23 25 24 -26 27 -28 -29 29 -31
leaf_value=-0.0011937932635068755 0.1547561337375358 -1.6136790815098534 -0.55805766385180233 0.030820087401562526 0.029113824685610624 1.1695918723688288 -0.40150653218877497 -1.7035001039505007 -0.51541213731965108 -0.61176795360186831 1.1320170303656147 -3.2337800703197717 -0.38863861331752003 -0.55858149059116846 -1.129696657489119 0.063955718346773618 -0.5753746451073608 0.55256657365587403 2.2549019565949076 0.99897930167615423 -0.86766298051822843 0.036145267399176652 -0.28174150429101408 0.40831487573822089 -0.52844944829290563 0.4384810620493701 -1.2517433763986612 -0.24120306507727185 -0.081481201166704945 0.24428439551274708
leaf_weight=19391 3646 29 460 468 868 59 69 26 1019 92 99 20 520 20 43 2304 43 244 26 70 74 25752 287 805 110 184 166 1954 6334 794
leaf_count=19391 3646 29 460 468 868 59 69 26 1019 92 99 20 520 20 43 2304 43 244 26 70 74 25752 287 805 110 184 166 1954 6334 794
internal_value=1.60021e-06 -0.0298378 -0.116503 -0.0823599 -0.0748585 0.00760377 -0.219772 0.10645 -0.38868 0.108012 0.502177 -0.256338 -0.49632 -1.89618 0.123757 0.143899 0.120774 0.539018 0.716495 0.0191637 0.134418 0.00740306 -0.0617458 0.00226211 0.295698 -0.262169 -0.637195 -0.182708 -0.0350391 -0.0451936
internal_weight=65976 25800 6409 5949 5920 3773 2147 2745 1279 260 168 1028 560 40 2719 2676 2617 313 270 40176 3720 36456 10704 8113 915 2591 453 2138 7198 7128
internal_count=65976 25800 6409 5949 5920 3773 2147 2745 1279 260 168 1028 560 40 2719 2676 2617 313 270 40176 3720 36456 10704 8113 915 2591 453 2138 7198 7128
is_linear=0
shrinkage=0.05


Tree=284
num_leaves=31
num_cat=0
split_feature=68 66 58 60 23 2 47 70 57 73 3 3 29 57 4 59 61 62 2 74 4 72 9 75 2 74 73 72 1 2
split_gain=14887.9 29834.3 38463.2 37449.4 33310.6 33239.3 29968 44013 30703.2 27318.5 26149.2 45190.8 67718.7 44943.3 45294.6 41589.8 40252 38877 27210.1 26226.4 25816.7 25712.2 30060.9 37358 29270.7 27001.3 24802.6 36556.1 24855.4 30631.7
threshold=7.7875000000000023 19.225000000000005 1339.5485000000001 1000.2955000000001 1.0000000180025095e-35 29.500000000000004 0.95833333350000005 9.1750000000000025 1533.5072713709903 3.2500000000000031 10.500000000000002 20.500000000000004 69.500000000000014 1226.7380000000001 5.5000000000000009 1379.0815000000002 1170.7700000000002 1126.1092109458152 25.500000000000004 1.7833333333333337 1.5000000000000002 13.125000000000004 1.0000000180025095e-35 1263.6320057922851 14.500000000000002 5.5333333333333368 1.5333333333333341 14.308333333333335 10.500000000000002 30.500000000000004
decision_type=2 2 2 2 2 2 2 2 2 2 2 2 2 2 2 2 2 2 2 2 2 2 2 2 2 2 2 2 2 2
left_child=10 2 5 21 9 -2 7 8 -4 -5 13 12 -12 -1 -15 19 -13 -14 -19 -16 -18 24 -23 25 -3 -24 27 28 29 -7
right_child=1 3 6 4 -6 26 -8 -9 -10 -11 11 16 17 14 15 -17 20 18 -20 -21 -22 22 23 -25 -26 -27 -28 -29 -30 -31
leaf_value=0.028348438204884186 -0.051990141799366819 -0.72813131374697537 -0.22131808922374141 0.0052721433842441538 -0.36890683271930103 1.2728929237942948 -0.071993265967402201 -1.4174439248628916 -2.0737636019786199 0.45183961955659674 0.081044920754336683 0.18306329034617996 1.1270326516185716 -0.0964072445135324 -1.3426441551060029 0.46901592064206882 -0.72870656552434598 0.51841796266630635 -0.098468724421192227 -0.40747177593591738 -0.13270139277577078 0.27957603249960478 -0.42278550144323374 -1.8420842390374876 0.23448072615432444 1.2936110575993858 -0.35409938446853473 0.023351763513635465 0.0078999123605322241 0.35046084477887518
leaf_weight=9772 23736 155 329 18304 587 190 450 132 24 349 2864 1083 216 917 192 59 212 885 224 123 1271 2606 97 36 161 30 161 519 121 171
leaf_count=9772 23736 155 329 18304 587 190 450 132 24 349 2864 1083 216 917 192 59 212 885 224 123 1271 2606 97 36 161 30 161 519 121 171
internal_value=1.52023e-06 -0.0144459 -0.0510308 0.0278878 0.0019566 -0.0392077 -0.365865 -0.638529 -0.347263 0.0136275 0.0390495 0.116566 0.217783 -0.00828159 -0.285546 -0.749291 -0.0486718 0.513345 0.393817 -0.977482 -0.217902 0.189611 0.238374 -0.420349 -0.237687 -0.0173375 0.221897 0.314539 0.62808 0.835951
internal_weight=65976 48158 25833 22325 19240 24898 935 485 353 18653 17818 6755 4189 11063 1291 374 2566 1325 1109 315 1483 3085 2769 163 316 127 1162 1001 482 361
internal_count=65976 48158 25833 22325 19240 24898 935 485 353 18653 17818 6755 4189 11063 1291 374 2566 1325 1109 315 1483 3085 2769 163 316 127 1162 1001 482 361
is_linear=0
shrinkage=0.05


Tree=285
num_leaves=31
num_cat=0
split_feature=57 4 2 70 34 68 72 4 67 0 14 61 6 61 71 33 4 60 63 1 68 39 3 69 26 67 72 57 73 70
split_gain=14894.1 31425.3 28611.6 25952.5 31201.3 25863.7 25242.8 24445.2 22824.7 21531.4 21345.1 20833.9 20047 20037.7 19592.5 27368 29721.5 28631.3 46519.1 26261.4 25416.1 22242 32633 28230.7 26264 28978.3 22520.4 29579.4 26040.7 25549.3
threshold=1857.1380000000001 6.5000000000000009 17.500000000000004 35.008333333333333 5.5000000000000009 34.562500000000007 25.866666666666671 1.5000000000000002 27.587500000000006 2023.5000000000002 2.3500000000000001 1614.8391708709903 1.0000000180025095e-35 717.10275140001852 29.441666666666674 4.5000000000000009 5.5000000000000009 1927.8894575000002 1447.9192424689052 6.5000000000000009 27.712500000000006 99.500000000000014 11.500000000000002 104.21013888888892 0.25000000000000006 6.7375000000000016 24.158333333333342 1524.5447482922852 0.58333333333333759 6.6916666666666682
decision_type=2 2 2 2 2 2 2 2 2 2 2 2 2 2 2 2 2 2 2 2 2 2 2 2 2 2 2 2 2 2
left_child=5 3 -3 4 6 9 7 -2 -8 12 13 -9 -1 -11 21 16 17 20 -19 -18 -16 23 -23 -15 -24 -26 27 -25 -29 -30
right_child=1 2 -4 -5 -6 -7 8 11 -10 10 -12 -13 -14 14 15 -17 19 18 -20 -21 -22 22 24 26 25 -27 -28 28 29 -31
leaf_value=-0.017331514251452098 1.1600958333295937 0.011404757769334884 -1.1707782847422907 0.57526750171350105 -0.43008881845356639 0.27895100364699887 0.091781975439574462 0.864661571601542 0.97667012764467742 0.96936682360094106 -0.61313422474946488 -0.30594994467674197 0.29591558999977574 -0.040239846555494854 0.71949067020734014 1.3634162243207297 0.23228399228881785 -2.7295954600624417 -0.096689117339349567 1.6663878582674885 -0.27237312311564033 -0.018985929290453594 0.3160535326216139 0.17246762364619841 0.15185726366791072 1.6733366563732242 0.97395227014636387 0.10476139581221487 -1.2038289553643962 -0.14662362672388554
leaf_weight=50283 34 84 131 144 539 844 202 41 114 61 117 521 516 6654 136 60 71 23 62 58 123 735 694 3041 51 81 78 248 106 124
leaf_count=50283 34 84 131 144 539 844 202 41 114 61 117 521 516 6654 136 60 71 23 62 58 123 735 694 3041 51 81 78 248 106 124
internal_value=1.44416e-06 -0.141447 -0.708902 -0.0649558 -0.128493 0.00399142 0.0497531 -0.141788 0.411014 0.000326571 0.0590487 -0.220549 -0.0141497 0.065388 0.0609212 0.35745 0.229844 -0.012868 -0.809123 0.877075 0.248451 0.0475408 0.223364 0.0207668 0.439015 1.08549 0.133621 0.114995 -0.250641 -0.633857
internal_weight=65976 1810 215 1595 1451 64166 912 596 316 63322 12523 562 50799 12406 12345 533 473 344 85 129 259 11812 1561 10251 826 132 3597 3519 478 230
internal_count=65976 1810 215 1595 1451 64166 912 596 316 63322 12523 562 50799 12406 12345 533 473 344 85 129 259 11812 1561 10251 826 132 3597 3519 478 230
is_linear=0
shrinkage=0.05


Tree=286
num_leaves=31
num_cat=0
split_feature=24 0 60 4 34 72 21 3 69 0 71 2 37 59 61 71 56 1 69 1 1 61 18 75 72 1 0 2 56 1
split_gain=14778.5 15263.6 24538.1 30765.1 25547.7 32335.5 32948.8 23902.4 23862.1 25718.7 55595.4 37147.4 36907 35616.8 33214.4 28968.4 23424.5 38990.2 25891.5 22860.6 26288.2 47517 31647.3 29991.7 29352.6 28672.9 47748.1 59127.4 67777.4 64017.9
threshold=3.0500000000000003 2020.5000000000002 1181.2130000000002 1.5000000000000002 86.500000000000014 16.458333333333339 1.0000000180025095e-35 12.500000000000002 554.21013888888911 2019.5000000000002 20.558333333333341 1.5000000000000002 2.5000000000000004 1379.0815000000002 1478.2700000000002 32.808333333333344 1555.528824846117 8.5000000000000018 180.45444444444453 1.5000000000000002 4.5000000000000009 1268.6025000000002 1.0000000180025095e-35 1229.5278333333335 1.9416666666666671 7.5000000000000009 2021.5000000000002 3.5000000000000004 1366.0533333333335 8.5000000000000018
decision_type=2 2 2 2 2 2 2 2 2 2 2 2 2 2 2 2 2 2 2 2 2 2 2 2 2 2 2 2 2 2
left_child=1 2 -1 7 8 -6 -7 -4 9 10 11 12 -5 14 -11 16 17 -12 -18 -3 21 22 -21 -24 -22 -26 27 29 -29 -27
right_child=-2 19 3 4 5 6 -8 -9 -10 13 15 -13 -14 -15 -16 -17 18 -19 -20 20 24 -23 23 -25 25 26 -28 28 -30 -31
leaf_value=0.0029765071754707211 -0.31468243847357619 0.13985732179570928 -0.94343464028835289 -0.30214777418545319 -0.19790160585036701 -0.5046352154210858 -2.1812306315573151 -0.24282510543568062 1.2274620254297515 -0.061202903806835067 0.35677089758696756 -0.19368550867065584 -2.945247133255005 -0.43368379667679191 1.5218052104992026 0.97443984857627319 -0.34290775958007935 -0.15691318922521691 0.34610030865486791 -0.031703546570694734 0.39814246477549031 -0.24373044977235223 0.18790161647857764 1.1518680176138878 0.088958642674490385 2.0898820213145681 -0.071142980669904848 0.19712861588387626 -0.37115641168443791 0.41448752465284006
leaf_weight=18215 371 3680 175 28 748 92 43 400 37 1304 1354 1101 25 858 34 105 448 508 196 7174 549 2581 780 90 11018 72 10627 2419 670 274
leaf_count=18215 371 3680 175 28 748 92 43 400 37 1304 1354 1101 25 858 34 105 448 508 196 7174 549 2581 780 90 11018 72 10627 2419 670 274
internal_value=1.37186e-06 0.00178093 -0.0282992 -0.104706 -0.075346 -0.326444 -1.03866 -0.456054 -0.0383804 -0.0462375 0.0330799 -0.255926 -1.54889 -0.182226 -0.020977 0.160814 0.126723 0.216625 -0.13321 0.0211175 0.00906472 -0.0570615 0.00283318 0.287622 0.0364786 0.0285618 -0.0187609 0.143296 0.0738683 0.763125
internal_weight=65976 65605 25671 7456 6881 883 135 575 5998 5961 3765 1154 53 2196 1338 2611 2506 1862 644 39934 36254 10625 8044 870 25629 25080 14062 3435 3089 346
internal_count=65976 65605 25671 7456 6881 883 135 575 5998 5961 3765 1154 53 2196 1338 2611 2506 1862 644 39934 36254 10625 8044 870 25629 25080 14062 3435 3089 346
is_linear=0
shrinkage=0.05


Tree=287
num_leaves=31
num_cat=0
split_feature=75 33 63 62 69 61 57 1 2 1 0 66 72 57 37 75 3 69 2 4 5 2 1 57 72 66 2 4 61 3
split_gain=14513.3 29255.2 28043 38103.1 28889.5 26594.8 48424.4 32494.9 58126.2 30425.3 50195.7 28716.7 26469.3 27555.1 48765.3 42074 36028 48849.2 31230.8 48236.3 34309.7 49857.7 85500.5 51863.9 35320.3 30667.7 30523.5 29745.3 30600.8 60065.3
threshold=1672.5867764930301 36.500000000000007 1365.0355000000002 1187.3488007799303 50.055694444444427 1228.5954327147103 1116.9170000000001 1.5000000000000002 5.5000000000000009 10.500000000000002 2019.5000000000002 32.808333333333344 34.291666666666679 1256.7745000000002 1.0000000180025095e-35 1126.7128333333335 11.500000000000002 74.822500000000034 14.500000000000002 2.5000000000000004 1.0000000180025095e-35 9.5000000000000018 3.5000000000000004 848.43369302136512 8.4750000000000032 24.691666666666674 2.5000000000000004 1.5000000000000002 1094.4546671079452 6.5000000000000009
decision_type=2 2 2 2 2 2 2 2 2 2 2 2 2 2 2 2 2 2 2 2 2 2 2 2 2 2 2 2 2 2
left_child=2 -2 5 4 -4 12 7 8 -7 -9 -11 -8 13 18 -15 -16 -17 -18 20 -20 25 26 -23 -24 -25 27 -22 28 29 -1
right_child=1 -3 3 -5 -6 6 11 9 -10 10 -12 -13 -14 14 15 16 17 -19 19 -21 21 22 23 24 -26 -27 -28 -29 -30 -31
leaf_value=-0.31280200227529092 -0.075944008897812651 -1.0428327061235905 -0.06535303027747752 0.067721334771872616 1.0227946921589004 1.3515546333789825 -0.052754588129936136 -0.65227326721508083 -0.41732871885532918 -1.6911186985897295 0.46674355864524841 0.69852058924445815 0.68340907655913252 0.18920019091683135 -1.7686438636935276 -0.59076981560849562 -0.47704740011321517 0.11857389939375157 0.17742921694593422 0.011056760173766922 -0.72567999648446802 0.6139559870378839 -0.65624497534289705 -3.8376461019515995 -1.6675359533627827 0.52460794808314171 0.2061778602550649 0.0027121262921890078 -0.46540308508083977 0.26845147968878352
leaf_weight=1091 3542 80 91 9127 185 70 9099 755 138 33 147 129 145 790 46 533 559 896 6092 15294 119 72 116 25 75 258 336 14688 695 750
leaf_count=1091 3542 80 91 9127 185 70 9099 755 138 33 147 129 145 790 46 533 559 896 6092 15294 119 72 116 25 75 258 336 14688 695 750
internal_value=1.30337e-06 -0.0972999 0.00565331 0.0852241 0.664021 -0.00847682 -0.0802767 -0.387266 0.177969 -0.513007 0.0711355 -0.0422524 0.00901111 0.0067067 -0.144192 -0.27368 -0.239088 -0.110259 0.0174647 0.0584495 -0.0306285 -0.3634 -0.878215 -1.37561 -2.21006 -0.0164855 -0.0375388 -0.0245906 -0.182722 -0.0760067
internal_weight=65976 3622 62354 9403 276 52951 10371 1143 208 935 180 9228 42580 42435 2824 2034 1988 1455 39611 21386 18225 743 288 216 100 17482 455 17224 2536 1841
internal_count=65976 3622 62354 9403 276 52951 10371 1143 208 935 180 9228 42580 42435 2824 2034 1988 1455 39611 21386 18225 743 288 216 100 17482 455 17224 2536 1841
is_linear=0
shrinkage=0.05


Tree=288
num_leaves=31
num_cat=0
split_feature=71 1 65 61 62 57 57 0 2 2 57 28 2 2 61 4 2 51 38 73 67 59 57 3 4 9 3 61 71 72
split_gain=14392.5 18580.1 35162.1 38986 37957.3 36803.4 36280.3 32937.5 33974.4 60774.1 45606.8 57283.6 33972 37042.5 36700.2 30801.8 29933.9 28202.3 27936.7 30468.4 30390.5 27527.7 27306.4 30800.2 35810.3 36767.1 35799.5 38172.3 39770.5 32948.8
threshold=-4.1583333333333323 5.5000000000000009 1.0000000180025095e-35 803.04171630477651 911.55450000000008 905.16652390001866 717.10275140001852 2024.5000000000002 6.5000000000000009 5.5000000000000009 1620.4102215088403 13.500000000000002 15.500000000000002 13.500000000000002 1478.2700000000002 6.5000000000000009 2.5000000000000004 0.87500000000000011 1.0000000180025095e-35 -3.5666666666666687 16.462500000000006 1287.1716142882103 1857.1380000000001 5.5000000000000009 1.5000000000000002 1.0000000180025095e-35 1.0000000180025095e-35 1099.3549699458151 24.158333333333342 29.875000000000004
decision_type=2 2 2 2 2 2 2 2 2 2 2 2 2 2 2 2 2 2 2 2 2 2 2 2 2 2 2 2 2 2
left_child=-1 2 3 4 5 -2 -5 22 9 16 11 15 13 -12 -14 -10 -9 18 19 -4 -20 -11 23 24 25 -3 -26 29 -29 -28
right_child=1 7 17 6 -6 -7 -8 8 10 21 12 -13 14 -15 -16 -17 -18 -19 20 -21 -22 -23 -24 -25 26 -27 27 28 -30 -31
leaf_value=0.17984610563931541 0.15478506065389905 -0.35386317264509498 -2.5247050225734711 -0.77311277542085821 0.83876982813789747 -0.58904544601656417 -0.035619846498134398 0.66738629475235944 0.41539233848452572 -2.9984586620330811 -0.095238615036439558 2.7528939069248737 -1.311136779934168 -1.7598471218889413 0.44890162094259856 1.4854873804446262 -0.40186920438589163 -0.00078328233575928989 -0.40726632316324579 -0.66707681791281159 0.34360300150138379 -0.601605431670728 -0.20805254043127294 0.047044225566193816 0.22322865932031349 1.1679461552602488 -0.060938166815562515 -0.91112679542480279 -0.18254139580773443 0.28903617293438366
leaf_weight=1094 2529 1242 24 168 189 178 22620 120 452 25 139 32 32 44 398 79 144 717 650 275 170 23 1376 25549 1265 41 4306 227 1071 797
leaf_count=1094 2529 1242 24 168 189 178 22620 120 452 25 139 32 32 44 398 79 144 717 650 275 170 23 1376 25549 1265 41 4306 227 1071 797
internal_value=1.23802e-06 -0.00303119 -0.0342074 -0.0190965 0.153705 0.105874 -0.0410569 0.0199325 0.250442 -0.213401 0.373502 0.698408 0.0750979 -0.495472 0.317922 0.574597 0.084156 -0.245594 -0.402457 -0.816184 -0.251598 -1.84997 0.0103713 0.0190834 -0.0607435 -0.305232 -0.0198254 -0.067859 -0.30996 -0.00627825
internal_weight=65976 64882 27520 25684 2896 2707 22788 37362 1488 312 1176 563 613 183 430 531 264 1836 1119 299 820 48 35874 34498 8949 1283 7666 6401 1298 5103
internal_count=65976 64882 27520 25684 2896 2707 22788 37362 1488 312 1176 563 613 183 430 531 264 1836 1119 299 820 48 35874 34498 8949 1283 7666 6401 1298 5103
is_linear=0
shrinkage=0.05


Tree=289
num_leaves=31
num_cat=2
split_feature=3 71 62 57 3 13 75 0 4 2 2 68 75 61 58 4 13 38 75 71 4 60 3 33 3 67 72 3 60 3
split_gain=14382.9 18566 19098.8 20189.9 17358.6 39247.5 50283.3 50400.6 46449.1 94400.5 60549.7 45329.7 46968.8 37344.8 36849.9 36108.1 50338.6 49055.8 35650.7 35296.2 31802.9 77002.3 90471.7 72704.9 48101.5 70174.7 41942.7 39549.1 35707 52047.9
threshold=22.500000000000004 29.866666666666671 1167.2309901135802 1058.6665000000003 18.500000000000004 0 1240.9358072046537 2024.5000000000002 2.5000000000000004 19.500000000000004 27.500000000000004 27.237500000000008 1105.6700485080003 1002.8899887414251 1031.3754054458152 1.5000000000000002 1 94.500000000000014 1094.2841142791485 15.450000000000001 5.5000000000000009 1089.7799638323852 14.500000000000002 66.500000000000014 6.5000000000000009 7.7375000000000016 34.291666666666679 12.500000000000002 1066.7200089147202 7.5000000000000009
decision_type=2 2 2 2 2 9 2 2 2 2 2 2 2 2 2 2 9 2 2 2 2 2 2 2 2 2 2 2 2 2
left_child=4 2 -2 -4 5 6 11 8 9 -8 -10 12 14 18 -1 17 19 -15 -6 -17 28 24 26 -24 -22 27 -23 -26 29 -7
right_child=1 -3 3 -5 13 20 7 -9 10 -11 -12 -13 -14 15 -16 16 -18 -19 -20 -21 21 22 23 -25 25 -27 -28 -29 -30 -31
leaf_value=-0.19268514198554887 -0.050033017792487103 0.24792125143275279 -1.136970806856678 -0.2701477731075061 0.20946539785449714 -0.011829779061048276 -0.62186871769527596 -3.3049368751049046 0.19116798578433589 -4.3893975506658141 -2.3919439819124011 0.9571119258243046 -1.168247454425563 -0.06173474961533372 1.0554081740975381 2.3122949992120265 0.058562327726953779 -0.83570896514737214 1.0587985945754641 0.57375530703839928 -0.019271427206865279 0.14182189430566347 -0.35637540589552885 0.33129295088396771 -0.61315844150095455 -0.12765788689585536 1.1512503538174288 0.352514242047542 -0.023841396856549589 0.15922190064776476
leaf_weight=656 1516 317 73 842 467 8746 60 20 142 23 27 89 115 1272 65 35 8634 244 168 176 2736 5163 1838 486 1516 2616 105 114 18667 9048
leaf_count=656 1516 317 73 842 467 8746 60 20 142 23 27 89 115 1272 65 35 8634 244 168 176 2736 5163 1838 486 1516 2616 105 114 18667 9048
internal_value=1.17614e-06 -0.11198 -0.158911 -0.339304 0.00486809 -0.00715238 -0.288955 -0.888984 -0.697242 -1.66588 -0.221519 -0.115638 -0.229843 0.0619664 -0.0801663 0.0391549 0.0777981 -0.186306 0.434171 0.823128 -0.00048612 -0.0629164 0.0472995 -0.212569 -0.182762 -0.28811 0.161941 -0.545621 0.024468 0.0751476
internal_weight=65976 2748 2431 915 63228 52232 1197 272 252 83 169 925 836 10996 721 10361 8845 1516 635 211 51035 14574 7592 2324 6982 4246 5268 1630 36461 17794
internal_count=65976 2748 2431 915 63228 52232 1197 272 252 83 169 925 836 10996 721 10361 8845 1516 635 211 51035 14574 7592 2324 6982 4246 5268 1630 36461 17794
cat_boundaries=0 1 2
cat_threshold=146 146
is_linear=0
shrinkage=0.05


Tree=290
num_leaves=31
num_cat=2
split_feature=68 31 3 59 13 63 71 70 37 0 56 61 4 66 67 60 0 0 71 1 2 1 13 40 4 2 2 57 72 5
split_gain=14333.6 22802.5 27557 49667.2 35387.6 29335.1 28607.2 38017.4 30041 31126.5 28751.6 27768.6 43897.8 29086 27460.3 29857.1 27648.3 70306.3 40219.7 33132.1 30391.2 28666.7 31884 35776.6 38141.3 37242.4 34619.9 33256.6 28620.9 27628.9
threshold=5.9875000000000016 11.500000000000002 9.5000000000000018 1129.6665000000003 0 1100.8963046050351 10.608333333333336 22.208333333333339 96.500000000000014 2019.5000000000002 1001.5617832922851 1002.8899887414251 1.5000000000000002 11.191666666666668 13.712500000000004 922.07331854101005 2020.5000000000002 2019.5000000000002 22.325000000000003 7.5000000000000009 30.500000000000004 7.5000000000000009 1 4.5000000000000009 5.5000000000000009 7.5000000000000009 8.5000000000000018 1429.2002758893302 28.333333333333339 1.0000000180025095e-35
decision_type=2 2 2 2 9 2 2 2 2 2 2 2 2 2 2 2 2 2 2 2 2 2 9 2 2 2 2 2 2 2
left_child=-1 14 -3 4 6 -5 8 11 -4 10 -10 -8 13 -13 -2 -16 17 18 -17 20 -19 22 29 24 25 -24 -26 -27 -28 -18
right_child=1 2 3 5 -6 -7 7 -9 9 -11 -12 12 -14 -15 15 16 21 19 -20 -21 -22 -23 23 -25 26 27 28 -29 -30 -31
leaf_value=0.045966878611225802 -0.053991058239717796 -0.12779646298877498 0.12028026787669371 -0.23808103819240048 -0.43584139237556468 -0.038730986912922233 0.19274899107462543 0.3950180935600609 1.5943056941634479 0.2763632154986233 0.53135385773552768 -1.0778737581328497 0.0097650772899646812 -0.28608806480180338 0.23228646259813651 -0.14694189312301384 0.20610983377835243 -0.48643029492302442 0.19570802377718999 -0.12099747132334648 -2.3295760139175083 -0.011534081757398366 -1.4752171006695978 -1.583678722770318 0.29840109327601061 0.71081467410795907 -0.91848576152047456 -0.82977696185888261 -3.207942025959492 -0.8235633299206242
leaf_weight=13492 8251 7221 1912 2300 302 9337 1035 614 99 637 178 143 2054 614 2124 1340 5050 810 2373 1121 23 4474 29 46 36 189 43 43 20 66
leaf_count=13492 8251 7221 1912 2300 302 9337 1035 614 99 637 178 143 2054 614 2124 1340 5050 810 2373 1121 23 4474 29 46 36 189 43 43 20 66
internal_value=1.56161e-06 -0.0118147 -0.0445165 -0.0132361 0.0862881 -0.0781316 0.108379 0.0296636 0.232992 0.468775 0.911254 -0.0286639 -0.110187 -0.435659 0.0213995 0.0563715 0.0325164 -0.0557109 0.0720477 -0.298478 -0.537321 0.0825348 0.158751 -0.26413 -0.102858 0.214108 -0.938498 0.425274 -1.6453 0.19245
internal_weight=65976 52484 26446 19225 7588 11637 7286 4460 2826 914 277 3846 2811 757 26038 17787 15663 5667 3713 1954 833 9996 5522 406 360 261 99 232 63 5116
internal_count=65976 52484 26446 19225 7588 11637 7286 4460 2826 914 277 3846 2811 757 26038 17787 15663 5667 3713 1954 833 9996 5522 406 360 261 99 232 63 5116
cat_boundaries=0 1 2
cat_threshold=19 9
is_linear=0
shrinkage=0.05


Tree=291
num_leaves=31
num_cat=0
split_feature=61 75 62 75 6 63 60 60 15 40 69 1 63 3 1 15 32 60 2 73 7 4 63 57 2 2 62 73 72 68
split_gain=14261.6 36894.4 32318.1 74653.9 23863.3 28048.1 23704.1 22258.9 24752.6 21232.8 20242.6 18518.8 32191.4 18986.3 21562 18302.7 18176 19378.3 18154.5 17682.7 21476.5 18340.4 18800.1 17506.9 17192.1 24685.5 28265 22379.6 16380.3 19023.8
threshold=803.04171630477651 803.37444472266168 828.83075620425109 926.7579992226614 1.0000000180025095e-35 696.32509693327404 661.0208442166371 781.69337841060064 0.45000000000000007 31.500000000000004 134.94694444444443 1.5000000000000002 1258.6960159286903 19.500000000000004 5.5000000000000009 4.6500000000000012 99.500000000000014 732.09150000000011 2.5000000000000004 -1.8999999999999988 1.0000000180025095e-35 5.5000000000000009 924.0103614458161 887.8075 14.500000000000002 10.500000000000002 1197.7680000000003 -2.9083333333333328 11.300000000000002 15.637500000000005
decision_type=2 2 2 2 2 2 2 2 2 2 2 2 2 2 2 2 2 2 2 2 2 2 2 2 2 2 2 2 2 2
left_child=2 18 3 4 5 6 9 8 11 -1 -6 12 -3 14 16 28 24 -18 -2 -4 21 22 -21 -10 25 -13 -27 -26 -7 -30
right_child=1 7 19 -5 10 15 -8 -9 23 -11 -12 13 -14 -15 -16 -17 17 -19 -20 20 -22 -23 -24 -25 27 26 -28 -29 29 -31
leaf_value=-0.44223206446451302 -0.83986784893003374 0.40305151799693706 0.78547750528860882 -0.86703293678909543 0.37218682189192986 0.25270438336085327 -0.13214242382915029 -0.0064781501157216816 -1.3660610477129618 -1.9725416179088986 1.8113633632659913 0.092065454619674233 2.5235294748436323 1.080255216911987 0.32192631031083713 -1.2874082644780478 -1.5581921276208517 -0.12478072111996322 -0.17976652007736552 0.34524499590669211 -0.55492047344564233 0.020881109207566882 1.1402753913104535 -0.11330838420663972 -0.73870628109345082 -0.31773128126348771 -1.898751187324524 0.35086786615667837 -0.035126754642596431 0.28240973486294069
leaf_weight=68 110 96 182 225 257 1195 646 55308 42 34 27 362 22 54 858 24 37 65 1962 290 77 284 100 83 52 147 35 503 2233 598
leaf_count=68 110 96 182 225 257 1195 646 55308 42 34 27 362 22 54 858 24 37 65 1962 290 77 284 100 83 52 147 35 503 2233 598
internal_value=-1.81991e-06 -0.0075152 0.0719244 0.0242135 0.0636725 0.0373124 -0.243987 -6.66044e-05 0.150447 -0.952335 0.50901 0.188809 0.798395 0.154766 0.130494 0.0892659 -0.00626573 -0.644744 -0.214811 0.343309 0.236152 0.326526 0.549099 -0.534233 0.0529925 -0.146756 -0.621774 0.248782 0.0974726 0.0319474
internal_weight=65976 59736 6240 5307 5082 4798 748 57664 2356 102 284 2231 118 2113 2059 4050 1201 102 2072 933 751 674 390 125 1099 544 182 555 4026 2831
internal_count=65976 59736 6240 5307 5082 4798 748 57664 2356 102 284 2231 118 2113 2059 4050 1201 102 2072 933 751 674 390 125 1099 544 182 555 4026 2831
is_linear=0
shrinkage=0.05


Tree=292
num_leaves=31
num_cat=0
split_feature=57 62 68 48 4 72 2 4 9 2 67 32 4 61 4 72 70 61 73 33 3 70 71 4 72 72 27 73 0 1
split_gain=13827.6 38528.5 37144.5 42965.7 59230.6 33824.2 30188 28106.5 55795.2 49778.4 33274.9 36648.7 24926.6 23586.6 23536 22885 22276.9 21653.9 21647.1 23121 21462.7 24130.3 27544.7 21088.6 23054.4 19898.6 46995.7 46613 28545.3 33317
threshold=1524.5447482922852 1555.7110000000002 30.087500000000009 0.29166666650000006 5.5000000000000009 30.583333333333339 23.500000000000004 2.5000000000000004 1.0000000180025095e-35 19.500000000000004 26.187500000000007 7.5000000000000009 4.5000000000000009 1203.6460000000004 6.5000000000000009 20.308333333333337 -4.1583333333333323 1355.9692066687651 2.6833333333333345 1.0000000180025095e-35 11.500000000000002 29.191666666666674 30.341666666666669 4.5000000000000009 34.291666666666679 3.1416666666666671 1.0000000180025095e-35 4.9666666666666686 2018.5000000000002 10.500000000000002
decision_type=2 2 2 2 2 2 2 2 2 2 2 2 2 2 2 2 2 2 2 2 2 2 2 2 2 2 2 2 2 2
left_child=1 25 3 14 6 13 23 8 20 -10 -9 -12 -13 -4 15 16 -2 -18 19 -15 -3 -22 -23 24 -5 26 28 -28 -1 -30
right_child=2 7 5 4 -6 -7 -8 10 9 -11 11 12 -14 18 -16 -17 17 -19 -20 -21 21 22 -24 -25 -26 -27 27 -29 29 -31
leaf_value=-0.31625035510525601 0.031308510086753151 0.62653179386683877 0.88382775047911888 0.17182622460580349 0.4172069220370711 2.0907074907235805 -0.58162537986552232 0.24762370702247086 -0.058078447977701821 -2.7465590741598245 0.54416226888252373 2.6830489803378175 0.70398225196852138 -0.052352716891554733 -0.90616674974178657 -0.16371262265351258 -1.8577407281507146 -0.65998599897296928 0.80894342050494916 0.35358693086291632 -0.173307214405646 1.0956035962525537 -0.6889651841644584 -0.45402228392754929 -1.130764060550266 -0.010196995743401693 0.4928820189198786 -1.2964844640932585 0.012873737218438222 0.36267733965216403
leaf_weight=542 99 175 79 602 527 20 387 752 36 33 179 41 26 3197 195 826 44 265 83 394 447 85 29 237 36 50311 862 38 4631 798
leaf_count=542 99 175 79 602 527 20 387 752 36 33 179 41 26 3197 195 826 44 265 83 394 447 85 29 237 36 50311 862 38 4631 798
internal_value=-1.72873e-06 0.00787869 -0.066491 -0.191286 -0.0280002 0.0399471 -0.213915 0.235452 0.0156444 -1.34387 0.412752 0.917535 1.91505 0.0290185 -0.395708 -0.315044 -0.621415 -0.83054 0.010638 -0.00781353 0.143099 -0.00770412 0.641634 -0.0512816 0.0983258 0.000703087 0.0805159 0.417331 0.0297483 0.0642908
internal_weight=65976 58985 6991 3218 1789 3773 1262 1803 805 69 998 246 67 3753 1429 1234 408 309 3674 3591 736 561 114 875 638 57182 6871 900 5971 5429
internal_count=65976 58985 6991 3218 1789 3773 1262 1803 805 69 998 246 67 3753 1429 1234 408 309 3674 3591 736 561 114 875 638 57182 6871 900 5971 5429
is_linear=0
shrinkage=0.05


Tree=293
num_leaves=31
num_cat=1
split_feature=0 72 34 73 61 72 7 60 57 59 2 72 63 69 51 13 69 38 3 68 4 74 73 60 73 73 17 15 75 63
split_gain=13752.1 19423.7 20709.1 21895.4 18116.6 25332.4 27285.5 22747.4 21952.6 34773.5 28172.4 21356.9 19463.5 18830.1 18146.2 31473.4 60152.3 33318.6 54782 38118.1 29980.3 24775.9 30767.2 23390.3 27220.7 25863.5 22519 30467.9 50021.8 27989.3
threshold=2023.5000000000002 -3.4499999999999997 65.500000000000014 1.7000000000000002 861.16591174551411 11.41666666666667 1.0000000180025095e-35 829.11400000000015 868.09341781638921 1006.2064419446601 24.500000000000004 10.958333333333337 789.00121850800213 152.52250000000001 0.87500000000000011 0 105.40444444444448 99.500000000000014 11.500000000000002 9.6375000000000046 5.5000000000000009 5.9333333333333371 0.58333333333333759 1092.2150358503302 0.53333333333333366 -0.61666666666666836 0.45000000000000007 0.35000000000000003 1238.1996638813769 1020.294803945815
decision_type=2 2 2 2 2 2 2 2 2 2 2 2 2 2 2 9 2 2 2 2 2 2 2 2 2 2 2 2 2 2
left_child=-1 2 3 -2 5 6 7 -3 9 10 12 -12 -6 -14 15 17 -17 21 20 -20 -19 22 26 24 -21 -25 27 -10 -29 -28
right_child=1 4 -4 -5 8 -7 -8 -9 14 -11 11 -13 13 -15 -16 16 -18 18 19 23 -22 -23 -24 25 -26 -27 29 28 -30 -31
leaf_value=-0.01179317382356738 0.54601239199298579 2.0150549695605324 1.304427243360694 -0.53744546330892129 -1.7215855379899343 0.088601806285311863 1.8668671481120283 0.29337341577099924 -0.00012889047400626292 0.91515229006983201 1.6602775404850645 -0.11320092349216855 -0.68034027333341729 0.24628146641394674 0.10528312585789726 -0.17414968813813869 -2.0802034387048685 -0.017410699516008404 1.4450341116027401 0.33707682469061445 -1.4205547144015631 0.20697667344463855 -0.23321317777781303 0.63516814246557773 2.032660405228778 -0.33286182936550918 -0.91732367709759743 -2.9459438438000891 0.35167774182298911 0.69314685893030126
leaf_weight=52080 165 21 57 65 36 806 39 222 2890 53 24 58 283 68 4990 189 53 184 110 56 48 887 1990 138 41 138 31 23 23 208
leaf_count=52080 165 21 57 65 36 806 39 222 2890 53 24 58 283 68 4990 189 53 184 110 56 48 887 1990 138 41 138 31 23 23 208
internal_value=-1.64249e-06 0.0441911 0.451256 0.239818 0.0356066 0.231311 0.639195 0.442161 0.0186011 -0.298816 -0.436003 0.405866 -0.614383 -0.500824 0.0324099 -0.0194717 -0.568115 0.000986896 0.323772 0.627096 -0.307716 -0.0371462 -0.0790702 0.385881 1.05377 0.151153 0.0175423 -0.0204498 -1.29713 0.484257
internal_weight=65976 13896 287 230 13609 1088 282 243 12521 522 469 82 387 351 11999 7009 242 6767 715 483 232 6052 5165 373 97 276 3175 2936 46 239
internal_count=65976 13896 287 230 13609 1088 282 243 12521 522 469 82 387 351 11999 7009 242 6767 715 483 232 6052 5165 373 97 276 3175 2936 46 239
cat_boundaries=0 1
cat_threshold=3
is_linear=0
shrinkage=0.05


Tree=294
num_leaves=31
num_cat=0
split_feature=24 61 63 56 75 57 4 57 4 75 61 60 62 74 15 4 57 8 70 66 3 61 1 61 32 1 34 1 0 72
split_gain=13484.3 14042.2 33957.3 24935.6 22232.2 19065 24332.1 19325.3 18514.2 28093.7 18934.2 18272.1 17592.1 16219.2 15726.8 15108.2 23468.2 22826.2 35966.8 17038.4 21182.9 17613.9 15016 20554.2 20315.1 18490.2 14944.7 14902.9 29361.7 30877.2
threshold=8.4000000000000021 755.62100324551409 724.97227875857709 633.4910638000373 767.52033333333338 861.47870555939869 1.5000000000000002 760.83974983238306 6.5000000000000009 926.7579992226614 682.4738748216746 738.99900000000014 707.01897240001915 0.81666666666666698 0.25000000000000006 2.5000000000000004 725.2505000000001 1.0000000180025095e-35 12.758333333333336 18.858333333333338 7.5000000000000009 832.21049771663718 1.5000000000000002 1157.5910000000001 98.500000000000014 9.5000000000000018 99.500000000000014 5.5000000000000009 2024.5000000000002 18.991666666666671
decision_type=2 2 2 2 2 2 2 2 2 2 2 2 2 2 2 2 2 2 2 2 2 2 2 2 2 2 2 2 2 2
left_child=1 2 3 -1 15 6 7 -5 10 -10 -4 12 -6 -11 22 19 17 18 -17 20 21 -3 23 -14 -24 26 -26 -13 -29 -30
right_child=-2 4 8 5 11 -7 -8 -9 9 13 -12 27 14 -15 -16 16 -18 -19 -20 -21 -22 -23 24 -25 25 -27 -28 28 29 -31
leaf_value=-0.71974196418805025 -1.0779301885900827 0.08227490736080964 0.7950772441783921 -0.48601454305868819 1.5899298048832202 -1.0249571505602864 0.24618636282138359 0.14653758668694003 0.12260624782848857 -1.7313846107891628 0.25797156353415501 -0.033370585133240892 0.30526791211167303 -0.13241147871675163 -0.4887815576739783 -0.67458711868407684 -0.17858628846012295 -0.047992171408378914 -2.5523941474802356 -1.373401123001462 0.77284310646355159 -0.70841919394100417 0.24110622633487946 2.2947598415613175 -0.30485193181369041 0.5890681197931027 -1.7182918451726437 0.0077625409989634788 -0.3334716811070888 0.32602544991101912
leaf_weight=142 29 411 190 298 22 45 579 203 394 35 1203 24597 37 29 86 102 999 73 34 21 92 85 996 20 45 29 32 33660 206 1282
leaf_count=142 29 411 190 298 22 45 579 203 394 35 1203 24597 37 29 86 102 999 73 34 21 92 85 996 20 45 29 32 33660 206 1282
internal_value=-1.56013e-06 0.000472456 0.104042 -0.0953984 -0.00466737 -0.0165923 0.0254229 -0.229711 0.240558 -0.0352217 0.331231 0.000465396 0.188362 -1.00685 0.163595 -0.177018 -0.279388 -0.761209 -1.14404 0.0260419 0.076022 -0.0532271 0.212003 1.00334 0.171072 -0.486988 -0.892256 -0.00351929 0.017371 0.234724
internal_weight=65976 65947 3118 1267 62829 1125 1080 501 1851 458 1393 61012 1267 64 1245 1817 1208 209 136 609 588 496 1159 57 1102 106 77 59745 35148 1488
internal_count=65976 65947 3118 1267 62829 1125 1080 501 1851 458 1393 61012 1267 64 1245 1817 1208 209 136 609 588 496 1159 57 1102 106 77 59745 35148 1488
is_linear=0
shrinkage=0.05


Tree=295
num_leaves=31
num_cat=0
split_feature=57 62 68 57 2 61 4 72 63 1 4 1 59 48 58 4 61 71 1 31 61 72 62 4 63 63 41 73 2 75
split_gain=13835.8 29379.2 27859.6 27121.3 32757.2 31266.9 40680.4 33054.7 27494.2 26847.5 26519.2 31026.8 52405.9 25936.9 24726.7 24230 37487.5 29924.7 27648.4 25073.2 28469.5 32628.8 29363.9 25370.9 23156.1 23635.6 23029.9 22790.8 22741.3 22218.5
threshold=1636.1535000000001 1396.0509075000002 27.387500000000006 1290.4402397147103 29.500000000000004 1071.2720662040701 6.5000000000000009 27.775000000000006 1550.6076849930303 10.500000000000002 6.5000000000000009 7.5000000000000009 1514.9370000000001 0.95833333350000005 1395.7175000000004 6.5000000000000009 1845.7505000000003 32.808333333333344 7.5000000000000009 1.0000000180025095e-35 1678.7860000000003 23.791666666666671 1801.2262358709902 3.5000000000000004 1173.7645000000002 961.80950000000018 48.500000000000007 3.7666666666666688 20.500000000000004 2152.7256666666667
decision_type=2 2 2 2 2 2 2 2 2 2 2 2 2 2 2 2 2 2 2 2 2 2 2 2 2 2 2 2 2 2
left_child=1 3 -2 14 5 9 24 8 13 -5 -3 12 -12 -8 -1 19 17 18 28 20 22 -22 23 -4 25 -7 -21 -6 -17 -23
right_child=2 10 15 4 27 6 7 -9 -10 -11 11 -13 -14 -15 -16 16 -18 -19 -20 26 21 29 -24 -25 -26 -27 -28 -29 -30 -31
leaf_value=0.0060280402032790873 -0.36915511627313657 0.078868236944712344 -0.13108304574263174 -0.37942100180808302 -0.45706755668874 0.37954460749448826 -0.014172165051276824 0.948580363382032 -1.625101604244926 -1.7393636405467987 0.3970780665164485 0.20997852961681474 2.6962177512259822 0.53987599666380592 0.92073248930879537 0.56588725083404123 -1.5808851944548745 0.85058934547264009 -0.82733144151956539 -0.19972973443587783 -0.23656978802552278 0.22253446598658161 1.6522900674343111 0.70259761152057243 -0.04841126229894805 -0.35326642253140028 0.26361729577632559 -1.997482548768704 -0.57567372108117132 1.4502741673588755
leaf_weight=46747 724 7001 154 267 314 121 663 138 22 42 68 238 39 310 74 99 56 58 172 1395 550 468 50 224 4292 1214 332 26 78 40
leaf_count=46747 724 7001 154 267 314 121 663 138 22 42 68 238 39 310 74 99 56 58 172 1395 550 468 50 224 4292 1214 332 26 78 40
internal_value=-1.48219e-06 0.00611919 -0.0856575 -0.0065921 -0.0954807 -0.0724237 -0.0499415 0.223404 0.122827 -0.564268 0.0999571 0.527909 1.23508 0.162349 0.00747372 -0.0298218 -0.367983 -0.201097 -0.375876 0.018908 0.169484 0.0302871 0.513574 0.36295 -0.10498 -0.286847 -0.110655 -0.574864 0.0628265 0.319207
internal_weight=65976 61576 4400 54230 7409 7069 6760 1133 995 309 7346 345 107 973 46821 3676 463 407 349 3213 1486 1058 428 378 5627 1335 1727 340 177 508
internal_count=65976 61576 4400 54230 7409 7069 6760 1133 995 309 7346 345 107 973 46821 3676 463 407 349 3213 1486 1058 428 378 5627 1335 1727 340 177 508
is_linear=0
shrinkage=0.05


Tree=296
num_leaves=31
num_cat=0
split_feature=72 70 57 71 62 4 61 0 4 57 3 60 2 45 70 73 62 3 71 32 37 32 74 73 27 62 75 57 60 57
split_gain=13680.9 15639.2 14610.7 35267.3 32240.4 31842.5 46751.1 58287.8 82935.8 45406.3 31117.2 29900.5 28619 29110.6 28553 26356.5 26052.4 25325.4 24985.4 25629.8 23494.1 25700.5 22675.1 41716.5 22493.4 22220.6 26546 25743.6 28019.7 22699.8
threshold=-7.1416666666666648 -0.97499999999999998 1395.8570000000002 20.425000000000008 1408.9237319689053 1.5000000000000002 1511.3118433464704 2018.5000000000002 2.5000000000000004 1339.6013192922853 10.500000000000002 1074.3153061897654 30.500000000000004 0.62500000000000011 31.850000000000005 1.0000000000000016 1202.8060000000003 13.500000000000002 29.866666666666671 15.500000000000002 82.500000000000014 37.500000000000007 3.2249999999999983 3.4333333333333353 0.15000000000000005 1230.1434280364954 1316.0585154589519 1554.0390723893302 1524.4450682922852 1429.2002758893302
decision_type=2 2 2 2 2 2 2 2 2 2 2 2 2 2 2 2 2 2 2 2 2 2 2 2 2 2 2 2 2 2
left_child=1 -1 4 12 14 10 -7 8 -8 11 -6 -9 13 22 -2 20 -17 -14 19 -11 -5 -22 25 -24 -23 26 -4 28 -27 -28
right_child=2 -3 3 15 5 6 7 9 -10 18 -12 -13 17 -15 -16 16 -18 -19 -20 -21 21 24 23 -25 -26 27 29 -29 -30 -31
leaf_value=0.57705612119176608 -0.0018006912819392451 -0.29017970116010738 -2.4712513394355775 -0.021004579434761615 0.55188204951631203 0.16953040396293231 -2.944251490481522 3.1567183772722882 0.74658806913428843 -0.084193440173009435 -0.21764042053258337 1.3774468207125923 -0.13524194637934367 0.044800942594612592 0.92632693861981474 1.0111851492193009 0.13547527282603766 -2.0901413227255281 2.2248857271671296 1.4737115800380707 -0.21158252220304138 -0.75152500083424023 -0.22788485817584744 0.84441279248923673 -2.7194400429725647 -0.305169048072084 0.15584077969668253 -0.99652920631070929 0.94166671737656005 -1.1065622333247782
leaf_weight=202 51272 70 25 6049 159 1895 23 33 45 99 756 83 30 1051 83 90 1508 37 20 36 226 53 1218 98 20 456 51 120 50 118
leaf_count=202 51272 70 25 6049 159 1895 23 33 45 99 756 83 30 1051 83 90 1508 37 20 36 226 53 1218 98 20 456 51 120 50 118
internal_value=-1.40807e-06 0.35387 -0.00146636 -0.0534798 0.00922185 0.164518 0.266273 0.807064 -0.501784 1.13548 -0.0839201 1.88362 -0.192128 -0.170628 -0.000300651 0.00329844 0.184796 -1.21481 0.575588 0.331248 -0.0423904 -0.475041 -0.276627 -0.148033 -1.29068 -0.483006 -0.950555 -0.338111 -0.181964 -0.7256
internal_weight=65976 272 65704 11200 54504 3149 2234 339 68 271 915 116 3254 3187 51355 7946 1598 67 155 135 6348 299 2136 1316 73 820 194 626 506 169
internal_count=65976 272 65704 11200 54504 3149 2234 339 68 271 915 116 3254 3187 51355 7946 1598 67 155 135 6348 299 2136 1316 73 820 194 626 506 169
is_linear=0
shrinkage=0.05


Tree=297
num_leaves=31
num_cat=0
split_feature=68 1 2 56 4 14 67 7 71 61 70 4 51 61 75 72 70 0 75 1 2 61 1 4 2 9 74 4 72 2
split_gain=13415.8 25316.4 55476.3 40973 38892.6 37600.9 34481.4 33095.6 52070.1 31608.8 40285.5 39393 31357 28649.9 28132.9 27201.7 26866.5 25802.6 33174.6 24776.2 38011.4 37128 51476.8 59244.3 48398 68598.2 37974.4 35782.3 46331.5 42589
threshold=7.7875000000000023 4.5000000000000009 23.500000000000004 947.11423723974417 4.5000000000000009 1.0000000180025095e-35 7.7375000000000016 1.0000000180025095e-35 10.84166666666667 1144.7620000000004 12.258333333333336 6.5000000000000009 0.20833333350000002 1225.8230000000001 1122.0046666666669 1.5250000000000004 9.0750000000000028 2020.5000000000002 1073.382151279149 8.5000000000000018 3.5000000000000004 1880.4845000000003 6.5000000000000009 2.5000000000000004 2.5000000000000004 1.0000000180025095e-35 2.4666666666666672 6.5000000000000009 8.6750000000000025 25.500000000000004
decision_type=2 2 2 2 2 2 2 2 2 2 2 2 2 2 2 2 2 2 2 2 2 2 2 2 2 2 2 2 2 2
left_child=-1 2 3 16 6 15 -4 -7 -9 -5 11 17 -12 14 -8 -6 -2 -11 -19 20 21 22 -3 24 -24 26 -26 -21 29 -29
right_child=1 19 4 9 5 7 13 8 -10 10 12 -13 -14 -15 -16 -17 -18 18 -20 27 -22 -23 23 -25 25 -27 -28 28 -30 -31
leaf_value=0.03706584111037161 -0.12063751922462196 0.061966240810187159 -0.10571675363048981 0.034113283888177283 -0.86909840742224143 -0.3440449138133847 0.45143167041831422 -3.7900558009743692 -0.60811540070507264 -0.39989471841569341 -1.162398552426765 -1.0957079781392187 -0.32710045455656028 -0.12199310365175536 1.3929686836813662 0.12168165677896728 -0.50455302171849448 0.75079765833762235 -0.041476410732548943 -0.012800302069042441 0.016389458174066226 -0.51624019552360889 0.71198067007028509 0.29838524386484289 2.1473790422994266 -0.20663060347239176 4.7327740049362186 0.071677735447883612 -0.32332747173326348 1.6228190231781738
leaf_weight=17818 744 1142 428 2673 76 171 806 20 36 436 172 97 324 197 88 783 1176 147 1306 13394 20563 154 197 660 49 24 20 297 1926 52
leaf_count=17818 744 1142 428 2673 76 171 806 20 36 436 172 97 324 197 88 783 1176 147 1306 13394 20563 154 197 660 49 24 20 297 1926 52
internal_value=-1.33785e-06 -0.0137158 -0.0859938 -0.158626 0.111269 -0.117219 0.274625 -0.689537 -1.74452 -0.0851924 -0.213679 -0.11301 -0.61676 0.423834 0.544111 0.0340224 -0.355786 -0.062549 0.038678 0.00446728 0.0377217 0.233026 0.288183 0.560118 1.15579 2.09589 2.89677 -0.0439403 -0.227276 0.302793
internal_weight=65976 48158 9680 7075 2605 1086 1519 227 56 5155 2482 1986 496 1091 894 859 1920 1889 1453 38478 22809 2246 2092 950 290 93 69 15669 2275 349
internal_count=65976 48158 9680 7075 2605 1086 1519 227 56 5155 2482 1986 496 1091 894 859 1920 1889 1453 38478 22809 2246 2092 950 290 93 69 15669 2275 349
is_linear=0
shrinkage=0.05


Tree=298
num_leaves=31
num_cat=0
split_feature=2 48 5 0 1 3 72 1 71 15 9 2 2 75 56 75 61 4 2 68 37 71 67 72 68 60 57 73 0 68
split_gain=13447.3 19561.7 27741.6 29593 35446.3 55157.6 33368.4 28757.7 18862.1 17092.9 15783.1 45403.4 40386.6 37841.9 50139 41914.5 32754.3 38804.1 65779.8 28732.6 23474.4 22400.3 19126 17888.2 16511.5 42436.4 33491.9 31960.2 34433.9 27687
threshold=1.5000000000000002 0.29166666650000006 1.0000000180025095e-35 2018.5000000000002 1.5000000000000002 11.500000000000002 9.2750000000000039 6.5000000000000009 -1.7499999999999993 0.8500000000000002 1.0000000180025095e-35 30.500000000000004 2.5000000000000004 1240.9358072046537 1361.0363333333337 1466.6118333333336 1381.7575000000002 2.5000000000000004 19.500000000000004 26.612500000000008 4.5000000000000009 32.441666666666677 27.587500000000006 30.833333333333339 30.962500000000009 1402.1016017922852 1684.5335746687654 -1.3916666666666673 2022.5000000000002 32.412500000000016
decision_type=2 2 2 2 2 2 2 2 2 2 2 2 2 2 2 2 2 2 2 2 2 2 2 2 2 2 2 2 2 2
left_child=1 2 3 6 5 -5 -1 -8 -6 -10 24 12 -12 19 16 -16 22 18 -18 20 23 -17 -15 -14 26 27 -2 -26 -29 -30
right_child=10 -3 -4 4 8 -7 7 -9 9 -11 11 -13 13 14 15 21 17 -19 -20 -21 -22 -23 -24 -25 25 -27 -28 28 29 -31
leaf_value=-2.155114751977798 0.0063115905862200939 0.029508986336339773 -1.8236212023666927 -2.9317502813679832 1.148090459033847 -0.066792502928347819 0.80307898782193665 -1.0326887141680345 -0.13061798282891365 1.1258764114763056 1.8806930492321652 -2.3463955643276377 -0.12558519130222279 -1.2669738460154762 0.87930904904778096 -0.79645901468913427 -0.44885618296536534 0.22970412181547056 -3.7383735668091549 1.0099376701191067 -1.1364015713680622 0.69110423022648326 -2.8375287541321348 0.77866108830769853 1.5493742630142591 0.021026720401092037 -0.24260089306895638 0.17762624353511644 0.4394027897681313 1.8157375264735451
leaf_weight=39 57387 1078 28 28 32 42 32 64 812 28 24 24 202 63 89 121 55 78 21 80 43 32 28 75 58 3224 1384 655 87 63
leaf_count=39 57387 1078 28 28 32 42 32 64 812 28 24 24 202 63 89 121 55 78 21 80 43 32 28 75 58 3224 1384 655 87 63
internal_value=-1.27079e-06 -0.122028 -0.269862 -0.229467 -0.130247 -1.21278 -0.9218 -0.420766 -0.0433468 -0.0887348 0.00417448 -0.199743 -0.14319 -0.197951 -0.49393 0.0165384 -0.998148 -0.55374 -1.3578 0.162403 -0.0494809 -0.485335 -1.75022 0.119247 0.00720771 0.104384 0.000449943 0.415792 0.334118 1.01746
internal_weight=65976 2183 1105 1077 942 70 135 96 872 840 63793 935 911 887 487 242 245 154 76 400 320 153 91 277 62858 4087 58771 863 805 150
internal_count=65976 2183 1105 1077 942 70 135 96 872 840 63793 935 911 887 487 242 245 154 76 400 320 153 91 277 62858 4087 58771 863 805 150
is_linear=0
shrinkage=0.05


Tree=299
num_leaves=31
num_cat=1
split_feature=61 75 4 60 4 3 4 56 75 13 70 61 63 57 73 56 67 3 75 57 3 34 75 4 2 4 75 57 72 3
split_gain=13227.7 42738.7 28590.2 37098.5 32283.2 57445.8 33060.7 42674.8 26822.9 24007.2 31218.7 22829.8 50378.8 36699.7 33329.4 33208.8 32555.2 28128.3 26671.2 46752.3 26129.3 37109.3 29835.6 29793.7 46627.6 28642.3 74527.6 39027.7 36827.7 46917.3
threshold=825.58173095103655 833.61758994565105 6.5000000000000009 887.8075 1.5000000000000002 7.5000000000000009 2.5000000000000004 804.8482650000002 878.84612492633676 0 10.408333333333337 996.54229427993107 796.38829844581608 868.09341781638921 -2.6666666666666643 752.37464914625957 1.0000000180025095e-35 8.5000000000000018 1105.6700485080003 1263.4405000000002 9.5000000000000018 1.0000000180025095e-35 1204.2676173544435 2.5000000000000004 30.500000000000004 1.5000000000000002 1639.1330000000003 1000.2955000000001 25.708333333333339 1.5000000000000002
decision_type=2 2 2 2 2 2 2 2 2 9 2 2 2 2 2 2 2 2 2 2 2 2 2 2 2 2 2 2 2 2
left_child=2 -2 4 8 5 -1 -6 9 -4 -8 -11 12 14 16 17 -14 -13 -3 -17 -20 21 23 -23 24 25 26 28 -27 -15 -30
right_child=1 11 3 -5 6 -7 7 -9 -10 10 -12 13 15 20 -16 18 -18 -19 19 -21 -22 22 -24 -25 -26 27 -28 -29 29 -31
leaf_value=-0.13403642043919012 -0.21074468667856983 -0.4777957533978458 -0.14469123453605162 0.14899484346375655 0.44412173616321593 1.3817171218762032 -0.018195048700501631 0.27630284621851259 -0.70125376715198229 -2.2076713879903158 -0.28392163930644448 0.61872458430131283 1.1490635419214095 0.62564746974588659 -0.23506209331587963 0.051604764785571904 -0.48136244296867359 -2.5835064707131221 0.37780320120680416 -0.47330339498451501 0.011419441597859382 -0.11721750204507307 -0.42599998400254729 -0.064305600853487507 -1.7166554966280536 -0.24706768471183202 -2.6383861138270452 0.61577609127542388 0.75815963353151861 -0.55563409526760765
leaf_weight=1631 2496 35 723 760 938 65 1649 1884 309 30 71 75 74 209 638 8596 651 29 1364 183 34005 3185 1037 4128 31 165 26 637 92 260
leaf_count=1631 2496 35 723 760 938 65 1649 1884 309 30 71 75 74 209 638 8596 651 29 1364 183 34005 3185 1037 4128 31 165 26 637 92 260
internal_value=-1.20713e-06 -0.00835316 0.0600126 -0.116107 0.110365 -0.0759445 0.179477 0.111167 -0.311336 -0.0666138 -0.778275 0.000762133 0.0655481 -0.0151341 -0.34418 0.0937001 -0.367717 -1.43195 0.0860006 0.277123 -0.00928658 -0.081355 -0.19306 0.00365203 0.201208 0.244011 -0.0213831 0.438258 0.099904 -0.212256
internal_weight=65976 57916 8060 1792 6268 1696 4572 3634 1032 1750 101 55420 10919 44501 702 10217 726 64 10143 1547 43775 9770 4222 5548 1420 1389 587 802 561 352
internal_count=65976 57916 8060 1792 6268 1696 4572 3634 1032 1750 101 55420 10919 44501 702 10217 726 64 10143 1547 43775 9770 4222 5548 1420 1389 587 802 561 352
cat_boundaries=0 1
cat_threshold=1
is_linear=0
shrinkage=0.05


Tree=300
num_leaves=31
num_cat=0
split_feature=3 25 8 68 3 61 29 57 4 59 0 4 59 56 61 27 63 68 69 57 74 4 74 0 1 2 4 14 61 70
split_gain=13418.4 16156.6 15380.5 15214.1 35475.6 41546.1 39981.8 34312.5 38582.4 36517.1 32982.7 38312.4 44223.3 34752.6 33798.2 30381.5 27904.6 26519.5 26263.5 25615.8 24643.6 24523.4 23940.4 23606.2 22964.9 51876.8 35820.2 35160 34517 34111.4
threshold=22.500000000000004 0.25000000000000006 1.0000000180025095e-35 8.3375000000000039 10.500000000000002 1131.6137817799302 92.500000000000014 1226.7380000000001 5.5000000000000009 1379.0815000000002 2022.5000000000002 1.5000000000000002 1256.7745000000002 1287.8519987414254 1243.2009387755604 3.8500000000000001 1324.0610000000004 2.912500000000001 115.56250000000004 1052.8517576667302 1.4833333333333341 4.5000000000000009 1.7833333333333337 2019.5000000000002 4.5000000000000009 23.500000000000004 4.5000000000000009 1.0000000180025095e-35 1211.9602525000003 11.41666666666667
decision_type=2 2 2 2 2 2 2 2 2 2 2 2 2 2 2 2 2 2 2 2 2 2 2 2 2 2 2 2 2 2
left_child=3 2 -2 4 7 6 20 15 21 22 11 14 -13 17 -7 -1 -16 -12 -18 -8 -6 -9 -10 -14 25 29 28 -28 -27 -5
right_child=1 -3 -4 24 5 10 19 8 9 -11 13 12 23 -15 16 -17 18 -19 -20 -21 -22 -23 -24 -25 -26 26 27 -29 -30 -31
leaf_value=0.025593916253467814 -0.092491825275818285 -0.64574821050229836 1.1791097873821854 -0.069023555119823929 0.42772982056739811 0.0779565512140592 2.1837612022956212 -0.23154311460953983 -1.2326185110173165 0.45782484910140431 1.4363844915665687 0.30725961950115949 -0.43462722500535983 0.11326656732900782 -1.1896265956395795 -1.8781300896690007 1.4648058027075603 0.44330117686910475 -0.52339158816149045 0.74814619963849172 -0.10551450640765521 0.34606222026235617 -0.3462001042366028 -0.0022797515609489665 0.0064154774701214905 0.42115311427568713 0.038288967199647438 -0.69746164851072356 -0.16691287668711485 -0.31069488061717376
leaf_weight=10369 2591 133 24 3864 650 195 36 686 195 60 80 1075 402 1330 168 21 20 421 98 227 325 251 125 1471 36455 1043 781 205 328 2347
leaf_count=10369 2591 133 24 3864 650 195 36 686 195 60 80 1075 402 1330 168 21 20 421 98 227 325 251 125 1471 36455 1043 781 205 328 2347
internal_value=-1.28489e-06 -0.108163 -0.0808213 0.00469962 0.0432705 0.136956 0.397558 -0.00872986 -0.24916 -0.674121 0.0756204 -0.015871 0.0516385 0.246961 -0.42963 0.0217462 -0.775712 0.601877 -0.186409 0.944656 0.249982 -0.0768164 -0.886361 -0.095074 -0.0108965 -0.0845552 0.115163 -0.114681 0.280463 -0.160346
internal_weight=65976 2748 2615 63228 18205 6498 1238 11707 1317 380 5260 3429 2948 1831 481 10390 286 501 118 263 975 937 320 1873 45023 8568 2357 986 1371 6211
internal_count=65976 2748 2615 63228 18205 6498 1238 11707 1317 380 5260 3429 2948 1831 481 10390 286 501 118 263 975 937 320 1873 45023 8568 2357 986 1371 6211
is_linear=0
shrinkage=0.05


Tree=301
num_leaves=31
num_cat=0
split_feature=0 72 34 73 75 6 1 73 1 74 5 73 72 32 0 2 64 69 37 67 0 30 59 2 1 4 1 0 56 35
split_gain=13360.9 17148.4 18285.5 19568.6 17108.8 16525.5 18315.8 23759.2 35964.1 22544.5 24736.6 29466 24463.7 31810.7 30316.7 43658.8 44154 35575.7 30107.1 37461.7 44070.8 31165.3 53196.6 29214.5 29272.4 33958.1 28366 26472.6 28327.8 26169.6
threshold=2023.5000000000002 -3.4499999999999997 65.500000000000014 1.7000000000000002 2055.8465000000006 1.0000000180025095e-35 4.5000000000000009 -6.2416666666666654 10.500000000000002 5.0166666666666693 1.0000000180025095e-35 1.2833333333333341 10.408333333333337 92.500000000000014 2021.5000000000002 13.500000000000002 1.0000000180025095e-35 231.04000000000008 91.500000000000014 2.2375000000000012 2020.5000000000002 70.500000000000014 1244.1988286050353 11.500000000000002 3.5000000000000004 6.5000000000000009 1.5000000000000002 2022.5000000000002 1451.6110000000001 99.500000000000014
decision_type=2 2 2 2 2 2 2 2 2 2 2 2 2 2 2 2 2 2 2 2 2 2 2 2 2 2 2 2 2 2
left_child=4 2 3 -2 5 6 9 8 -8 12 -11 -12 14 -14 15 18 29 -18 19 -1 21 22 -21 26 -25 -26 -16 28 -28 -17
right_child=1 -3 -4 -5 -6 -7 7 -9 -10 10 11 -13 13 -15 23 16 17 -19 -20 20 -22 -23 -24 24 25 -27 27 -29 -30 -31
leaf_value=0.0070328003071255009 0.51682602983532533 0.035492465813092205 1.2277334609314017 -0.50744681244859335 -1.1328628077226526 0.270660764143203 -1.0677760783582926 0.010411490648000579 0.093800217489604751 0.21954619058652902 -2.2344620045112529 0.22238652975513387 -0.1095020629671716 -0.49298141439495746 0.35475891952107597 0.1525280979346634 -0.47301271851146764 0.15447645777768299 0.11702844281966734 -0.67170749254915729 0.032357401052229687 -0.13930708824738161 -3.1713286887515677 -0.3159882848186093 -0.026624808749155876 1.371368996500969 -0.24947589950664209 0.12179446096678209 -1.6403429444019613 0.59700086416176912
leaf_weight=1152 165 13609 57 65 34 516 128 34709 139 1009 23 26 2259 711 451 3230 503 410 1010 655 451 298 22 2324 331 50 597 634 39 369
leaf_count=1152 165 13609 57 65 34 516 128 34709 139 1009 23 26 2259 711 451 3230 503 410 1010 655 451 298 22 2324 331 50 597 634 39 369
internal_value=-1.22068e-06 0.0435586 0.426039 0.227358 -0.0116239 -0.0108914 -0.0137107 0.0067971 -0.46306 -0.0570406 0.166268 -0.930828 -0.0722871 -0.201305 -0.0416962 0.0158039 0.119319 -0.191227 -0.114369 -0.205026 -0.376338 -0.565386 -0.752936 -0.146927 -0.24939 0.156839 0.0141217 -0.106845 -0.334765 0.198099
internal_weight=65976 13896 287 230 52080 52046 51530 34976 267 16554 1058 49 15496 2970 12526 8100 4512 913 3588 2578 1426 975 677 4426 2705 381 1721 1270 636 3599
internal_count=65976 13896 287 230 52080 52046 51530 34976 267 16554 1058 49 15496 2970 12526 8100 4512 913 3588 2578 1426 975 677 4426 2705 381 1721 1270 636 3599
is_linear=0
shrinkage=0.05


Tree=302
num_leaves=31
num_cat=1
split_feature=68 63 1 65 61 63 7 61 0 2 30 61 4 4 1 57 9 73 74 57 4 40 51 13 57 75 68 35 60 57
split_gain=13389.3 18819.8 15186.1 32038 33007.4 30572.5 36207.2 34531.5 27092.7 28134.1 33072.4 34541.5 30871.1 43283.5 49457.8 44371.1 30485.1 31499.3 26168.7 46008.3 42427.9 33529.8 30453.9 53612 35699.6 32905.6 53360.2 29883.6 27986.3 27604.5
threshold=-2.1624999999999992 1292.0245000000002 5.5000000000000009 1.0000000180025095e-35 1002.8899887414251 879.94600000000014 1.0000000180025095e-35 851.36976289732263 2024.5000000000002 19.500000000000004 39.500000000000007 1165.3556614972752 4.5000000000000009 6.5000000000000009 6.5000000000000009 1573.9589587317803 1.0000000180025095e-35 -0.61666666666666836 0.43333333333333229 1481.5155988893302 6.5000000000000009 99.500000000000014 0.79166666650000017 0 970.25650000000007 965.99150000000009 8.8375000000000039 1.0000000180025095e-35 1290.3870000000002 929.12634235738153
decision_type=2 2 2 2 2 2 2 2 2 2 2 2 2 2 2 2 2 2 2 2 2 2 2 9 2 2 2 2 2 2
left_child=1 -1 3 4 5 6 7 -2 -4 10 11 -10 -11 14 -14 -15 17 -13 22 20 21 -20 -6 25 -25 -24 -27 -22 -26 -23
right_child=2 -3 8 -5 18 -7 -8 -9 9 12 -12 16 13 15 -16 -17 -18 -19 19 -21 27 29 23 24 28 26 -28 -29 -30 -31
leaf_value=0.059420201806772294 -0.012503607073098097 0.47487878763552649 0.0080070273189073518 -0.23512682212363045 -0.22160190824706805 0.14653770313864931 0.25651979874853376 -0.35196788651106886 0.56880370939048519 0.18091526123029419 1.3812973680761127 -0.75693511393532831 0.82822100592311476 1.8766089492119276 2.7938989332566662 -0.54230373512421337 -1.2835523822067076 0.10648041689294374 0.019662831375814777 -0.71157873754932499 -1.5645754528897149 -0.62191367780984341 2.5771102128205481 -0.59060723086775735 0.051459980049313729 1.4837327902678583 -0.98819739748449897 -0.29699967470713451 -0.21916551158130224 0.43368167672192587
leaf_weight=1638 3089 327 35737 1821 3979 4666 894 989 201 312 45 134 96 26 48 70 57 499 4909 211 56 67 27 301 3233 61 34 274 1356 819
leaf_count=1638 3089 327 35737 1821 3979 4666 894 989 201 312 45 134 96 26 48 70 57 499 4909 211 56 67 27 301 3233 61 34 274 1356 819
internal_value=-1.15963e-06 0.128558 -0.00394764 -0.0326574 -0.0178889 0.0546123 -0.0316555 -0.0948308 0.0167111 0.225754 0.0587926 -0.00800058 0.508863 0.935196 1.48345 0.112818 -0.176026 -0.0762963 -0.0634794 0.0143473 0.0393547 0.0707579 -0.118324 -0.0363328 -0.0629778 0.958265 0.599042 -0.512103 -0.0285069 0.353857
internal_weight=65976 1965 64011 26786 24965 9638 4972 4078 37225 1488 936 891 552 240 144 96 690 633 15327 6336 6125 5795 8991 5012 4890 122 95 330 4589 886
internal_count=65976 1965 64011 26786 24965 9638 4972 4078 37225 1488 936 891 552 240 144 96 690 633 15327 6336 6125 5795 8991 5012 4890 122 95 330 4589 886
cat_boundaries=0 1
cat_threshold=144
is_linear=0
shrinkage=0.05


Tree=303
num_leaves=31
num_cat=0
split_feature=72 27 73 63 4 56 1 68 24 0 64 72 4 1 60 40 2 2 74 1 1 2 32 61 4 71 75 62 66 0
split_gain=13018.8 40900.6 44780.1 23854.2 25513.2 32033 27602.5 32101.7 23534.7 23680.3 25328.2 35819.4 25034.7 23630.8 28315.5 24208.7 23205.3 32377.8 21507.8 24376 21389.9 21111.3 20359 20341.3 20228.2 19274.1 19612.1 32402.8 23882.7 21372.7
threshold=3.1416666666666671 1.0000000180025095e-35 3.7666666666666688 927.47150000000011 4.5000000000000009 1287.8519987414254 1.5000000000000002 9.5125000000000046 0.25000000000000006 2018.5000000000002 1.0000000180025095e-35 2.1583333333333341 5.5000000000000009 10.500000000000002 1474.1026173927103 22.500000000000004 9.5000000000000018 7.5000000000000009 1.0000000180025095e-35 10.500000000000002 11.500000000000002 4.5000000000000009 99.500000000000014 1234.1322393893304 2.5000000000000004 3.1416666666666671 1514.6803333333337 1459.9683934689053 3.291666666666667 2024.5000000000002
decision_type=2 2 2 2 2 2 2 2 2 2 2 2 2 2 2 2 2 2 2 2 2 2 2 2 2 2 2 2 2 2
left_child=1 8 3 -3 5 21 -6 -8 9 10 11 12 18 15 20 -11 17 -7 -1 -20 -15 22 -5 -21 -12 26 27 29 -29 -17
right_child=-2 2 -4 4 6 16 7 -9 -10 13 24 -13 -14 14 -16 25 -18 -19 19 23 -22 -23 -24 -25 -26 -27 -28 28 -30 -31
leaf_value=-0.55857358662855061 -0.0079835337590420524 -0.61315003990506134 -0.73083779689143691 2.2393227713073003 0.2335378070353743 -0.029746801730913992 1.457754268620741 -0.13633440576101605 -1.0322214627041006 -0.06722735741880731 -0.70501718670129776 0.40943036590829307 -0.031713205208013087 0.87322400158028257 -0.40042272360005882 0.20077345471968583 0.22907161771348031 -2.2358041627653713 -2.8982192057829637 -0.53473442699394969 0.25674508583479261 0.41337534452026542 0.228884364515543 -2.1932534095542184 0.54153677673339851 -0.063628791736026299 -0.68465899509191519 0.51162213380298305 2.5261715827243671 1.0938867196440698
leaf_weight=105 58429 48 85 34 114 39 187 38 53 3317 44 81 81 184 128 962 99 29 26 51 598 275 20 29 125 614 50 31 28 72
leaf_count=105 58429 48 85 34 114 39 187 38 53 3317 44 81 81 184 128 962 99 29 26 51 598 275 20 29 125 614 50 31 28 72
internal_value=-1.10154e-06 0.061799 0.365251 0.470763 0.533072 0.304582 0.867382 1.18853 0.0171507 0.025673 -0.290799 -0.52087 -0.778933 0.0543375 0.288959 0.0122591 -0.259403 -0.970565 -1.06578 -1.5682 0.401799 0.59086 1.49472 -1.13595 0.21699 0.16232 0.283696 0.327994 1.46768 0.262963
internal_weight=65976 7547 968 883 835 496 339 225 6579 6526 542 373 292 5984 910 5074 167 68 211 106 782 329 54 80 169 1757 1143 1093 59 1034
internal_count=65976 7547 968 883 835 496 339 225 6579 6526 542 373 292 5984 910 5074 167 68 211 106 782 329 54 80 169 1757 1143 1093 59 1034
is_linear=0
shrinkage=0.05


Tree=304
num_leaves=31
num_cat=1
split_feature=3 13 3 61 4 0 57 4 4 61 3 70 59 4 75 75 14 59 7 70 57 2 72 2 9 0 4 58 37 56
split_gain=13003 23171.7 21429.3 44728 48278.8 142661 50102 67504.4 60387.8 48495 39432 36626.3 35440.9 40898.9 32876 32494.3 31913.4 29523.4 28413.7 34482.8 29598.7 28564.9 42793.2 42262.6 28309.3 28286.3 28267.8 30466.9 25672.9 25503.9
threshold=1.5000000000000002 0 8.5000000000000018 874.3641710848932 1.5000000000000002 2022.5000000000002 884.37650000000019 2.5000000000000004 6.5000000000000009 1324.5350000000001 6.5000000000000009 25.275000000000006 845.38147383238311 6.5000000000000009 886.03300000000002 819.77078577555869 0.65000000000000002 1052.8517576667302 1.0000000180025095e-35 22.325000000000003 769.46180900800221 29.500000000000004 7.2833333333333341 30.500000000000004 1.0000000180025095e-35 2024.5000000000002 1.5000000000000002 980.62958958715956 36.500000000000007 1016.9455604383693
decision_type=2 9 2 2 2 2 2 2 2 2 2 2 2 2 2 2 2 2 2 2 2 2 2 2 2 2 2 2 2 2
left_child=1 -1 3 12 5 10 -6 24 16 -7 -5 25 13 15 -15 -2 -9 18 19 21 -20 -4 -23 29 -8 -10 -14 -28 -21 -24
right_child=2 -3 17 4 6 9 7 8 11 -11 -12 -13 26 14 -16 -17 -18 -19 20 28 -22 22 23 -25 -26 -27 27 -29 -30 -31
leaf_value=0.054034379475101771 -0.053707028766298383 0.61791682852008356 0.082957129537311075 -0.44008658107001858 -0.35914967735894815 -1.0340384585748483 0.4100525402488428 -0.13857760866089855 0.090657502601328988 -3.2272468019414831 0.36578215603330139 1.6721733769443301 -0.13455116029760791 -0.20086560592185423 -0.91959417929836362 0.30021690617465691 -0.88098026910084204 -0.0094679087623833515 0.83761513496374163 0.24193760040346707 -0.17052258069814366 -0.23920193208951104 1.8858609594479956 0.024210756847804243 -1.1263200998306275 0.89843781820432411 0.16091942943389195 0.7602007083055613 1.0837931127376428 0.59896606963778298
leaf_weight=5320 3974 179 7317 263 1420 379 914 5081 739 27 359 45 767 723 204 775 149 31761 77 214 1337 121 99 88 31 127 3038 228 157 63
leaf_count=5320 3974 179 7317 263 1420 379 914 5081 739 27 359 45 767 723 204 775 149 31761 77 214 1337 121 99 88 31 127 3038 228 157 63
internal_value=-1.0464e-06 0.0736115 -0.00669442 -0.0502627 -0.127189 -0.45084 -0.0880736 -0.0337513 -0.0942898 -1.17989 0.025037 0.281389 0.0252767 -0.0552478 -0.359032 0.00405061 -0.159728 0.0136379 0.0911071 0.127379 -0.115624 0.104659 0.532674 0.906263 0.359653 0.20912 0.138606 0.202755 0.598195 1.3854
internal_weight=65976 5499 60477 19243 9534 1028 8506 7086 6141 406 622 911 9709 5676 927 4749 5230 41234 9473 8059 1414 7688 371 250 945 866 4033 3266 371 162
internal_count=65976 5499 60477 19243 9534 1028 8506 7086 6141 406 622 911 9709 5676 927 4749 5230 41234 9473 8059 1414 7688 371 250 945 866 4033 3266 371 162
cat_boundaries=0 1
cat_threshold=131
is_linear=0
shrinkage=0.05


Tree=305
num_leaves=31
num_cat=0
split_feature=61 63 56 75 72 60 15 57 4 57 0 75 2 2 1 67 38 41 61 0 61 7 63 57 75 69 1 20 62 59
split_gain=13261.3 28332.9 21893.2 20389.9 17247.2 16516.7 17032.3 16392.2 21967.2 17247 15548.7 20715.9 20596.3 29398.5 70049.9 79094 33837.7 26222.9 25110.2 24357.3 22134.9 32005.8 35149.6 32536.2 28233 24762.1 33778.8 34393.9 29698.6 34441.6
threshold=755.62100324551409 724.97227875857709 633.4910638000373 779.23078928007715 11.908333333333335 738.99900000000014 0.25000000000000006 861.47870555939869 1.5000000000000002 760.83974983238306 2020.5000000000002 1711.0388333333337 1.5000000000000002 2.5000000000000004 8.5000000000000018 10.762500000000005 98.500000000000014 1.0000000180025095e-35 1206.4541036079452 2018.5000000000002 1170.7700000000002 1.0000000180025095e-35 1138.0374622414251 1106.8703339874303 933.63666666666677 57.50694444444445 2.5000000000000004 0.65000000000000002 1287.3846498094701 932.80045380477657
decision_type=2 2 2 2 2 2 2 2 2 2 2 2 2 2 2 2 2 2 2 2 2 2 2 2 2 2 2 2 2 2
left_child=1 2 -1 4 -2 6 -5 8 9 -4 11 12 -7 14 15 16 18 -17 -14 -19 25 23 -23 24 -22 28 -27 -28 -15 -30
right_child=3 -3 7 5 -6 10 -8 -9 -10 -11 -12 -13 13 20 -16 17 -18 19 -20 -21 21 22 -24 -25 -26 26 27 -29 29 -31
leaf_value=-0.66661303914348846 0.03884891081684741 0.225211415475152 -0.45334375686443495 0.2338311114249958 -0.24522086144232189 -0.29682634506703909 -0.52567228680665179 -0.94276760816574101 0.24096541537168165 0.14422660053345224 0.016259440809003958 -1.0745698379352688 -0.58417659970000391 -0.067094096824451541 -0.38117038519524132 0.767831372462765 1.3070380562391037 2.6833725075721744 1.1041322348209528 1.2250450539055155 1.3802594414150173 -0.19087256665031116 -2.2576699014546144 -0.056081207415711543 -0.43483870886903814 -0.089963508239616796 0.1465791818681739 0.99125860991477976 2.6428469467163089 0.34178337401371911
leaf_weight=142 810 1853 298 1125 1570 724 79 45 579 203 37767 48 144 7425 243 108 39 50 26 67 22 48 36 6319 818 1798 3358 125 20 87
leaf_count=142 810 1853 298 1125 1570 724 79 45 579 203 37767 48 144 7425 243 108 39 50 26 67 22 48 36 6319 818 1798 3358 125 20 87
internal_value=4.09838e-06 0.10062 -0.0815967 -0.00499019 -0.148542 0.000659201 0.183997 -0.00775467 0.0312042 -0.211214 -0.00306496 -0.0370024 -0.0346813 -0.0255272 0.298535 0.679108 -0.0212417 1.32966 -0.325965 1.84826 -0.0364661 -0.10633 -1.07664 -0.0949448 -0.3873 0.00302695 0.0860378 0.176894 -0.0551755 0.771889
internal_weight=65976 3120 1267 62856 2380 60476 1204 1125 1080 501 59272 21505 21457 20733 677 434 209 225 170 117 20056 7243 84 7159 840 12813 5281 3483 7532 107
internal_count=65976 3120 1267 62856 2380 60476 1204 1125 1080 501 59272 21505 21457 20733 677 434 209 225 170 117 20056 7243 84 7159 840 12813 5281 3483 7532 107
is_linear=0
shrinkage=0.05


Tree=306
num_leaves=31
num_cat=0
split_feature=72 4 56 57 72 3 73 61 62 63 37 32 62 61 57 62 75 57 58 75 61 59 67 63 1 66 4 62 62 2
split_gain=12641.5 18432 24765.9 14062.9 35164.1 50494.2 32795.2 32038.6 43723 33211.1 31973.1 32324.2 29625.9 27416.3 36438.8 38436 36307.8 31645.5 40181.1 39720.9 38534.7 29393.8 28417.4 30143.7 29281.3 28230.4 26379.7 30834.4 25261.8 24949.9
threshold=-5.8416666666666641 2.5000000000000004 1526.4858333333339 1395.8570000000002 20.075000000000006 17.500000000000004 1.3999999999999997 1288.9932212147103 1402.6590000000003 1303.6415000000004 89.500000000000014 42.500000000000007 1331.0970000000002 1165.3556614972752 1074.3153061897654 1068.3101876135802 940.72732860503686 1256.7745000000002 1266.6171843082052 1119.6673486881753 1071.2720662040701 1250.5615 1.4625000000000006 899.92591946890707 10.500000000000002 29.866666666666671 6.5000000000000009 918.1569784286927 1260.6324579930304 30.500000000000004
decision_type=2 2 2 2 2 2 2 2 2 2 2 2 2 2 2 2 2 2 2 2 2 2 2 2 2 2 2 2 2 2
left_child=1 2 -1 12 5 -5 7 8 -6 -10 -9 -12 13 17 15 -15 -17 18 -2 -19 -20 -16 -18 -24 -25 -23 -21 -28 -27 -7
right_child=3 -3 -4 4 6 29 -8 10 9 -11 11 -13 -14 14 21 16 22 19 20 26 -22 25 23 24 -26 28 27 -29 -30 -31
leaf_value=0.06557900874779142 0.018486925287389471 0.38612393045780857 -1.7199888229370117 -0.37772142978681988 0.079234516199109664 0.038290245434796671 0.28836394415514449 -0.047439001738875428 2.720811942100525 0.72039428691944629 -0.35117768280103179 -1.9159147283365561 0.11598709888997803 -1.0326394939030974 0.036585690101639416 0.98641962145195627 0.34193240674105529 -2.3906833750861032 0.92471672620325662 -0.41451791744848282 0.11864103910353299 -0.15017553235168754 1.5407693851561775 -0.47776902209892103 0.15471570690550182 2.1248164516228898 -1.2250048329663832 0.17040774523763955 -0.12472823063532512 -1.4416444392296777
leaf_weight=87 34946 436 25 1719 498 1585 903 5965 25 122 142 43 5729 156 5991 61 174 21 237 639 396 4149 21 1064 221 26 43 499 24 29
leaf_count=87 34946 436 25 1719 498 1585 903 5965 25 122 142 43 5729 156 5991 61 174 21 237 639 396 4149 21 1064 221 26 43 499 24 29
internal_value=3.89345e-06 0.239153 -0.332985 -0.00199913 -0.0534753 -0.189145 0.0052656 -0.0323559 0.302895 1.0606 -0.0675163 -0.714873 0.00843957 -0.00422049 -0.0702333 -0.284751 -0.20904 0.0171137 0.0256383 -0.235211 0.420442 -0.0345085 -0.258312 -0.338283 -0.368991 -0.135943 -0.196883 0.0597016 1.04504 0.0116991
internal_weight=65976 548 112 65428 11031 3333 7698 6795 645 147 6150 185 54397 48668 11887 1697 1541 36781 35579 1202 633 10190 1480 1306 1285 4199 1181 542 50 1614
internal_count=65976 548 112 65428 11031 3333 7698 6795 645 147 6150 185 54397 48668 11887 1697 1541 36781 35579 1202 633 10190 1480 1306 1285 4199 1181 542 50 1614
is_linear=0
shrinkage=0.05


Tree=307
num_leaves=31
num_cat=0
split_feature=57 4 75 72 70 34 62 56 72 4 67 72 1 73 69 61 70 29 74 69 71 2 57 74 4 67 62 75 65 72
split_gain=12372.2 26842.8 25096 29676.8 22467.8 24727.7 21894.8 27722.3 20773.9 21542.4 19604.1 17382.4 17965.3 16856.7 17617.6 16564.3 16504.7 18214.9 15784.6 15609.1 17850.8 14940.1 14874.7 33432.2 47803.1 28335.3 26977.2 32782.6 40553.7 34153.6
threshold=1857.1380000000001 6.5000000000000009 2055.8465000000006 25.408333333333335 35.008333333333333 5.5000000000000009 1942.0390000000002 1526.4858333333339 25.866666666666671 1.5000000000000002 27.587500000000006 23.658333333333335 7.5000000000000009 -1.333333333333331 238.18777777777788 1614.8391708709903 32.808333333333344 31.500000000000004 7.0500000000000034 327.91180555555565 30.100000000000005 26.500000000000004 1402.1595000000002 -2.4833333333333312 6.5000000000000009 25.787500000000005 1452.0795000000003 1415.9757679422271 1.0000000180025095e-35 27.208333333333339
decision_type=2 2 2 2 2 2 2 2 2 2 2 2 2 2 2 2 2 2 2 2 2 2 2 2 2 2 2 2 2 2
left_child=6 4 21 -4 5 8 16 -8 9 -2 -10 -6 -13 -9 -15 -11 18 -18 22 20 -17 -3 26 24 -24 -25 -1 28 -28 -30
right_child=1 2 3 -5 11 -7 7 13 10 15 -12 12 -14 14 -16 19 17 -19 -20 -21 -22 -23 23 25 -26 -27 27 -29 29 -31
leaf_value=-0.0015385202918942239 1.0897260928855224 -0.07564608015269042 -0.71907762357192795 -3.030463897898084 0.092818487013807932 -0.38582986421737964 1.6223623723518559 1.5689828103238888 0.073215812293462232 0.76128857775432313 0.8933011509870229 1.8687783341150028 0.0087963926792144782 0.021012594323590917 1.5612240958213808 -0.53881310827943485 0.20590808607223965 1.3373048247435155 0.19322540662156751 1.0872529759258034 0.10459866021658965 -1.3534337143812862 -0.0054429164948605951 -0.2238944130263254 0.60373382430939759 0.003438253409950963 0.11281890724103578 -0.27641621582022696 0.87147779750983367 -0.039537305740107387
leaf_weight=51790 34 125 41 21 87 539 41 22 202 41 114 37 20 259 20 344 405 39 1033 20 157 28 2244 3453 376 2273 1345 338 388 140
leaf_count=51790 34 125 41 21 87 539 41 22 202 41 114 37 20 259 20 344 405 39 1033 20 157 28 2244 3453 376 2273 1345 338 388 140
internal_value=3.6987e-06 -0.128915 -0.653367 -1.50197 -0.0582204 -0.117338 0.00364024 0.402635 0.041343 -0.132418 0.369069 0.537472 1.21615 0.236493 0.131422 -0.206356 0.00150223 0.305288 -0.000625899 -0.282504 -0.337185 -0.30949 -0.00383774 -0.06596 0.0819809 -0.133652 0.00576343 0.176803 0.25859 0.629921
internal_weight=65976 1810 215 62 1595 1451 64166 342 912 596 316 144 57 301 279 562 63824 444 63380 521 501 153 62347 8346 2620 5726 54001 2211 1873 528
internal_count=65976 1810 215 62 1595 1451 64166 342 912 596 316 144 57 301 279 562 63824 444 63380 521 501 153 62347 8346 2620 5726 54001 2211 1873 528
is_linear=0
shrinkage=0.05


Tree=308
num_leaves=31
num_cat=0
split_feature=0 57 61 43 72 0 63 2 57 75 2 2 1 26 2 72 2 3 1 61 18 14 73 70 74 61 71 23 73 72
split_gain=12707.9 22943.5 32504.1 24979.8 32603.1 35936.4 27882.2 24669 23645.1 23547.9 22705 21574.4 19826.2 24711.6 24210.5 22432.6 40545.6 33393.5 21555.3 42251 26904.4 28862.4 25873 23734.8 23186 24167.4 23256.7 22963.1 28501.2 22772.1
threshold=2020.5000000000002 1260.0750119663151 908.3900000000001 0.45833333350000005 19.958333333333339 2019.5000000000002 1616.1680000000003 4.5000000000000009 1379.1319211958903 1389.7760000000001 29.500000000000004 30.500000000000004 1.5000000000000002 1.9500000000000002 10.500000000000002 6.991666666666668 2.5000000000000004 11.500000000000002 4.5000000000000009 1268.6025000000002 1.0000000180025095e-35 1.8500000000000003 -6.9916666666666654 -7.1416666666666648 4.1666666666666696 696.38085754902011 20.675000000000008 0.15000000000000005 -0.68333333333333213 1.7416666666666671
decision_type=2 2 2 2 2 2 2 2 2 2 2 2 2 2 2 2 2 2 2 2 2 2 2 2 2 2 2 2 2 2
left_child=1 -1 -3 4 -4 6 10 8 -7 -8 -6 -11 13 14 15 -2 17 -17 19 20 24 -22 -21 -24 25 -14 27 -27 -29 -20
right_child=12 2 3 -5 5 7 9 -9 -10 11 -12 -13 18 -15 -16 16 -18 -19 29 22 21 -23 23 -25 -26 26 -28 28 -30 -31
leaf_value=-0.004288080055516552 0.55996969390795925 -2.0866271075748264 -0.40325823662800975 0.06222534277765765 0.0063967529864829191 1.3016619808063277 1.9322308664520582 -0.4476203880543369 -0.18816027125637783 0.22698815782749376 -1.1757720146150816 1.9438648304343227 0.86276299233947484 -0.77702361417783283 0.056721321365590119 -1.2361737368516177 0.30935749629512432 0.88144596194227542 0.35997067528240773 1.0327374117076398 0.36205837288301984 -0.50142227942293338 0.86437572037920052 -0.26972688585847093 0.22526359168134669 -0.10573255791288277 0.59839858010880587 0.7578335619569696 -0.29821687236282174 0.024432532344039994
leaf_weight=20809 564 21 1163 1416 1233 41 27 737 76 215 42 20 70 74 2465 83 510 24 516 40 805 110 47 2504 794 5934 127 171 102 25236
leaf_count=20809 564 21 1163 1416 1233 41 27 737 76 215 42 20 70 74 2465 83 510 24 516 40 805 110 47 2504 794 5934 127 171 102 25236
internal_value=3.51355e-06 -0.0273799 -0.123657 -0.115363 -0.186118 -0.0804992 0.0639914 -0.340548 0.333914 0.533779 -0.0325453 0.373105 0.0175884 0.127545 0.145904 0.332047 0.123703 -0.761194 0.00636843 -0.0532658 0.00287246 0.258252 -0.229047 -0.248832 -0.029591 -0.0611892 -0.0714002 -0.0851048 0.363265 0.0311558
internal_weight=65976 25800 4991 4970 3554 2391 1537 854 117 262 1275 235 40176 3720 3646 1181 617 107 36456 10704 8113 915 2591 2551 7198 6404 6334 6207 273 25752
internal_count=65976 25800 4991 4970 3554 2391 1537 854 117 262 1275 235 40176 3720 3646 1181 617 107 36456 10704 8113 915 2591 2551 7198 6404 6334 6207 273 25752
is_linear=0
shrinkage=0.05


Tree=309
num_leaves=31
num_cat=0
split_feature=72 2 29 67 0 37 1 56 73 71 33 62 63 66 1 65 61 63 61 57 44 2 34 0 66 0 2 2 57 28
split_gain=12982.8 29692.1 31990 42743.7 27810.4 23514.8 21059.4 20359.1 20309.4 19985.7 18481.7 18403 15152.1 16305.6 14855.1 31877.7 32621.5 33497.6 30810.2 25253.6 31364.3 28593.2 36882.1 30354.2 27549.9 25015.8 26294 51600.5 37114.4 48289.5
threshold=-0.97499999999999998 30.500000000000004 96.500000000000014 3.0625000000000004 2021.5000000000002 99.500000000000014 11.500000000000002 1382.9756666666669 -0.13333333333333239 3.1416666666666671 15.500000000000002 1068.3101876135802 1160.8474676985152 4.7750000000000012 5.5000000000000009 1.0000000180025095e-35 884.00055538932804 769.15900000000011 738.99900000000014 1238.2425000000001 0.54166666650000017 3.5000000000000004 56.500000000000007 2020.5000000000002 8.1750000000000025 2024.5000000000002 6.5000000000000009 5.5000000000000009 1620.4102215088403 13.500000000000002
decision_type=2 2 2 2 2 2 2 2 2 2 2 2 2 2 2 2 2 2 2 2 2 2 2 2 2 2 2 2 2 2
left_child=1 2 5 4 -4 9 -3 -7 -9 10 -1 -11 -12 -14 15 18 -17 -18 -2 -20 21 22 23 -21 -24 -16 27 -27 29 -28
right_child=14 6 3 -5 -6 7 -8 8 -10 11 12 -13 13 -15 25 16 17 -19 19 20 -22 -23 24 -25 -26 26 28 -29 -30 -31
leaf_value=0.10069719265417909 0.25886165233630992 -0.31551330311269299 1.3576259670474313 2.1897426644961042 0.052197221765601189 -0.035075990619635816 -2.2626091803823196 -1.9962700305666243 -0.2929361154351916 1.2842221769690516 0.12028626126547655 -0.27058899830369182 0.59368086033895362 1.9883397566235583 0.0073505914190108608 -0.052384260483991189 -2.1803716608456205 -0.41863410371051968 -0.0070619056935114048 -3.0787303864955904 0.014564187029630497 -0.21332013178459991 0.23930231965650087 -1.0357675724824271 -1.4573941765409528 0.082725020616922079 0.50428550950551443 -1.6994562547653915 0.055671854277686818 2.5042768333107235
leaf_weight=1396 962 41 55 39 158 101 21 35 35 20 180 393 236 23 35592 1029 28 742 19622 24 1660 1901 87 75 33 264 531 48 613 32
leaf_count=1396 962 41 55 39 158 101 21 35 35 20 180 393 236 23 35592 1029 28 742 19622 24 1660 1901 87 75 33 264 531 48 613 32
internal_value=3.33789e-06 0.106699 0.131808 0.667923 0.38928 0.0759584 -0.975014 -0.489268 -1.1446 0.118954 0.189681 -0.195295 0.472647 0.717531 -0.00460745 -0.0334563 -0.236565 -0.482697 -0.018459 -0.029859 -0.148199 -0.275645 -0.816652 -1.53103 -0.227289 0.0157478 0.216603 -0.191457 0.324863 0.617962
internal_weight=65976 2733 2671 252 213 2419 62 171 70 2248 1835 413 439 259 63243 26163 1799 770 24364 23402 3780 2120 219 99 120 37080 1488 312 1176 563
internal_count=65976 2733 2671 252 213 2419 62 171 70 2248 1835 413 439 259 63243 26163 1799 770 24364 23402 3780 2120 219 99 120 37080 1488 312 1176 563
is_linear=0
shrinkage=0.05


Tree=310
num_leaves=31
num_cat=0
split_feature=72 27 73 63 4 56 1 68 24 32 2 62 67 0 74 33 1 60 2 2 72 60 1 71 4 60 73 0 3 70
split_gain=12832.8 37153.2 39373.2 21967.9 22720.5 28074.2 23556.1 28499.5 20985.1 21937.8 35446.6 25244.5 28115.1 24956.5 23857.7 23399.6 21422.7 22329.9 20618.6 28826.9 20512.4 31516.7 19754.4 19491.6 22218.8 21855.4 21406.3 19661.2 18755.2 30606.5
threshold=3.1416666666666671 1.0000000180025095e-35 3.7666666666666688 937.64928249302864 4.5000000000000009 1287.8519987414254 1.5000000000000002 9.5125000000000046 0.25000000000000006 93.500000000000014 2.5000000000000004 1039.4788812770453 -1.4624999999999995 2018.5000000000002 -0.84999999999999687 1.0000000180025095e-35 10.500000000000002 1474.1026173927103 9.5000000000000018 7.5000000000000009 -1.7499999999999993 1244.1988286050353 11.500000000000002 0.31666666666666671 5.5000000000000009 1474.1026173927103 1.7833333333333348 2022.5000000000002 16.500000000000004 6.4750000000000023
decision_type=2 2 2 2 2 2 2 2 2 2 2 2 2 2 2 2 2 2 2 2 2 2 2 2 2 2 2 2 2 2
left_child=1 8 3 -3 5 -5 -6 -8 9 13 -11 12 -12 14 -1 -16 -15 22 19 -7 -17 -22 28 24 25 27 -25 -13 -18 -30
right_child=-2 2 -4 4 6 18 7 -9 -10 10 11 23 -14 16 15 20 17 -19 -20 -21 21 -23 -24 26 -26 -27 -28 -29 29 -31
leaf_value=0.093516607737462787 -0.0079220379207795965 -0.53741152635160483 -0.67721087689785398 0.56615467779224438 0.2416165648440344 -0.013280042318197398 1.3839291290626736 -0.11943127184518075 -0.97209574675784927 1.6419451246327825 0.10009409913649925 0.9347066377940243 1.5823328041841114 -0.017097549741361306 -0.12330221930392703 -0.10484936496485836 0.42005808595216498 -0.40258024241946161 0.2297896153829766 -2.094855179457829 -0.92305004078210617 -2.8523536463578543 0.21463513329767048 0.08337830624250242 -0.74275531378244208 1.8872414939105511 -0.74128703169456323 -0.36811798345297575 2.7480721948402271 0.5694703976868799
leaf_weight=190 58429 53 85 327 113 39 185 38 53 45 65 73 63 4477 133 46 106 109 99 29 98 27 525 283 31 32 109 48 28 38
leaf_count=190 58429 53 85 327 113 39 185 38 53 45 65 73 63 4477 133 46 106 109 99 29 98 27 525 283 31 32 109 48 28 38
internal_value=3.17115e-06 0.0613603 0.350577 0.449515 0.512535 0.296788 0.829736 1.12775 0.0188064 0.0268539 0.281451 0.194487 0.829633 -0.0061551 -0.346005 -0.620706 0.0256234 0.262921 -0.230656 -0.901011 -1.00758 -1.33978 0.366995 0.0533438 0.477882 0.7252 -0.145929 0.417884 0.832047 1.49373
internal_weight=65976 7547 968 883 830 494 336 223 6579 6526 749 704 128 5777 494 304 5283 806 167 68 171 125 697 576 184 153 392 121 172 66
internal_count=65976 7547 968 883 830 494 336 223 6579 6526 749 704 128 5777 494 304 5283 806 167 68 171 125 697 576 184 153 392 121 172 66
is_linear=0
shrinkage=0.05


Tree=311
num_leaves=31
num_cat=1
split_feature=57 62 39 71 68 72 35 4 62 31 71 71 13 61 3 3 4 29 57 2 72 2 65 61 57 4 72 3 63 60
split_gain=11949.3 24398.7 36996.3 30144.8 24024.9 30752.3 24343.5 22306.8 32863.1 31797.2 21558.8 19433.1 20113.3 44902.3 52329.7 50086.9 37467.2 36149.5 41258.4 34890.6 29497.9 27118.3 24995.8 24787.6 35353.6 28516.5 22376.9 21947.2 19137 35891.6
threshold=1684.5335746687654 1751.3170000000002 89.500000000000014 20.308333333333337 30.537500000000009 27.775000000000006 27.500000000000004 1.5000000000000002 2041.4450000000004 29.500000000000004 30.100000000000005 31.850000000000005 0 1147.1686683495252 8.5000000000000018 16.500000000000004 1.5000000000000002 1.0000000180025095e-35 1429.2002758893302 19.500000000000004 6.9000000000000012 21.500000000000004 1.0000000180025095e-35 1360.7755000000002 1186.2440000000004 1.5000000000000002 6.7916666666666687 2.5000000000000004 1350.6800000000001 1415.6740000000002
decision_type=2 2 2 2 2 2 2 2 2 2 2 2 9 2 2 2 2 2 2 2 2 2 2 2 2 2 2 2 2 2
left_child=1 11 3 -3 6 7 -2 8 9 -6 -5 12 13 14 16 17 -1 18 23 22 -17 -21 26 24 -15 -25 -19 -18 -14 -30
right_child=4 2 -4 10 5 -7 -8 -9 -10 -11 -12 -13 28 15 -16 20 27 19 -20 21 -22 -23 -24 25 -26 -27 -28 -29 29 -31
leaf_value=1.3676831762899053 -0.17088759506013179 -0.36355893034487963 -1.7058240015737036 0.70032293112375421 0.52636146649481763 1.0114154365014387 -0.7843551119552955 -0.064678025979327869 1.5686950325965883 -1.7619670724868777 -0.11404476492564278 0.26577983995977167 -0.009510646637381338 -0.33838985186892673 2.3278574355478798 1.5800895525563148 0.773402185525213 -0.70382331858078651 -2.4157278678417207 -3.9071432557972998 -0.11039105165483697 -1.3951741167477199 0.017471908542670705 -1.2878188839325539 -2.5362323125203452 0.56901326095408733 -2.968341919183731 -0.51168991935984154 0.13481806048157335 -0.082487594395386971
leaf_weight=44 1120 112 22 416 63 74 189 2104 53 20 101 690 51143 77 28 31 42 24 25 22 154 21 38 26 24 101 20 159 6315 2718
leaf_count=44 1120 112 22 416 63 74 189 2104 53 20 101 690 51143 77 28 31 42 24 25 22 154 21 38 26 24 101 20 159 6315 2718
internal_value=3.01277e-06 0.00513226 0.30963 0.380123 -0.0882729 0.00856718 -0.259463 -0.0245626 0.596046 -0.025043 0.54123 0.00191959 -0.00106447 -0.243165 0.280155 -0.501243 0.0461317 -0.83117 -0.487477 -1.5268 0.172879 -2.68037 -0.921886 -0.276046 -0.860649 0.188874 -1.73315 -0.243163 0.00233895 0.0694315
internal_weight=65976 62353 651 629 3623 2314 1309 2240 136 83 517 61702 61012 836 273 563 245 378 253 125 185 43 82 228 101 127 44 201 60176 9033
internal_count=65976 62353 651 629 3623 2314 1309 2240 136 83 517 61702 61012 836 273 563 245 378 253 125 185 43 82 228 101 127 44 201 60176 9033
cat_boundaries=0 1
cat_threshold=130
is_linear=0
shrinkage=0.05


Tree=312
num_leaves=31
num_cat=0
split_feature=3 4 56 0 4 4 61 68 61 66 3 14 33 3 66 54 72 1 68 57 20 0 57 4 7 57 71 2 0 61
split_gain=12207.9 83946.9 40049.8 32468.7 25781.3 33262.5 24628.2 20120.9 19281.7 15254.6 15192.5 36807.9 34052 46615.2 47536.9 45644.7 39476.9 34951.8 37249.1 36715.4 34265.8 35362.9 47332.2 33153.8 45865.1 44776.3 37588.2 36449.3 32909.8 32209.8
threshold=1.0000000180025095e-35 1.5000000000000002 1545.4336288263635 2022.5000000000002 2.5000000000000004 6.5000000000000009 871.26400000000001 23.387500000000006 966.18950509027707 5.3583333333333352 9.5000000000000018 1.0000000180025095e-35 37.500000000000007 20.500000000000004 13.391666666666669 0.45833333350000005 18.991666666666671 3.5000000000000004 4.2125000000000012 1263.4405000000002 0.55000000000000016 2022.5000000000002 1353.5690237622753 6.5000000000000009 1.0000000180025095e-35 1309.9255000000001 -0.62499999999999967 4.5000000000000009 2018.5000000000002 983.31050000000016
decision_type=2 2 2 2 2 2 2 2 2 2 2 2 2 2 2 2 2 2 2 2 2 2 2 2 2 2 2 2 2 2
left_child=1 2 6 8 7 -6 -1 -5 9 -3 11 29 15 14 17 16 23 18 19 -14 21 -19 -23 25 28 26 -12 -27 -25 -2
right_child=10 3 -4 4 5 -7 -8 -9 -10 -11 12 -13 13 -15 -16 -17 -18 20 -20 -21 -22 22 -24 24 -26 27 -28 -29 -30 -31
leaf_value=0.16963645336096703 0.033853267694583696 0.79975308618124796 -2.4317746980874628 0.79795123813673863 0.17075050062655162 1.0482273180451658 -0.71393380776582016 2.3239939760278774 -0.069611887392826019 0.17395364007310521 0.4330716374530747 -0.2055297416442671 1.1158007817814148 -0.10955412594610139 -0.015118899921163137 0.081560211796559937 0.035699402562204795 0.17880446170045736 0.047169699148113857 0.23093436015466404 0.99284273378923538 0.89407308015021236 0.022509710861633777 -1.0686267587994085 0.55009557726266589 -0.93204167120584958 -0.053908757702719592 -0.2218307609435077 -0.32066747642023091 -0.091200234165319263
leaf_weight=115 13675 119 27 108 540 135 251 27 892 536 418 2807 166 2402 3279 8315 6867 1577 2902 399 200 470 233 165 138 201 7615 1785 1353 8259
leaf_count=115 13675 119 27 108 540 135 251 27 892 536 418 2807 166 2402 3279 8315 6867 1577 2902 399 200 470 233 165 138 201 7615 1785 1353 8259
internal_value=2.86202e-06 0.103131 -0.573402 0.215935 0.472398 0.346246 -0.436309 1.10316 0.0816522 0.287649 -0.00448269 -0.0350512 0.015169 0.0866469 0.137728 -0.0157781 -0.0594286 0.222003 0.119484 0.490913 0.365324 0.310278 0.605205 -0.115381 -0.322629 -0.0811258 -0.0285686 -0.29371 -0.401967 -0.0132342
internal_weight=65976 2750 393 2357 810 675 366 135 1547 655 63226 24741 38485 11628 9226 26857 18542 5947 3467 565 2480 2280 703 11675 1656 10019 8033 1986 1518 21934
internal_count=65976 2750 393 2357 810 675 366 135 1547 655 63226 24741 38485 11628 9226 26857 18542 5947 3467 565 2480 2280 703 11675 1656 10019 8033 1986 1518 21934
is_linear=0
shrinkage=0.05


Tree=313
num_leaves=31
num_cat=0
split_feature=3 71 62 57 72 8 68 3 62 0 4 3 10 3 2 1 71 59 57 0 3 57 67 4 39 33 42 64 63 73
split_gain=12077.9 15626.5 17070.5 17796.1 14072.6 14932 13965.6 30321.6 32243.8 33266.9 31853.4 120485 39572.6 50464.3 28130.3 42433.8 34317.5 26613.6 25148.8 25641.8 48634.1 34534.5 24972.3 23916.2 23612.5 22823.8 31107 29871.4 29122.8 23591
threshold=22.500000000000004 29.866666666666671 1167.2309901135802 1058.6665000000003 5.3583333333333352 1.0000000180025095e-35 7.7875000000000023 10.500000000000002 965.83930250884862 2021.5000000000002 5.5000000000000009 6.5000000000000009 1.0000000180025095e-35 6.5000000000000009 30.500000000000004 11.500000000000002 5.5833333333333348 1129.6665000000003 1348.8602095246802 2023.5000000000002 8.5000000000000018 1127.1312697922851 1.7875000000000005 6.5000000000000009 9.5000000000000018 98.500000000000014 1.0000000180025095e-35 1.0000000180025095e-35 1405.1800000000001 2.5166666666666684
decision_type=2 2 2 2 2 2 2 2 2 2 2 2 2 2 2 2 2 2 2 2 2 2 2 2 2 2 2 2 2 2
left_child=6 2 4 -4 -2 -6 7 10 9 -9 12 -12 -1 -14 17 22 -17 24 19 20 -13 23 -16 -21 -10 -19 27 28 29 -27
right_child=1 -3 3 -5 5 -7 -8 8 14 -11 11 18 13 -15 15 16 -18 25 -20 21 -22 -23 -24 -25 -26 26 -28 -29 -30 -31
leaf_value=0.057489473797656704 0.39466055603186806 0.22756929144216265 -1.0651019132912976 -0.25128778320540301 -0.11666408183001008 1.2270880128656116 -0.009728968834171221 1.5943921581407388 0.014869579468545639 -0.091296467495461317 0.088071930713075064 -0.91364378669862578 -0.12838302973438712 -3.2936092841625211 -0.52321095137346185 -0.48421154816945394 -3.1869693299998407 0.043280575806783517 -1.2369737072313418 -0.25664462801069021 -0.10066365643335205 -0.72074866682629701 1.2543516911309343 1.2055572598727782 0.58634245837742838 1.0012513767150077 0.05657426889441404 -0.29072866933267622 -0.05658356639845618 2.5602215332644329
leaf_weight=7862 164 317 73 842 1331 21 46330 75 269 48 2040 486 34 20 62 24 23 4011 122 48 296 88 29 67 551 182 414 61 58 28
leaf_count=7862 164 317 73 842 1331 21 46330 75 269 48 2040 486 34 20 62 24 23 4011 122 48 296 88 29 67 551 182 414 61 58 28
internal_value=2.71884e-06 -0.102614 -0.14567 -0.316215 -0.0427353 -0.0957922 0.00446263 0.0433724 0.135596 0.936562 -0.00526971 -0.13983 0.0482245 -1.30069 0.118349 -0.586842 -1.80684 0.135808 -0.559811 -0.475939 -0.605917 0.0247661 0.0432651 0.595247 0.398871 0.0904329 0.344979 0.707896 0.935194 1.20911
internal_weight=65976 2748 2431 915 1516 1352 63228 16898 5835 123 11063 3147 7916 54 5712 138 47 5574 1107 985 782 203 91 115 820 4754 743 329 268 210
internal_count=65976 2748 2431 915 1516 1352 63228 16898 5835 123 11063 3147 7916 54 5712 138 47 5574 1107 985 782 203 91 115 820 4754 743 329 268 210
is_linear=0
shrinkage=0.05


Tree=314
num_leaves=31
num_cat=0
split_feature=24 0 31 3 68 72 40 73 40 3 4 1 71 17 59 61 1 58 72 2 72 62 1 73 69 4 57 73 4 3
split_gain=12141.5 12071.2 17769.4 20612.6 30724.2 38599.1 30008.4 26543.2 26453 43755 38857.1 25737.5 35049.3 24484.1 24364.5 24196.1 21736.5 33549.9 28268.5 24555.1 20890.8 20655.2 23235.7 20377.5 18160.3 18139.2 17618.2 18232 16905.9 26189.8
threshold=3.8500000000000001 2023.5000000000002 76.500000000000014 11.500000000000002 12.987500000000002 3.7250000000000005 58.500000000000007 -2.6666666666666643 93.500000000000014 7.5000000000000009 5.5000000000000009 3.5000000000000004 -2.274999999999999 0.55000000000000016 939.38245888932863 1015.3567807755601 1.5000000000000002 1309.9140000000002 7.1000000000000005 21.500000000000004 -2.8083333333333331 1151.6340000000002 2.5000000000000004 1.7333333333333314 38.750694444444441 4.5000000000000009 970.25650000000007 1.0000000180025095e-35 1.5000000000000002 1.5000000000000002
decision_type=2 2 2 2 2 2 2 2 2 2 2 2 2 2 2 2 2 2 2 2 2 2 2 2 2 2 2 2 2 2
left_child=1 -1 -3 8 11 -6 -7 13 -4 28 24 12 -5 -8 -14 -12 17 18 19 -16 -18 -22 -23 -13 -11 -25 27 -26 29 -10
right_child=-2 2 3 4 5 6 7 -9 9 10 15 23 14 -15 16 -17 20 -19 -20 -21 21 22 -24 25 26 -27 -28 -29 -30 -31
leaf_value=-0.0097501493631608274 -0.35132788924462338 0.0079327472542962442 0.21373521948886631 2.3126353430747986 -1.8449248146679667 -0.26443083828136532 0.61739292660584821 0.17751742915463839 0.76650647543094774 0.55501467170922658 -0.57780816825953396 0.91421043289518811 1.7959077296049699 2.6072166600010611 2.0371757543448248 -2.3441773805212467 1.4027403871927944 0.023141450946540552 0.052250644426654891 0.3988688087463379 -1.0176838856416219 -0.3953309321454887 0.5330720494619825 -0.76725478486010912 -0.36128580600023269 0.84844706961885097 -0.27705000294301346 -2.4471448578617792 0.17344048394907852 -1.074102923405521
leaf_weight=51898 245 10032 831 20 27 365 52 397 27 46 33 316 23 22 66 47 21 229 54 35 66 174 110 38 20 32 131 22 529 68
leaf_count=51898 245 10032 831 20 27 365 52 397 27 46 33 316 23 22 66 47 21 229 54 35 66 174 110 38 20 32 131 22 529 68
internal_value=2.58273e-06 0.0013121 0.0428149 0.13488 0.242661 0.0157675 0.0758617 0.33957 0.009094 -0.17515 -0.672474 0.40804 0.245908 1.20896 0.192778 -1.61555 0.143941 0.407643 0.975713 1.46945 -0.129001 -0.220905 -0.0357382 0.743226 -0.327972 -0.0286482 -0.562754 -1.45388 0.0631518 -0.550982
internal_weight=65976 65731 13833 3801 2047 863 836 471 1754 923 299 1184 798 74 778 80 755 384 155 101 371 350 284 386 219 70 173 42 624 95
internal_count=65976 65731 13833 3801 2047 863 836 471 1754 923 299 1184 798 74 778 80 755 384 155 101 371 350 284 386 219 70 173 42 624 95
is_linear=0
shrinkage=0.05


Tree=315
num_leaves=31
num_cat=0
split_feature=1 69 2 63 1 66 4 68 73 2 63 67 72 26 61 60 61 2 3 2 1 63 2 1 73 4 4 2 61 2
split_gain=11708.9 37603.1 38220.7 44209.6 37046.2 79690.4 38125.4 48594.6 37235.1 65179.4 31128.8 40255.7 30733.1 23443.3 30042.8 22830.7 22285.8 21738 70829.5 21353.3 47469.5 47963.6 25534 23239.6 60634.9 38983.6 39998.1 38486.8 45270.8 38716.9
threshold=11.500000000000002 32.680277777777796 11.500000000000002 1350.6800000000001 10.500000000000002 13.508333333333336 2.5000000000000004 15.087500000000004 1.1833333333333365 19.500000000000004 764.90397724142508 1.0375000000000005 9.8750000000000018 3.0500000000000003 1198.6563375364951 912.28400796193557 1147.1686683495252 30.500000000000004 18.500000000000004 29.500000000000004 9.5000000000000018 961.80950000000018 30.500000000000004 8.5000000000000018 -2.5999999999999988 1.5000000000000002 6.5000000000000009 2.5000000000000004 1440.0445000000002 27.500000000000004
decision_type=2 2 2 2 2 2 2 2 2 2 2 2 2 2 2 2 2 2 2 2 2 2 2 2 2 2 2 2 2 2
left_child=4 16 12 17 13 6 10 15 -7 -10 -6 -12 -3 19 -15 -8 -2 -4 -19 23 -21 -22 -23 -1 -25 27 -27 28 -26 -29
right_child=1 2 3 -5 5 8 7 -9 9 -11 11 -13 -14 14 -16 -17 -18 18 -20 20 21 22 -24 24 25 26 -28 29 -30 -31
leaf_value=0.0050279707140578707 -1.3477008211058239 0.25481907743103449 -0.1703625427490105 0.46946833328891557 -0.069546860627679508 -0.070879637456654418 -0.075463527707411951 2.4889548204161906 -0.42140492392294615 -2.6873978788788255 1.5284707189641065 0.49943478243617162 -0.24435055273533546 -0.15070845499082849 -1.5196549145798937 0.23340146617642113 -0.29494517041016216 -0.26763419682585349 -3.0062969984679389 0.054659135918060375 -0.1391323115190734 1.6647294277444893 0.58974164869645651 -0.54174846812342126 -2.3945203921069269 0.047379330945309335 -0.2514581423373014 -0.1470533962224729 -0.10961561362917832 -1.2255812191963198
leaf_weight=43062 86 1369 2811 267 198 981 902 22 223 37 108 792 398 135 57 1777 121 127 29 2412 115 109 112 664 46 6426 1356 1103 41 90
leaf_count=43062 86 1369 2811 267 198 981 902 22 223 37 108 792 398 135 57 1777 121 127 29 2412 115 109 112 664 46 6426 1356 1103 41 90
internal_value=2.45367e-06 -0.0719486 -0.0446146 -0.146788 0.00616887 0.135984 0.249618 0.148628 -0.211877 -0.743873 0.498048 0.622919 0.142386 -0.00557153 -0.557114 0.129409 -0.732322 -0.202245 -0.776745 -0.00366473 0.132221 0.689007 1.11994 -0.0107386 -0.0805452 -0.0467515 -0.00469258 -0.302457 -1.31773 -0.228418
internal_weight=65976 5208 5001 3234 60768 5040 3799 2701 1241 260 1098 900 1767 55728 192 2679 207 2967 156 55536 2748 336 221 52788 9726 9062 7782 1280 87 1193
internal_count=65976 5208 5001 3234 60768 5040 3799 2701 1241 260 1098 900 1767 55728 192 2679 207 2967 156 55536 2748 336 221 52788 9726 9062 7782 1280 87 1193
is_linear=0
shrinkage=0.05


Tree=316
num_leaves=31
num_cat=1
split_feature=17 3 3 21 1 42 0 23 26 63 57 62 68 62 4 61 60 40 1 72 37 34 3 73 68 39 73 13 61 72
split_gain=11796.6 24258.5 27137.5 32063.4 26734.4 20159.9 24606.6 15232.2 13427 13267.6 12621.9 26527 22644.6 23447.7 23756.1 31254.6 39628.4 23632.4 21051.8 25798.5 23364.6 25304.3 23227 19932.3 19603.3 20504 17881.4 17135.6 32188.6 16089.3
threshold=2.0500000000000003 10.500000000000002 16.500000000000004 0.75000000000000011 10.500000000000002 0.12500000000000003 2023.5000000000002 0.75000000000000011 0.75000000000000011 1083.0048290000002 1636.1535000000001 1598.4138720000003 25.737500000000008 1184.7215000000003 6.5000000000000009 1845.7505000000003 1667.9835000000003 14.500000000000002 7.5000000000000009 23.541666666666671 1.5000000000000002 83.500000000000014 13.500000000000002 3.6500000000000021 1.3625000000000005 25.500000000000004 0.2333333333333352 0 1694.8995000000002 21.108333333333341
decision_type=2 2 2 2 2 2 2 2 2 2 2 2 2 2 2 2 2 2 2 2 2 2 2 2 2 2 2 9 2 2
left_child=10 5 3 9 8 6 7 -2 -5 -3 11 -1 24 -14 23 16 -16 29 19 26 -20 22 -22 27 -12 -26 -13 28 -15 -18
right_child=1 2 -4 4 -6 -7 -8 -9 -10 -11 12 18 13 14 15 -17 17 -19 20 -21 21 -23 -24 -25 25 -27 -28 -29 -30 -31
leaf_value=0.0028206447585616789 -0.25778058618307115 -0.43334879350094568 -0.32705560196848477 1.0103286132216454 2.2148875585108097 -0.25055282672559553 -2.5727126291819982 -1.6527264629091538 -0.44074140667915346 0.23925345725468034 0.2565397410230203 0.62662729193465883 0.92824024355848178 0.54546146362255787 -0.96710078723155546 -1.47659029040871 -0.52118458545814128 -1.4590282020361529 -0.14079063875087078 1.2393939471998059 -0.11233113559395498 -0.74332666648872969 0.4986426256152619 1.5602506530284881 -0.43217620216785591 -1.4819008771715494 -0.066029113848609003 -0.00063585784484408389 -1.2029226365280741 0.41139743272389212
leaf_weight=58462 65 105 340 44 33 314 21 28 25 243 77 198 61 39 130 58 59 23 602 91 211 58 592 20 235 58 176 3313 81 214
leaf_count=58462 65 105 340 44 33 314 21 28 25 243 77 198 61 39 130 58 59 23 602 91 211 58 592 20 235 58 176 3313 81 214
internal_value=2.3313e-06 -0.15416 0.0100826 0.264809 1.04438 -0.457319 -1.02683 -0.677764 0.484579 0.0363131 0.0029019 0.00883858 -0.079176 -0.044543 -0.0596153 -0.387673 -0.239417 0.080174 0.191318 0.484378 0.098172 0.265252 0.3381 -0.0136321 -0.4534 -0.639972 0.300671 -0.0228013 -0.585875 0.20985
internal_weight=65976 1218 790 450 102 428 114 93 69 348 64758 60390 4368 3998 3937 484 426 296 1928 465 1463 861 803 3453 370 293 374 3433 120 273
internal_count=65976 1218 790 450 102 428 114 93 69 348 64758 60390 4368 3998 3937 484 426 296 1928 465 1463 861 803 3453 370 293 374 3433 120 273
cat_boundaries=0 1
cat_threshold=12
is_linear=0
shrinkage=0.05


Tree=317
num_leaves=31
num_cat=0
split_feature=61 75 62 75 61 63 57 73 4 3 68 57 75 56 39 63 62 61 0 2 73 2 20 72 29 1 2 30 57 33
split_gain=11480.9 28988 25549.7 58483.3 22961.7 37014.8 31976.3 31275.2 34131.1 28248.4 35769.2 27070 37893.8 26991.9 26721 21491.6 30538.9 43859.1 22940.9 32376.6 35806.9 58201.1 30220.6 25805.1 24423.1 23829.9 37669.7 30942.4 23688.8 28515.5
threshold=803.04171630477651 833.61758994565105 828.83075620425109 926.7579992226614 996.54229427993107 828.45151540001905 868.09341781638921 -4.0999999999999952 5.5000000000000009 7.5000000000000009 5.512500000000002 1263.4405000000002 1207.096666666667 752.37464914625957 35.500000000000007 1228.7154556123153 1108.3640000000003 1419.0070052794451 2024.5000000000002 19.500000000000004 -0.20000000000000012 25.500000000000004 1.0000000180025095e-35 29.208333333333339 99.500000000000014 2.5000000000000004 4.5000000000000009 24.500000000000004 2175.3095000000008 1.5000000000000002
decision_type=2 2 2 2 2 2 2 2 2 2 2 2 2 2 2 2 2 2 2 2 2 2 2 2 2 2 2 2 2 2
left_child=2 -2 3 -1 5 7 9 8 -3 -6 14 12 13 -7 -11 -8 17 -17 28 22 -21 24 25 -23 -22 26 27 -20 -18 -30
right_child=1 4 -4 -5 6 11 15 -9 -10 10 -12 -13 -14 -15 -16 16 18 -19 19 20 21 23 -24 -25 -26 -27 -28 -29 29 -31
leaf_value=0.057039938111689108 -0.14425910182335508 -2.4929407777457406 0.3058347942901522 -0.76672226937115195 -1.069802697675418 1.0814597541439361 -0.0437422484945049 -0.10263181853161062 -0.26270390294847035 -0.053496715251137229 -0.36894194921612439 -0.49662777785513851 0.66521959514264639 0.088875254911819468 1.6727463409304619 0.2963478291159764 0.0035281723404980096 2.4806866745154066 0.46312511866843259 0.83977305613651054 0.3721781269210731 -0.30221988333321609 0.88748493777944693 -2.1889882016181947 1.4650982283410574 -0.19458153587354329 0.03494850068977249 2.4252384342253208 -0.95488011473168921 0.93309248735507344
leaf_weight=5082 3601 29 933 225 113 69 21951 1706 42 51 522 185 302 9301 40 541 18826 24 54 309 271 193 94 20 63 871 382 32 120 24
leaf_count=5082 3601 29 933 225 113 69 21951 1706 42 51 522 185 302 9301 40 541 18826 24 54 309 271 193 94 20 63 871 382 32 120 24
internal_value=2.20961e-06 -0.00673903 0.0645366 0.022115 0.00208274 0.0646253 -0.0142679 -0.145424 -1.17365 -0.34338 -0.209472 0.102493 0.113952 0.0961846 0.705291 -0.00880965 0.0263262 0.389134 0.0166839 0.166209 0.409513 0.166459 0.0208721 -0.479381 0.578328 -0.0399655 0.247792 1.19321 -0.00135846 -0.640218
internal_weight=65976 59736 6240 5307 56135 11634 44501 1777 71 726 613 9857 9672 9370 91 43775 21824 565 21259 2289 856 547 1433 213 334 1339 468 86 18970 144
internal_count=65976 59736 6240 5307 56135 11634 44501 1777 71 726 613 9857 9672 9370 91 43775 21824 565 21259 2289 856 547 1433 213 334 1339 468 86 18970 144
is_linear=0
shrinkage=0.05


Tree=318
num_leaves=31
num_cat=1
split_feature=68 57 4 2 2 62 61 71 57 72 33 71 61 74 61 57 62 59 72 75 31 70 59 4 33 71 4 13 60 59
split_gain=11449.2 19998 22564.7 23553.3 21274.7 19187.6 35038 29198.8 30499.3 18288.3 16881.5 16682.6 15113.1 14458 15661 43788.8 39687.7 39140.8 33118.2 31065.3 28001.7 27288 26401.2 38646.6 47827.7 31405.1 43008.3 33592.8 33441.9 37771.5
threshold=37.037500000000009 1857.1380000000001 6.5000000000000009 17.500000000000004 10.500000000000002 1801.2262358709902 1502.0355000000002 20.308333333333337 1533.5072713709903 24.291666666666671 16.500000000000004 31.308333333333337 1629.3115000000003 7.0500000000000034 1168.1749388573801 1087.2760873573802 1070.9350617040702 957.32370500000013 6.1416666666666675 930.26044845696072 49.500000000000007 23.208333333333339 1220.8040000000003 1.5000000000000002 47.500000000000007 29.866666666666671 6.5000000000000009 0 1408.5134310000003 1343.9382775000001
decision_type=2 2 2 2 2 2 2 2 2 2 2 2 2 2 2 2 2 2 2 2 2 2 2 2 2 2 2 9 2 2
left_child=1 5 9 4 -4 13 -7 -8 -9 12 -10 -2 -3 14 -1 16 -16 19 20 -18 -19 -20 -17 24 -24 27 28 -25 29 -27
right_child=11 2 3 -5 -6 6 7 8 10 -11 -12 -13 -14 -15 15 22 17 18 21 -21 -22 -23 23 25 -26 26 -28 -29 -30 -31
leaf_value=0.016818835017952716 0.18697970274511888 0.79052933569877382 -0.93128857928163866 -1.167562483609953 0.76988167479634295 2.1149917814880612 -0.59179760323561448 1.0373413539321525 0.21835691760694964 0.076211869174383107 -0.85352328098737285 1.5245683517456055 -0.33882507592763589 0.18681474474574986 -0.960658164505519 0.064132278742742702 1.3205388845308967 -0.43173076798218296 -0.72040637897419912 -0.012012740008478526 0.44902138551853227 0.08316689971834422 -0.20911213089251313 -0.79106044825892174 -1.1969583548038549 -0.0098630125323931391 0.71378318190499646 -0.047561708977357169 -0.0032924605855190062 1.8781560886364717
leaf_weight=37367 345 31 34 109 40 24 108 115 632 676 39 25 667 1013 179 7352 46 182 605 889 179 128 1093 144 138 54 298 11945 1467 52
leaf_count=37367 345 31 34 109 40 24 108 115 632 676 39 25 667 1013 179 7352 46 182 605 889 179 128 1093 144 138 54 298 11945 1467 52
internal_value=2.09912e-06 -0.00156211 -0.178615 -0.70018 -0.0117371 0.00274196 0.229689 0.179076 0.284998 -0.109149 0.156057 0.277357 -0.288668 -0.000558113 -0.00361373 -0.0344611 -0.246962 -0.184 -0.387021 0.0535459 0.00498567 -0.580083 -0.0136474 -0.0512905 -0.319854 -0.0276085 0.163019 -0.0571117 0.0586786 0.916335
internal_weight=65976 65606 1557 183 74 64049 918 894 786 1374 671 370 698 63131 62118 24751 2208 2029 1094 935 361 733 22543 15191 1231 13960 1871 12089 1573 106
internal_count=65976 65606 1557 183 74 64049 918 894 786 1374 671 370 698 63131 62118 24751 2208 2029 1094 935 361 733 22543 15191 1231 13960 1871 12089 1573 106
cat_boundaries=0 1
cat_threshold=2
is_linear=0
shrinkage=0.05


Tree=319
num_leaves=31
num_cat=2
split_feature=72 70 3 13 3 4 75 61 1 65 9 61 59 4 13 67 75 1 74 61 4 3 75 3 4 57 69 61 71 57
split_gain=11501.6 13919.5 11625.2 21212.8 18193.6 80159.1 68758.7 63412.5 27786.6 36417.1 27577.7 36127.7 25707.7 72331 35768.6 51498.7 42370.1 30984.3 26762 25583.1 28693.6 40244.4 39335.2 26168.7 28718.1 46166.1 39196.6 37227.7 34058.9 51228.5
threshold=-7.1416666666666648 -0.97499999999999998 1.5000000000000002 0 5.5000000000000009 1.5000000000000002 1445.0857697511119 750.40205910503767 5.5000000000000009 1.0000000180025095e-35 1.0000000180025095e-35 825.58173095103655 963.41675124551409 5.5000000000000009 1 21.637500000000006 1126.7128333333335 10.500000000000002 -3.4166666666666652 999.6592288047766 4.5000000000000009 17.500000000000004 850.21000000000015 8.5000000000000018 6.5000000000000009 973.72058939228521 56.500277777777782 1118.8380000000002 3.4250000000000003 1244.1988286050353
decision_type=2 2 2 9 2 2 2 2 2 2 2 2 2 2 9 2 2 2 2 2 2 2 2 2 2 2 2 2 2 2
left_child=1 -1 3 -2 5 6 10 -7 9 19 11 -4 13 14 -10 -16 -17 -15 -14 20 22 -22 -6 -21 28 -26 27 -27 29 -25
right_child=2 -3 4 -5 8 7 -8 -9 12 -11 -12 -13 18 17 15 16 -18 -19 -20 23 21 -23 -24 24 25 26 -28 -29 -30 -31
leaf_value=0.53501776986488025 0.049520245352842961 -0.28314949687038155 -0.21825250087384582 0.58901173419678809 -0.021964989522635245 0.36657409702853605 -3.3093721055984497 -0.055300124372850291 -0.55985314145684251 -0.28576851682191512 1.0937655724294018 -0.73655812300563572 0.17770063711026657 0.0098826004969935453 0.22930979440233817 1.6566154140885136 0.23640666825181628 -0.49514439041074926 -0.0027396736417424957 -0.31938814498391649 -0.1009938039281229 0.43883689374819695 0.42936375152972889 0.36049689184646472 1.8400150225162506 -0.53076889954250439 -0.17122761066273118 -1.9662499823958659 -0.061125942052637432 -0.04757934891488122
leaf_weight=202 5320 70 1018 179 873 996 20 8428 125 1386 32 502 2282 776 3534 119 94 499 20649 866 2374 404 1080 1349 25 174 823 61 9927 1789
leaf_count=202 5320 70 1018 179 873 996 20 8428 125 1386 32 502 2282 776 3534 119 94 499 20649 866 2374 404 1080 1349 25 174 823 61 9927 1789
internal_value=-4.36086e-06 0.32446 -0.00134757 0.0682426 -0.00770379 -0.0658496 -0.396387 -0.0107132 0.00528917 -0.0380208 -0.358848 -0.38943 0.0378835 0.138868 0.246426 0.274086 1.02986 -0.187771 0.015217 -0.0206302 0.0807585 -0.0224871 0.227618 -0.0525784 -0.0362469 -0.28367 -0.333852 -0.903383 -0.0157372 0.127849
internal_weight=65976 272 65704 5499 60205 10996 1572 9424 49209 21131 1552 1520 28078 5147 3872 3747 213 1275 22931 19745 4731 2778 1953 15014 14148 1083 1058 235 13065 3138
internal_count=65976 272 65704 5499 60205 10996 1572 9424 49209 21131 1552 1520 28078 5147 3872 3747 213 1275 22931 19745 4731 2778 1953 15014 14148 1083 1058 235 13065 3138
cat_boundaries=0 1 2
cat_threshold=131 10
is_linear=0
shrinkage=0.05


Tree=320
num_leaves=31
num_cat=0
split_feature=68 63 0 0 4 4 43 1 0 72 65 61 63 7 68 61 27 34 1 75 71 32 68 74 51 57 57 4 4 2
split_gain=11476.6 20215.3 15341.2 31835.6 20522.8 18344.5 15561.5 12842 24505.2 24936.8 23558.7 25731.8 23829.7 32418.1 29531.7 23971.3 23723.7 24865.8 40881.3 33165.1 32013.2 50668.8 24811.8 23325.2 46961.6 26745.5 25362.6 22552.5 36015.6 25370.2
threshold=-2.6624999999999992 1292.0245000000002 2021.5000000000002 2022.5000000000002 2.5000000000000004 6.5000000000000009 0.20833333350000002 5.5000000000000009 2024.5000000000002 18.991666666666671 1.0000000180025095e-35 999.6592288047766 879.94600000000014 1.0000000180025095e-35 20.762500000000006 851.36976289732263 4.9500000000000011 35.500000000000007 1.5000000000000002 1098.6955309456478 0.31666666666666671 35.500000000000007 10.412500000000003 3.3166666666666682 0.12500000000000003 1158.1971550000003 1474.1720000000003 4.5000000000000009 6.5000000000000009 19.500000000000004
decision_type=2 2 2 2 2 2 2 2 2 2 2 2 2 2 2 2 2 2 2 2 2 2 2 2 2 2 2 2 2 2
left_child=1 2 4 5 -1 -4 -7 10 -9 -10 11 12 13 14 15 -2 17 18 19 -13 21 -19 -21 24 25 -20 27 -25 -29 -30
right_child=7 -3 3 -5 -6 6 -8 8 9 -11 -12 16 -14 -15 -16 -17 -18 20 23 22 -22 -23 -24 26 -26 -27 -28 28 29 -31
leaf_value=0.77924343584118971 -0.0024525989206271811 0.52174858135531532 -0.61988373133337671 0.19033597703955696 0.085738776580921355 -0.79084722630002291 0.83176861999763385 0.0073721395670644082 -0.29616740498221616 0.29650473093872604 -0.20315798120973982 0.66493502676583316 0.12965839496468021 0.24562975174171872 -1.1527961445041002 -0.28788367987349822 -1.5658198271806425 -0.081364572253287512 -0.30450869519946155 0.076268294124268152 -0.02587432657032164 0.78141269769999511 -0.80259305514480883 -0.1359390271025952 -0.097202958330887212 -0.71884360501100708 -1.0806561711159619 0.39422914315706004 -0.097948953600191499 -2.144823793073495
leaf_weight=137 3094 274 287 442 482 22 45 35790 206 1282 1824 232 4588 890 64 965 26 356 1146 1044 7969 326 87 973 2192 590 55 523 41 24
leaf_count=137 3094 274 287 442 482 22 45 35790 206 1282 1824 232 4588 890 64 965 26 356 1146 1044 7969 326 87 973 2192 590 55 523 41 24
internal_value=-3.54673e-06 0.128653 0.0525338 -0.0926472 0.239228 -0.445977 0.298969 -0.00338371 0.0156381 0.214455 -0.0296377 -0.0170707 0.0473188 -0.02804 -0.087115 -0.0703119 -0.0567398 -0.0542179 -0.124961 0.120369 0.00226358 0.331048 0.00866357 -0.185276 -0.251057 -0.445325 -0.0253803 0.0118011 0.256276 -0.853718
internal_weight=65976 1689 1415 796 619 354 67 64287 37278 1488 27009 25185 9601 5013 4123 4059 15584 15558 6907 1363 8651 682 1131 5544 3928 1736 1616 1561 588 65
internal_count=65976 1689 1415 796 619 354 67 64287 37278 1488 27009 25185 9601 5013 4123 4059 15584 15558 6907 1363 8651 682 1131 5544 3928 1736 1616 1561 588 65
is_linear=0
shrinkage=0.05


Tree=321
num_leaves=31
num_cat=0
split_feature=57 75 62 68 37 72 61 0 75 4 9 2 62 61 2 33 4 75 0 57 73 37 67 32 73 62 4 2 57 3
split_gain=11578.2 31881.5 27571.5 26645.4 26438.4 25434.7 24358.8 23359.3 26363.7 23311.6 43147.7 35883.2 26629.9 24789.6 23083 22685.8 28362.8 26091.8 22230.6 22697 21955.1 21468.6 29431.2 31565.5 20679.6 25141.6 20291.9 18717 21123 18506.9
threshold=1524.5447482922852 1458.6668839589518 1555.7110000000002 29.437500000000007 21.500000000000004 26.850000000000005 1678.7860000000003 2020.5000000000002 1611.0641042860404 2.5000000000000004 1.0000000180025095e-35 19.500000000000004 1832.4860000000001 1736.9840000000002 23.500000000000004 1.0000000180025095e-35 3.5000000000000004 2152.7256666666667 2024.5000000000002 2175.3095000000008 -1.8500000000000008 3.5000000000000004 26.187500000000007 6.5000000000000009 -0.96666666666666401 1706.4025000000004 6.5000000000000009 12.500000000000002 1620.4102215088403 11.500000000000002
decision_type=2 2 2 2 2 2 2 2 2 2 2 2 2 2 2 2 2 2 2 2 2 2 2 2 2 2 2 2 2 2
left_child=2 -2 -1 4 14 6 7 -5 26 10 29 -12 13 21 -3 16 17 20 19 -18 -8 -11 -23 -24 25 -17 -9 -22 -29 -4
right_child=1 3 9 5 -6 -7 15 8 -10 12 11 -13 -14 -15 -16 24 18 -19 -20 -21 27 22 23 -25 -26 -27 -28 28 -30 -31
leaf_value=0.0011375120988589037 -0.5668695624136435 0.038131903227170895 0.56053294999258862 -0.033645766308669223 -0.41685429172981431 0.51837896886720969 1.5369729453867134 0.62803823246874602 0.17884111091336038 -0.016324315014713094 -0.10432038108507793 -2.3869316310593578 2.1673010700941084 1.3002673202484358 -0.33920610805660051 -0.30386968113127211 -0.39328760146543024 1.1382468090607571 0.12636888672225177 -1.4840183180921218 0.21931631983641317 0.26808202808300158 0.58866799542537096 2.3308351449477369 0.063830793593768725 1.7988786094652658 2.0348890400926272 0.73420004328091948 -0.41323725649617549 -0.028413550968409751
leaf_weight=57182 298 1481 175 823 724 265 22 176 611 399 36 33 20 61 558 21 736 52 200 51 323 401 78 39 162 44 30 45 369 561
leaf_count=57182 298 1481 175 823 724 265 22 176 611 399 36 33 20 61 558 21 736 52 200 51 323 401 78 39 162 44 30 45 369 561
internal_value=-3.36944e-06 -0.0608447 0.00720764 -0.0383143 -0.157295 0.0453354 0.0111318 0.154368 0.343762 0.199721 -0.000460886 -1.196 0.361191 0.324256 -0.0651318 -0.104872 -0.164335 0.0547421 -0.344347 -0.46397 -0.0194901 0.259331 0.471659 1.16939 0.366123 1.11953 0.832919 -0.0659517 -0.288516 0.111621
internal_weight=65976 6991 58985 6693 2763 3930 3665 1640 817 1803 805 69 998 978 2039 2025 1798 811 987 787 759 917 518 117 227 65 206 737 414 736
internal_count=65976 6991 58985 6693 2763 3930 3665 1640 817 1803 805 69 998 978 2039 2025 1798 811 987 787 759 917 518 117 227 65 206 737 414 736
is_linear=0
shrinkage=0.05


Tree=322
num_leaves=31
num_cat=0
split_feature=73 2 1 71 74 3 58 61 57 57 56 1 60 62 1 59 2 74 7 34 33 57 4 62 72 63 33 63 61 4
split_gain=11220.8 15936.1 13174.2 12441.1 14301.9 16076.7 18653.3 13733.7 34752.3 30850.5 57130.5 30824.7 46119.8 36221.4 36104.4 36748 38372.1 35481.9 33112.2 35368.7 31238.6 30708.4 30658.3 27302.3 27250.5 25077.8 24919.2 24622.4 39851.8 33907.7
threshold=6.6416666666666684 25.500000000000004 1.5000000000000002 -4.1583333333333323 2.3000000000000025 17.500000000000004 1474.1026173927103 1094.4546671079452 1028.2628322147102 1290.4402397147103 1247.7101537620285 1.5000000000000002 760.83974983238306 1126.1092109458152 4.5000000000000009 957.32370500000013 2.5000000000000004 -0.76666666666666716 1.0000000180025095e-35 6.5000000000000009 6.5000000000000009 1232.2350000000004 3.5000000000000004 942.07900000000006 31.566666666666674 1228.7154556123153 49.500000000000007 866.76450000000011 854.49650000000008 1.5000000000000002
decision_type=2 2 2 2 2 2 2 2 2 2 2 2 2 2 2 2 2 2 2 2 2 2 2 2 2 2 2 2 2 2
left_child=3 2 -2 4 5 6 -1 9 11 10 27 12 -9 -14 17 16 -16 -13 19 -18 22 -12 -21 26 -17 -25 -10 28 -5 -29
right_child=1 -3 -4 7 -6 -7 -8 8 23 -11 21 14 13 -15 15 24 18 -19 -20 20 -22 -23 -24 25 -26 -27 -28 29 -30 -31
leaf_value=0.035177505545559699 -0.9350586087275774 -1.2712211865745484 0.13576437128246377 0.015948534454449662 0.39922688744532375 0.98499351565430815 -1.0679878939942617 2.1988467910166447 0.19878109392348908 -0.40164538929659233 0.88996480032801628 -0.94286071030756102 1.2997806480775278 -0.24788224505093159 -1.2136159966316296 -0.49177795752278852 -0.13134247229116988 -0.28484947014003525 -1.6263094631334145 0.76446714066323296 0.28649173488987517 0.12623772815611847 2.5612105384469035 -0.069585053340318753 1.1983590297698974 0.021264131408582441 1.2199860257438466 0.2475504746382011 -0.20433771500216871 0.031364162738481846
leaf_weight=586 39 40 109 8244 416 41 41 29 245 421 290 302 48 178 51 518 327 637 24 92 304 241 32 12307 25 19844 79 2051 2734 15681
leaf_count=586 39 40 109 8244 416 41 41 29 245 421 290 302 48 178 51 518 327 637 24 92 304 241 32 12307 25 19844 79 2051 2734 15681
internal_value=-3.20118e-06 -0.385733 -0.146412 0.00109909 0.169086 0.0257653 -0.0369593 -0.00171524 -0.0229088 0.0233224 0.0294409 -0.200013 0.321698 0.0808249 -0.257555 -0.0941541 0.11507 -0.496478 0.202057 0.260178 0.559307 0.543339 1.22814 -0.00890955 -0.413963 -0.0135118 0.447779 0.0199362 -0.0389123 0.0563697
internal_weight=65976 188 148 65788 1084 668 627 64704 35042 29662 29241 2567 255 226 2312 1373 830 939 779 755 428 531 124 32475 543 32151 324 28710 10978 17732
internal_count=65976 188 148 65788 1084 668 627 64704 35042 29662 29241 2567 255 226 2312 1373 830 939 779 755 428 531 124 32475 543 32151 324 28710 10978 17732
is_linear=0
shrinkage=0.05


Tree=323
num_leaves=31
num_cat=0
split_feature=0 59 38 29 34 71 0 71 71 1 2 37 1 58 4 62 2 2 67 73 72 2 73 75 73 35 35 3 56 63
split_gain=11256.9 22453.6 29744.8 23566.4 23286.6 21006.6 20392 48477.8 37666.9 32579 26199.8 33362.1 24570.5 23708 33390.9 33793 23659 22377.9 30176.2 22796.4 23293.2 23044.3 19750 21231.9 19551.6 22491.6 19100.3 36134.3 40691.8 40577.5
threshold=2020.5000000000002 1171.2598696079451 93.500000000000014 67.500000000000014 70.500000000000014 5.241666666666668 2019.5000000000002 20.308333333333337 0.56666666666666676 7.5000000000000009 1.5000000000000002 2.5000000000000004 8.5000000000000018 1466.5275000000004 3.5000000000000004 1402.6590000000003 15.500000000000002 25.500000000000004 30.087500000000006 -1.2166666666666659 22.425000000000008 5.5000000000000009 0.55000000000000127 1253.2441666666668 -0.29999999999999799 38.500000000000007 52.500000000000007 8.5000000000000018 1013.8366967779917 769.15900000000011
decision_type=2 2 2 2 2 2 2 2 2 2 2 2 2 2 2 2 2 2 2 2 2 2 2 2 2 2 2 2 2 2
left_child=1 26 3 4 6 -4 7 10 -8 -10 11 -3 13 14 24 -16 -17 19 -19 21 -21 -15 23 -7 25 -9 -1 -28 -29 -30
right_child=-2 2 5 -5 -6 22 8 12 9 -11 -12 -13 -14 17 15 16 -18 18 -20 20 -22 -23 -24 -25 -26 -27 27 28 29 -31
leaf_value=-0.030786053209002406 0.016547544228566944 -0.26648155604639362 0.0064389381306113507 0.2428238168758878 -0.41874320536204013 -0.56931188949989364 0.55936110359675528 -0.14125051957865556 -0.47925669449018626 -0.077528764460211771 -0.22830582941410432 -2.7495667919516564 -0.19575957859260337 -1.6942314589845724 0.40846933639707861 2.8612127531142466 1.0151285954117775 -0.68881458326056599 0.52384460391341781 -0.08785228455392477 0.50468443311650701 -0.10520776761608704 -0.15860791523666945 -1.4864850705658847 0.29334494825753965 -1.7417327477931979 -0.070365733800629868 0.41292931686925183 -2.1871661016345025 0.075177399704788234
leaf_weight=12139 40176 31 211 568 506 223 158 180 852 1238 973 24 521 29 524 21 100 200 69 279 409 107 170 88 309 25 2388 1233 20 2205
leaf_count=12139 40176 31 211 568 506 223 158 180 852 1238 973 24 521 29 524 21 100 200 69 279 409 107 170 88 309 25 2388 1233 20 2205
internal_value=-3.04123e-06 -0.0257758 -0.0965367 -0.0661326 -0.0929041 -0.409497 -0.0656476 0.00495295 -0.185021 -0.241295 -0.288319 -1.35001 0.113674 0.185262 0.342805 0.582382 1.33552 0.0182045 -0.377761 0.14747 0.264397 -0.444044 -0.591955 -0.828834 0.0421696 -0.336431 0.00497189 0.0792219 0.182523 0.0548417
internal_weight=65976 25800 7815 7123 6555 692 6049 3801 2248 2090 1028 55 2773 2252 1159 645 121 1093 269 824 688 136 481 311 514 205 17985 5846 3458 2225
internal_count=65976 25800 7815 7123 6555 692 6049 3801 2248 2090 1028 55 2773 2252 1159 645 121 1093 269 824 688 136 481 311 514 205 17985 5846 3458 2225
is_linear=0
shrinkage=0.05


Tree=324
num_leaves=31
num_cat=1
split_feature=3 74 4 8 73 3 61 75 4 38 71 13 61 4 2 57 67 72 63 57 67 73 2 57 4 0 73 4 60 3
split_gain=11113.9 14409.9 21269.7 15339.8 13687 12425.3 32949.5 48334.8 33958.3 39207.1 33340.8 29480.8 41926.5 59513.6 52156.3 47203.5 32175.6 28207.9 26470.3 25835.3 22551.9 22132.2 22075.8 42602.8 24554.5 29144.5 21876.8 21358.5 60235.6 74534.7
threshold=22.500000000000004 -1.433333333333336 1.5000000000000002 1.0000000180025095e-35 -1.0999999999999923 18.500000000000004 1079.0013751079453 988.43550000000016 1.5000000000000002 94.500000000000014 13.125000000000004 0 1162.7510000000004 2.5000000000000004 19.500000000000004 1114.6280000000004 22.262500000000006 22.991666666666671 1148.0353765554903 966.78131060503767 1.7875000000000005 -0.71666666666666801 27.500000000000004 1229.5090000000002 4.5000000000000009 2018.5000000000002 2.4666666666666686 5.5000000000000009 1089.7799638323852 14.500000000000002
decision_type=2 2 2 2 2 2 2 2 2 2 2 9 2 2 2 2 2 2 2 2 2 2 2 2 2 2 2 2 2 2
left_child=5 3 -3 4 -2 11 10 -8 9 19 -7 12 16 14 15 -14 26 -16 -10 -9 -15 -11 24 -24 25 -22 -1 -13 -29 -30
right_child=1 2 -4 -5 -6 6 7 8 18 21 -12 27 13 20 17 -17 -18 -19 -20 -21 22 -23 23 -25 -26 -27 -28 28 29 -31
leaf_value=0.021049321693657003 -0.28508727648825966 -1.0142238962208177 -0.18888219095926007 1.309257488307499 0.020530922481745727 0.72595661864085481 1.3767515316261696 -1.5509188002347947 -0.15392854528497482 -1.5309366503680075 0.14869413906165088 0.020332969345250734 -2.1232614162552639 -1.8367741471529009 -1.4981373089551928 -0.19260697936619164 1.3926145708560944 -4.0926391774957827 0.089072942908815247 -0.064481665019880521 -0.92534147834777836 -0.47655328319922674 0.29731011291344961 -2.7864471923737302 -0.32891723648145121 0.99127530821909515 -1.0419377226874513 -0.15727644779298772 0.15025759504687419 -0.18967001888339557
leaf_weight=558 474 91 549 21 1613 316 65 30 1347 74 1200 36461 48 20 20 93 40 22 6670 1142 25 152 24 21 177 96 53 6982 5268 2324
leaf_count=558 474 91 549 21 1613 316 65 30 1347 74 1200 36461 48 20 20 93 40 22 6670 1142 25 152 24 21 177 96 53 6982 5268 2324
internal_value=-2.88889e-06 -0.0984393 -0.306235 -0.0353513 -0.0488812 0.00427533 0.0525835 0.0179718 0.00859094 -0.218806 0.269021 -0.00589461 -0.25013 -0.575338 -1.31055 -0.849851 0.0187825 -2.85716 0.0482443 -0.10253 -0.204697 -0.821794 -0.109532 -1.14178 0.0463441 0.59528 -0.0711574 -0.000117149 -0.051279 0.0462018
internal_weight=65976 2748 640 2108 2087 63228 10996 9480 9415 1398 1516 52232 1197 546 183 141 651 42 8017 1172 363 226 343 45 298 121 611 51035 14574 7592
internal_count=65976 2748 640 2108 2087 63228 10996 9480 9415 1398 1516 52232 1197 546 183 141 651 42 8017 1172 363 226 343 45 298 121 611 51035 14574 7592
cat_boundaries=0 1
cat_threshold=146
is_linear=0
shrinkage=0.05


Tree=325
num_leaves=31
num_cat=0
split_feature=57 75 63 68 72 37 62 63 61 57 66 1 2 1 0 72 57 37 69 3 73 33 72 2 32 3 58 75 4 75
split_gain=11228 28569.9 25082.5 24689.9 26603.4 25294.5 21373.3 22034.4 20671.6 36823 29281.8 28774.6 46997.5 22154.3 41759.2 21870.8 23467.8 33731.5 39210 32885 32188.3 29611.8 27759.4 26078.4 24924.1 42419.9 31098.4 24190.9 23262.8 31995.3
threshold=1524.5447482922852 1458.6668839589518 1350.6800000000001 30.087500000000009 30.583333333333339 32.500000000000007 1154.3737682779204 1478.6900000000003 1228.5954327147103 1116.9170000000001 32.808333333333344 1.5000000000000002 5.5000000000000009 10.500000000000002 2019.5000000000002 34.291666666666679 1232.2350000000004 1.0000000180025095e-35 54.759999999999955 11.500000000000002 1.7000000000000002 99.500000000000014 9.2750000000000039 16.500000000000004 98.500000000000014 8.5000000000000018 1132.1244176462603 1126.7128333333335 3.5000000000000004 1177.9308068702051
decision_type=2 2 2 2 2 2 2 2 2 2 2 2 2 2 2 2 2 2 2 2 2 2 2 2 2 2 2 2 2 2
left_child=2 -2 8 5 -5 -3 7 -4 15 11 -11 12 -10 -13 -15 16 22 -18 20 -20 -19 27 24 -24 -1 -26 -27 -21 29 -25
right_child=1 3 6 4 -6 -7 -8 -9 9 10 -12 13 -14 14 -16 -17 17 18 19 21 -22 -23 23 28 25 26 -28 -29 -30 -31
leaf_value=0.048112201071291751 -0.5389400809173529 -0.068842695475723234 0.36672574133152452 0.039147305748991487 1.8677421262860301 -0.42111671572505066 0.076780619376707049 1.7872587124506634 1.2654152750092393 -0.044124824950100471 1.2494627517732708 -0.58758836538904446 -0.35052519178760233 -1.5730495882756783 0.39637448124281349 0.62384761611206674 0.13666511815934143 -0.34004846116218451 -0.42894308310669471 -1.7719678699970247 -1.1273321070508358 0.62143236329595664 -0.05926899245304304 0.10039358754556676 -0.0035039577712719437 0.6697320792437873 0.11830998151107448 -0.017544136131257351 -0.01920087404069316 0.90979652459621441
leaf_weight=10542 298 2399 158 3627 20 647 7774 33 68 7601 44 728 133 33 146 144 968 638 494 20 163 193 13612 5253 952 656 419 1117 6971 125
leaf_count=10542 298 2399 158 3627 20 647 7774 33 68 7601 44 728 133 33 146 144 968 638 494 20 163 193 13612 5253 952 656 419 1117 6971 125
internal_value=-2.74453e-06 -0.0599168 0.00709837 -0.0385887 0.0491752 -0.143669 0.0896189 0.612158 -0.00578435 -0.0757217 -0.0366797 -0.345105 0.196161 -0.465054 0.0332963 0.00869886 0.00659594 -0.115617 -0.208649 -0.0805908 -0.500257 0.0487972 0.0179925 -0.0115376 0.0789863 0.239556 0.454806 -0.0484047 0.0410756 0.119206
internal_weight=65976 6991 58985 6693 3647 3046 7965 191 51020 8753 7645 1108 201 907 179 42267 42123 3593 2625 1824 801 1330 38530 25961 12569 2027 1075 1137 12349 5378
internal_count=65976 6991 58985 6693 3647 3046 7965 191 51020 8753 7645 1108 201 907 179 42267 42123 3593 2625 1824 801 1330 38530 25961 12569 2027 1075 1137 12349 5378
is_linear=0
shrinkage=0.05


Tree=326
num_leaves=31
num_cat=0
split_feature=57 68 72 28 29 62 63 67 37 72 4 73 63 63 63 0 37 57 28 61 34 74 72 0 71 56 37 4 32 2
split_gain=10958.4 20652.9 25219.2 20393.6 27997.7 21724.3 24288.2 20278.1 37963.4 35855.1 41275.2 32609.4 24550.5 26639.3 24346.2 23743.9 25130 24705.6 22484.5 21544.6 19608.2 19635.9 28172.3 19166.4 31426.6 25462.7 24650.3 25656.8 23565.3 22221.4
threshold=1684.5335746687654 30.537500000000009 27.775000000000006 1.0000000180025095e-35 1.0000000180025095e-35 1260.6324579930304 1336.9325000000001 25.587500000000006 3.5000000000000004 23.791666666666671 5.5000000000000009 -1.5499999999999998 1336.9325000000001 1246.0035000000003 1570.4057478709904 2024.5000000000002 26.500000000000004 980.62958958715956 27.500000000000004 1494.0147258709901 49.500000000000007 -2.1333333333333355 19.225000000000005 2023.5000000000002 29.441666666666674 1333.0138626135804 32.500000000000007 1.5000000000000002 18.500000000000004 29.500000000000004
decision_type=2 2 2 2 2 2 2 2 2 2 2 2 2 2 2 2 2 2 2 2 2 2 2 2 2 2 2 2 2 2
left_child=7 20 3 5 -5 6 -3 23 9 10 -9 -10 13 -12 15 17 -17 -13 -16 -11 21 -2 -23 25 -25 -1 29 28 -28 -27
right_child=1 2 -4 4 -6 -7 -8 8 11 19 12 14 -14 -15 18 16 -18 -19 -20 -21 -22 22 -24 24 -26 26 27 -29 -30 -31
leaf_value=-0.0043658080636362505 -0.034327841948761775 -0.28980316701142689 0.9134071766424019 -0.45154339665652671 0.046292478228219275 0.073742456540577692 1.7315206776949623 -0.3237669246746937 0.74731705826577832 0.013398297269523671 0.2992195274503458 1.0755796886980533 -0.11602096279320713 1.5584555625915528 0.75498541189145119 1.7513906890299262 -0.34336333708329636 -0.015487423897411371 0.10546956139141346 0.7159602665223217 -0.93114298954606056 -2.2388793809073313 -0.36324251779031647 0.044417911802997284 0.70315152219213228 -0.013563898307187567 -0.41091688352246436 -0.24352370698863918 -2.4741567271351816 -0.60071946885217642
leaf_weight=41619 763 23 74 503 644 1028 42 1115 288 226 168 54 237 56 298 41 22 1324 241 211 96 21 429 11323 184 3092 31 1628 25 170
leaf_count=41619 763 23 74 503 644 1028 42 1115 288 226 168 54 237 56 298 41 22 1324 241 211 96 21 429 11323 184 3092 31 1628 25 170
internal_value=-2.60739e-06 -0.0845392 0.00524797 -0.0247537 -0.172026 0.129795 1.01628 0.00490936 0.109928 -0.0481168 -0.159235 0.250203 0.23871 0.614029 0.177895 0.0706655 1.01989 0.0272685 0.464571 0.352622 -0.243262 -0.188821 -0.450772 -0.00283248 0.0549512 -0.0171118 -0.124365 -0.27972 -1.33201 -0.0441637
internal_weight=65976 3623 2314 2240 1147 1093 65 62353 4281 2013 1576 2268 461 224 1980 1441 63 1378 539 437 1309 1213 450 58072 11507 46565 4946 1684 56 3262
internal_count=65976 3623 2314 2240 1147 1093 65 62353 4281 2013 1576 2268 461 224 1980 1441 63 1378 539 437 1309 1213 450 58072 11507 46565 4946 1684 56 3262
is_linear=0
shrinkage=0.05


Tree=327
num_leaves=31
num_cat=1
split_feature=61 75 62 57 72 56 67 72 61 57 75 60 63 3 13 58 4 3 3 0 75 34 4 4 7 65 2 1 0 2
split_gain=10955 34373.3 22211.3 48054.3 27892.8 22729.1 21798 22605.8 21353.6 32579.8 35180 34271.4 28905.7 28313.9 55053 41607 35519.2 68033 207532 237947 50275.5 45351.8 37188.5 48623.5 27303.3 44645.2 64723 28786.5 45396 41167.5
threshold=825.58173095103655 853.44050000000004 900.65825138932814 912.28400796193557 24.425000000000001 828.1974199383709 13.562500000000002 12.508333333333336 966.18950509027707 832.47550000000012 897.61266666666677 1084.8557466462601 828.45151540001905 7.5000000000000009 0 996.96900000000016 1.5000000000000002 1.5000000000000002 1.0000000180025095e-35 2022.5000000000002 1451.9410561069235 7.5000000000000009 2.5000000000000004 4.5000000000000009 1.0000000180025095e-35 1.0000000180025095e-35 10.500000000000002 5.5000000000000009 2021.5000000000002 19.500000000000004
decision_type=2 2 2 2 2 2 2 2 2 2 2 2 2 2 9 2 2 2 2 2 2 2 2 2 2 2 2 2 2 2
left_child=2 -2 3 5 -5 6 7 -1 9 10 11 -3 -11 14 15 -10 17 18 -17 -20 21 -19 -18 -24 -15 27 -27 28 29 -26
right_child=1 8 -4 4 -6 -7 -8 -9 13 12 -12 -13 -14 24 -16 16 22 20 19 -21 -22 -23 23 -25 25 26 -28 -29 -30 -31
leaf_value=0.12336639202880494 -0.15950983035031208 0.12483360200577998 0.37701867121437238 -0.57814739547423055 0.45762778533328519 0.20224919312554179 0.30198715452231883 -0.11573962249304758 -0.39005608670795 -0.18344513345336178 1.4990483521042686 2.1381449621656667 0.097300959735848694 0.017392086739988707 0.65361828860335158 -1.1156079363822937 0.32499071677130731 -0.54041187154109949 -1.2491407039761544 3.0792439943072445 -3.462506513595581 -2.429354499719155 -0.28084854667224385 0.05863192361192452 -0.74430485791633227 0.73901608856716039 -2.1084053693339229 0.57905955408828269 0.015402959082592101 -0.094778241652788392
leaf_weight=1537 3499 261 501 449 76 2170 557 2770 1245 1073 76 23 6300 36787 223 170 649 194 50 87 20 38 1789 2570 481 29 64 145 1648 495
leaf_count=1537 3499 261 501 449 76 2170 557 2770 1245 1073 76 23 6300 36787 223 170 649 194 50 87 20 38 1789 2570 481 29 64 145 1648 495
internal_value=-2.47704e-06 -0.00760315 0.054613 0.0332444 -0.428207 0.067686 0.0076526 -0.030412 0.00216441 0.0791214 0.543574 0.287883 0.0564437 -0.0105832 -0.103025 -0.128566 -0.0703174 -0.448339 0.0514132 1.49954 -1.05716 -0.849808 -0.028122 -0.080696 0.00581901 -0.142937 -1.2205 -0.106745 -0.144642 -0.414883
internal_weight=65976 57916 8060 7559 525 7034 4864 4307 54417 7733 360 284 7373 46684 7035 6812 5567 559 307 137 252 232 5008 4359 39649 2862 93 2769 2624 976
internal_count=65976 57916 8060 7559 525 7034 4864 4307 54417 7733 360 284 7373 46684 7035 6812 5567 559 307 137 252 232 5008 4359 39649 2862 93 2769 2624 976
cat_boundaries=0 1
cat_threshold=3
is_linear=0
shrinkage=0.05


end of trees

feature_importances:
Haftanın_Günü=990
ADM_Dağıtılan_Enerji_(MWh)_Lag24h=802
ADM_Dağıtılan_Enerji_(MWh)_Lag168h=582
Ay=577
Gün=541
Saat=538
Temp_Lag12h=535
Temp_Diff_24h=455
Mean_Last_3_Days_Same_Hour=446
Yıl=402
Hissedilen_Sıcaklık_Mean_AYD=317
ÖzelGün_Adı=309
Temp_Lag6h=285
ADM_Dağıtılan_Enerji_(MWh)_Lag336h=255
Temp_Squared_18=248
ADM_Dağıtılan_Enerji_(MWh)_Lag504h=227
ADM_Dağıtılan_Enerji_(MWh)_Lag27h=170
Hissedilen_Sıcaklık_Mean_MUGLA=165
Temp_Lag3h=130
Rolling_Mean_3h_Lag24h=121
Hissedilen_Sıcaklık_Mean_DNZ=117
Temp_Diff_3h=109
Bulutluluk-DNZ_IsikliCivril_OpenMeteo_pct=94
ADM_Dağıtılan_Enerji_(MWh)_Lag26h=85
Kurban_Bayram=83
Bulutluluk-MUGLA_BodrumCenter_OpenMeteo_pct=78
ADM_Dağıtılan_Enerji_(MWh)_Lag25h=77
Bulutluluk-DNZ_Honaz_OpenMeteo_pct=56
Bulutluluk-AYD_BuyukMenderes_OpenMeteo_pct=54
Is_Ramadan=53
Is_Summer_Break=50
Bulutluluk-MUGLA_DalamanPlain_OpenMeteo_pct=49
Bulutluluk-DNZ_OSB_OpenMeteo_pct=46
Yağış-MUGLA_MenteseCenter_OpenMeteo_mm=45
DNZ_IsikliCivril_Dark_Fraction_Pct=42
Bulutluluk-MUGLA_SandrasHighAlt_OpenMeteo_pct=39
Bulutluluk-AYD_OSB_OpenMeteo_pct=38
Is_lockdown=36
Yağış-MUGLA_BodrumCenter_OpenMeteo_mm=35
Is_Semester=34
Ramazan_Bayram=33
Yağış-AYD_BozdoganMadran_OpenMeteo_mm=28
Bulutluluk-MUGLA_MenteseCenter_OpenMeteo_pct=28
Bulutluluk-MUGLA_MilasIndustrial_OpenMeteo_pct=28
Yağış-MUGLA_MilasIndustrial_OpenMeteo_mm=25
Yağış-DNZ_OSB_OpenMeteo_mm=25
Yağış-AYD_Merkez_OpenMeteo_mm=25
Bulutluluk-AYD_Merkez_OpenMeteo_pct=25
MUGLA_SandrasHighAlt_Dark_Fraction_Pct=24
Bulutluluk-AYD_BozdoganMadran_OpenMeteo_pct=22
MUGLA_MilasIndustrial_Dark_Fraction_Pct=22
Yilbasi=21
DNZ_Honaz_Dark_Fraction_Pct=21
Yağış-MUGLA_YataganIndustrial_OpenMeteo_mm=20
Yağış-DNZ_Honaz_OpenMeteo_mm=20
Yağış-MUGLA_SandrasHighAlt_OpenMeteo_mm=16
Yağış-AYD_BuyukMenderes_OpenMeteo_mm=16
Bulutluluk-MUGLA_YataganIndustrial_OpenMeteo_pct=16
MUGLA_MenteseCenter_Dark_Fraction_Pct=15
AYD_BuyukMenderes_Dark_Fraction_Pct=14
MUGLA_BodrumCenter_Dark_Fraction_Pct=12
Is_Sahur=10
Yağış-MUGLA_DalamanPlain_OpenMeteo_mm=10
Yağış-DNZ_IsikliCivril_OpenMeteo_mm=9
Yağış-AYD_OSB_OpenMeteo_mm=8
DNZ_Merkez_Dark_Fraction_Pct=7
AYD_Merkez_Dark_Fraction_Pct=7
AYD_BozdoganMadran_Dark_Fraction_Pct=6
MUGLA_YataganIndustrial_Dark_Fraction_Pct=4
MUGLA_DalamanPlain_Dark_Fraction_Pct=3
AYD_OSB_Dark_Fraction_Pct=3
Secim_Gunu=1
DNZ_OSB_Dark_Fraction_Pct=1

parameters:
[boosting: gbdt]
[objective: regression]
[metric: l1,l2]
[tree_learner: serial]
[device_type: cpu]
[data_sample_strategy: bagging]
[data: ]
[valid: ]
[num_iterations: 1000]
[learning_rate: 0.05]
[num_leaves: 31]
[num_threads: 8]
[seed: 42]
[deterministic: 0]
[force_col_wise: 0]
[force_row_wise: 0]
[histogram_pool_size: -1]
[max_depth: -1]
[min_data_in_leaf: 20]
[min_sum_hessian_in_leaf: 0.001]
[bagging_fraction: 1]
[pos_bagging_fraction: 1]
[neg_bagging_fraction: 1]
[bagging_freq: 0]
[bagging_seed: 400]
[bagging_by_query: 0]
[feature_fraction: 1]
[feature_fraction_bynode: 1]
[feature_fraction_seed: 30056]
[extra_trees: 0]
[extra_seed: 12879]
[early_stopping_round: 0]
[early_stopping_min_delta: 0]
[first_metric_only: 0]
[max_delta_step: 0]
[lambda_l1: 0]
[lambda_l2: 0]
[linear_lambda: 0]
[min_gain_to_split: 0]
[drop_rate: 0.1]
[max_drop: 50]
[skip_drop: 0.5]
[xgboost_dart_mode: 0]
[uniform_drop: 0]
[drop_seed: 17869]
[top_rate: 0.2]
[other_rate: 0.1]
[min_data_per_group: 100]
[max_cat_threshold: 32]
[cat_l2: 10]
[cat_smooth: 10]
[max_cat_to_onehot: 4]
[top_k: 20]
[monotone_constraints: ]
[monotone_constraints_method: basic]
[monotone_penalty: 0]
[feature_contri: ]
[forcedsplits_filename: ]
[refit_decay_rate: 0.9]
[cegb_tradeoff: 1]
[cegb_penalty_split: 0]
[cegb_penalty_feature_lazy: ]
[cegb_penalty_feature_coupled: ]
[path_smooth: 0]
[interaction_constraints: ]
[verbosity: 1]
[saved_feature_importance_type: 0]
[use_quantized_grad: 0]
[num_grad_quant_bins: 4]
[quant_train_renew_leaf: 0]
[stochastic_rounding: 1]
[linear_tree: 0]
[max_bin: 255]
[max_bin_by_feature: ]
[min_data_in_bin: 3]
[bin_construct_sample_cnt: 200000]
[data_random_seed: 175]
[is_enable_sparse: 1]
[enable_bundle: 1]
[use_missing: 1]
[zero_as_missing: 0]
[feature_pre_filter: 1]
[pre_partition: 0]
[two_round: 0]
[header: 0]
[label_column: ]
[weight_column: ]
[group_column: ]
[ignore_column: ]
[categorical_feature: 13]
[forcedbins_filename: ]
[precise_float_parser: 0]
[parser_config_file: ]
[objective_seed: 16083]
[num_class: 1]
[is_unbalance: 0]
[scale_pos_weight: 1]
[sigmoid: 1]
[boost_from_average: 1]
[reg_sqrt: 0]
[alpha: 0.9]
[fair_c: 1]
[poisson_max_delta_step: 0.7]
[tweedie_variance_power: 1.5]
[lambdarank_truncation_level: 30]
[lambdarank_norm: 1]
[label_gain: ]
[lambdarank_position_bias_regularization: 0]
[eval_at: ]
[multi_error_top_k: 1]
[auc_mu_weights: ]
[num_machines: 1]
[local_listen_port: 12400]
[time_out: 120]
[machine_list_filename: ]
[machines: ]
[gpu_platform_id: -1]
[gpu_device_id: -1]
[gpu_use_dp: 0]
[num_gpu: 1]

end of parameters

pandas_categorical:[["De\u011fil", "Kurban_bayram\u0131", "Kurban_bayram\u0131_arife", "Milli Bayram", "Ramazan_bayram\u0131", "Ramazan_bayram\u0131_arife", "Se\u00e7im G\u00fcn\u00fc", "Y\u0131lba\u015f\u0131"]]
